
PLAY [verify] ******************************************************************

TASK [Gathering Facts] *********************************************************
ok: [localhost]

TASK [/stigforge/roles/ol9_stig : StigForge apply ol9_stig profile stig] *******
included: /stigforge/roles/ol9_stig/tasks/stig.yml for localhost

TASK [/stigforge/roles/ol9_stig : Gather the package facts] ********************
ok: [localhost]

TASK [/stigforge/roles/ol9_stig : Ensure aide is installed] ********************
skipping: [localhost]

TASK [/stigforge/roles/ol9_stig : Ensure aide is installed] ********************
skipping: [localhost] => (item=aide) 
skipping: [localhost]

TASK [/stigforge/roles/ol9_stig : Ensure AIDE is installed] ********************
skipping: [localhost]

TASK [/stigforge/roles/ol9_stig : Install cron] ********************************
skipping: [localhost]

TASK [/stigforge/roles/ol9_stig : Ensure AIDE is installed] ********************
skipping: [localhost] => (item=aide) 
skipping: [localhost]

TASK [/stigforge/roles/ol9_stig : Configure AIDE to Use FIPS 140-2 for Validating Hashes - Ensure aide is installed] ***
skipping: [localhost]

TASK [/stigforge/roles/ol9_stig : Ensure crypto-policies is installed] *********
ok: [localhost]

TASK [/stigforge/roles/ol9_stig : Ensure sudo is installed] ********************
skipping: [localhost]

TASK [/stigforge/roles/ol9_stig : Ensure gnutls-utils is installed] ************
changed: [localhost]

TASK [/stigforge/roles/ol9_stig : Ensure nss-tools is installed] ***************
changed: [localhost]

TASK [/stigforge/roles/ol9_stig : Ensure rng-tools is installed] ***************
skipping: [localhost]

TASK [/stigforge/roles/ol9_stig : Uninstall gssproxy Package: Ensure gssproxy is removed] ***
ok: [localhost]

TASK [/stigforge/roles/ol9_stig : Uninstall iprutils Package: Ensure iprutils is removed] ***
ok: [localhost]

TASK [/stigforge/roles/ol9_stig : Uninstall tuned Package: Ensure tuned is removed] ***
ok: [localhost]

TASK [/stigforge/roles/ol9_stig : Security patches are up to date] *************
ok: [localhost]

TASK [/stigforge/roles/ol9_stig : Lock Accounts Must Persist - Ensure necessary SELinux packages are installed] ***
changed: [localhost] => (item=python3-libselinux)
changed: [localhost] => (item=python3-policycoreutils)
changed: [localhost] => (item=policycoreutils-python-utils)

TASK [/stigforge/roles/ol9_stig : Ensure rsyslog-gnutls is installed] **********
skipping: [localhost]

TASK [/stigforge/roles/ol9_stig : Ensure rsyslog is installed] *****************
skipping: [localhost]

TASK [/stigforge/roles/ol9_stig : Ensure libreswan is installed] ***************
changed: [localhost]

TASK [/stigforge/roles/ol9_stig : Ensure NetworkManager is installed] **********
skipping: [localhost] => (item=NetworkManager) 
skipping: [localhost]

TASK [/stigforge/roles/ol9_stig : Ensure policycoreutils-python-utils is installed] ***
skipping: [localhost]

TASK [/stigforge/roles/ol9_stig : Ensure policycoreutils is installed] *********
skipping: [localhost]

TASK [/stigforge/roles/ol9_stig : Ensure fapolicyd is installed] ***************
skipping: [localhost]

TASK [/stigforge/roles/ol9_stig : Uninstall vsftpd Package: Ensure vsftpd is removed] ***
ok: [localhost]

TASK [/stigforge/roles/ol9_stig : Ensure s-nail is installed] ******************
skipping: [localhost]

TASK [/stigforge/roles/ol9_stig : Uninstall Sendmail Package: Ensure sendmail is removed] ***
skipping: [localhost]

TASK [/stigforge/roles/ol9_stig : Uninstall nfs-utils Package: Ensure nfs-utils is removed] ***
ok: [localhost]

TASK [/stigforge/roles/ol9_stig : Ensure chrony is installed] ******************
skipping: [localhost]

TASK [/stigforge/roles/ol9_stig : Uninstall rsh-server Package: Ensure rsh-server is removed] ***
ok: [localhost]

TASK [/stigforge/roles/ol9_stig : Uninstall telnet-server Package: Ensure telnet-server is removed] ***
ok: [localhost]

TASK [/stigforge/roles/ol9_stig : Uninstall tftp-server Package: Ensure tftp-server is removed] ***
ok: [localhost]

TASK [/stigforge/roles/ol9_stig : Uninstall quagga Package: Ensure quagga is removed] ***
ok: [localhost]

TASK [/stigforge/roles/ol9_stig : Ensure openssh-clients is installed] *********
skipping: [localhost]

TASK [/stigforge/roles/ol9_stig : Ensure openssh-server is installed] **********
skipping: [localhost]

TASK [/stigforge/roles/ol9_stig : Ensure sssd is installed] ********************
skipping: [localhost]

TASK [/stigforge/roles/ol9_stig : Ensure usbguard is installed] ****************
skipping: [localhost]

TASK [/stigforge/roles/ol9_stig : Disable graphical user interface - Ensure xorg-x11-server-Xorg is removed] ***
ok: [localhost]

TASK [/stigforge/roles/ol9_stig : Disable graphical user interface - Ensure xorg-x11-server-common is removed] ***
ok: [localhost]

TASK [/stigforge/roles/ol9_stig : Disable graphical user interface - Ensure xorg-x11-server-utils is removed] ***
ok: [localhost]

TASK [/stigforge/roles/ol9_stig : Disable graphical user interface - Ensure xorg-x11-server-Xwayland is removed] ***
ok: [localhost]

TASK [/stigforge/roles/ol9_stig : Ensure audispd-plugins is installed] *********
skipping: [localhost]

TASK [/stigforge/roles/ol9_stig : Ensure audit is installed] *******************
skipping: [localhost]

TASK [/stigforge/roles/ol9_stig : Gather the package facts] ********************
ok: [localhost]

TASK [/stigforge/roles/ol9_stig : Disable debug-shell SystemD Service - Collect systemd Services Present in the System] ***
skipping: [localhost]

TASK [/stigforge/roles/ol9_stig : Disable debug-shell SystemD Service - Ensure debug-shell.service is Masked] ***
skipping: [localhost]

TASK [/stigforge/roles/ol9_stig : Unit Socket Exists - debug-shell.socket] *****
skipping: [localhost]

TASK [/stigforge/roles/ol9_stig : Disable debug-shell SystemD Service - Disable Socket debug-shell] ***
skipping: [localhost]

TASK [/stigforge/roles/ol9_stig : Enable rsyslog Service - Enable Service rsyslog] ***
skipping: [localhost]

TASK [/stigforge/roles/ol9_stig : Enable systemd-journald Service - Enable Service systemd-journald] ***
skipping: [localhost]

TASK [/stigforge/roles/ol9_stig : Disable the Automounter - Collect systemd Services Present in the System] ***
skipping: [localhost]

TASK [/stigforge/roles/ol9_stig : Disable the Automounter - Ensure autofs.service is Masked] ***
skipping: [localhost]

TASK [/stigforge/roles/ol9_stig : Unit Socket Exists - autofs.socket] **********
skipping: [localhost]

TASK [/stigforge/roles/ol9_stig : Disable the Automounter - Disable Socket autofs] ***
skipping: [localhost]

TASK [/stigforge/roles/ol9_stig : Disable KDump Kernel Crash Analyzer (kdump) - Collect systemd Services Present in the System] ***
skipping: [localhost]

TASK [/stigforge/roles/ol9_stig : Disable KDump Kernel Crash Analyzer (kdump) - Ensure kdump.service is Masked] ***
skipping: [localhost]

TASK [/stigforge/roles/ol9_stig : Unit Socket Exists - kdump.socket] ***********
skipping: [localhost]

TASK [/stigforge/roles/ol9_stig : Disable KDump Kernel Crash Analyzer (kdump) - Disable Socket kdump] ***
skipping: [localhost]

TASK [/stigforge/roles/ol9_stig : Enable the File Access Policy Service - Enable Service fapolicyd] ***
skipping: [localhost]

TASK [/stigforge/roles/ol9_stig : The Chronyd service is enabled - Enable Service chronyd] ***
skipping: [localhost]

TASK [/stigforge/roles/ol9_stig : Enable the OpenSSH Service - Enable Service sshd] ***
skipping: [localhost]

TASK [/stigforge/roles/ol9_stig : Enable the SSSD Service - Enable Service sssd] ***
skipping: [localhost]

TASK [/stigforge/roles/ol9_stig : Enable the USBGuard Service - Enable Service usbguard] ***
skipping: [localhost]

TASK [/stigforge/roles/ol9_stig : Enable auditd Service - Enable Service auditd] ***
skipping: [localhost]

TASK [/stigforge/roles/ol9_stig : Gather the service facts] ********************
skipping: [localhost]

TASK [/stigforge/roles/ol9_stig : Verify crypto-policies with RPM - Read files with incorrect hash] ***
ok: [localhost]

TASK [/stigforge/roles/ol9_stig : Verify crypto-policies with RPM - Reinstall packages of files with incorrect hash] ***
changed: [localhost]

TASK [/stigforge/roles/ol9_stig : Set fact: Package manager reinstall command] ***
ok: [localhost]

TASK [/stigforge/roles/ol9_stig : Set fact: Package manager reinstall command (zypper)] ***
skipping: [localhost]

TASK [/stigforge/roles/ol9_stig : Read files with incorrect hash] **************
ok: [localhost]

TASK [/stigforge/roles/ol9_stig : Create list of packages] *********************
skipping: [localhost]

TASK [/stigforge/roles/ol9_stig : Reinstall packages of files with incorrect hash] ***
skipping: [localhost]

TASK [/stigforge/roles/ol9_stig : Set audit_tools fact] ************************
skipping: [localhost]

TASK [/stigforge/roles/ol9_stig : Ensure existing AIDE configuration for audit tools are correct] ***
skipping: [localhost]

TASK [/stigforge/roles/ol9_stig : Configure AIDE to properly protect audit tools] ***
skipping: [localhost]

TASK [/stigforge/roles/ol9_stig : Configure Periodic Execution of AIDE] ********
skipping: [localhost]

TASK [/stigforge/roles/ol9_stig : Configure Notification of Post-AIDE Scan Details] ***
skipping: [localhost]

TASK [/stigforge/roles/ol9_stig : Configure AIDE to Use FIPS 140-2 for Validating Hashes - Set-fact aide config file and forbidden hashes] ***
skipping: [localhost]

TASK [/stigforge/roles/ol9_stig : Configure AIDE to Use FIPS 140-2 for Validating Hashes - Remove forbidden hashes] ***
skipping: [localhost]

TASK [/stigforge/roles/ol9_stig : Configure AIDE to Use FIPS 140-2 for Validating Hashes - Set sha512] ***
skipping: [localhost]

TASK [/stigforge/roles/ol9_stig : Get rules groups] ****************************
skipping: [localhost]

TASK [/stigforge/roles/ol9_stig : Ensure the acl rule is present when aide is installed.] ***
skipping: [localhost]

TASK [/stigforge/roles/ol9_stig : Get rules groups] ****************************
skipping: [localhost]

TASK [/stigforge/roles/ol9_stig : Ensure the xattrs rule is present when aide is installed.] ***
skipping: [localhost]

TASK [/stigforge/roles/ol9_stig : Set the file_audit_tools_group_ownership_newgroup variable if represented by gid] ***
skipping: [localhost]

TASK [/stigforge/roles/ol9_stig : Test for existence /sbin/auditctl] ***********
skipping: [localhost]

TASK [/stigforge/roles/ol9_stig : Ensure group owner on /sbin/auditctl] ********
skipping: [localhost]

TASK [/stigforge/roles/ol9_stig : Test for existence /sbin/aureport] ***********
skipping: [localhost]

TASK [/stigforge/roles/ol9_stig : Ensure group owner on /sbin/aureport] ********
skipping: [localhost]

TASK [/stigforge/roles/ol9_stig : Test for existence /sbin/ausearch] ***********
skipping: [localhost]

TASK [/stigforge/roles/ol9_stig : Ensure group owner on /sbin/ausearch] ********
skipping: [localhost]

TASK [/stigforge/roles/ol9_stig : Test for existence /sbin/autrace] ************
skipping: [localhost]

TASK [/stigforge/roles/ol9_stig : Ensure group owner on /sbin/autrace] *********
skipping: [localhost]

TASK [/stigforge/roles/ol9_stig : Test for existence /sbin/auditd] *************
skipping: [localhost]

TASK [/stigforge/roles/ol9_stig : Ensure group owner on /sbin/auditd] **********
skipping: [localhost]

TASK [/stigforge/roles/ol9_stig : Test for existence /sbin/rsyslogd] ***********
skipping: [localhost]

TASK [/stigforge/roles/ol9_stig : Ensure group owner on /sbin/rsyslogd] ********
skipping: [localhost]

TASK [/stigforge/roles/ol9_stig : Test for existence /sbin/augenrules] *********
skipping: [localhost]

TASK [/stigforge/roles/ol9_stig : Ensure group owner on /sbin/augenrules] ******
skipping: [localhost]

TASK [/stigforge/roles/ol9_stig : Set the file_audit_tools_ownership_newown variable if represented by uid] ***
skipping: [localhost]

TASK [/stigforge/roles/ol9_stig : Test for existence /sbin/auditctl] ***********
skipping: [localhost]

TASK [/stigforge/roles/ol9_stig : Ensure owner on /sbin/auditctl] **************
skipping: [localhost]

TASK [/stigforge/roles/ol9_stig : Test for existence /sbin/aureport] ***********
skipping: [localhost]

TASK [/stigforge/roles/ol9_stig : Ensure owner on /sbin/aureport] **************
skipping: [localhost]

TASK [/stigforge/roles/ol9_stig : Test for existence /sbin/ausearch] ***********
skipping: [localhost]

TASK [/stigforge/roles/ol9_stig : Ensure owner on /sbin/ausearch] **************
skipping: [localhost]

TASK [/stigforge/roles/ol9_stig : Test for existence /sbin/autrace] ************
skipping: [localhost]

TASK [/stigforge/roles/ol9_stig : Ensure owner on /sbin/autrace] ***************
skipping: [localhost]

TASK [/stigforge/roles/ol9_stig : Test for existence /sbin/auditd] *************
skipping: [localhost]

TASK [/stigforge/roles/ol9_stig : Ensure owner on /sbin/auditd] ****************
skipping: [localhost]

TASK [/stigforge/roles/ol9_stig : Test for existence /sbin/rsyslogd] ***********
skipping: [localhost]

TASK [/stigforge/roles/ol9_stig : Ensure owner on /sbin/rsyslogd] **************
skipping: [localhost]

TASK [/stigforge/roles/ol9_stig : Test for existence /sbin/augenrules] *********
skipping: [localhost]

TASK [/stigforge/roles/ol9_stig : Ensure owner on /sbin/augenrules] ************
skipping: [localhost]

TASK [/stigforge/roles/ol9_stig : Test for existence /sbin/auditctl] ***********
skipping: [localhost]

TASK [/stigforge/roles/ol9_stig : Ensure permission u-s,g-ws,o-wt on /sbin/auditctl] ***
skipping: [localhost]

TASK [/stigforge/roles/ol9_stig : Test for existence /sbin/aureport] ***********
skipping: [localhost]

TASK [/stigforge/roles/ol9_stig : Ensure permission u-s,g-ws,o-wt on /sbin/aureport] ***
skipping: [localhost]

TASK [/stigforge/roles/ol9_stig : Test for existence /sbin/ausearch] ***********
skipping: [localhost]

TASK [/stigforge/roles/ol9_stig : Ensure permission u-s,g-ws,o-wt on /sbin/ausearch] ***
skipping: [localhost]

TASK [/stigforge/roles/ol9_stig : Test for existence /sbin/autrace] ************
skipping: [localhost]

TASK [/stigforge/roles/ol9_stig : Ensure permission u-s,g-ws,o-wt on /sbin/autrace] ***
skipping: [localhost]

TASK [/stigforge/roles/ol9_stig : Test for existence /sbin/auditd] *************
skipping: [localhost]

TASK [/stigforge/roles/ol9_stig : Ensure permission u-s,g-ws,o-wt on /sbin/auditd] ***
skipping: [localhost]

TASK [/stigforge/roles/ol9_stig : Test for existence /sbin/rsyslogd] ***********
skipping: [localhost]

TASK [/stigforge/roles/ol9_stig : Ensure permission u-s,g-ws,o-wt on /sbin/rsyslogd] ***
skipping: [localhost]

TASK [/stigforge/roles/ol9_stig : Test for existence /sbin/augenrules] *********
skipping: [localhost]

TASK [/stigforge/roles/ol9_stig : Ensure permission u-s,g-ws,o-wt on /sbin/augenrules] ***
skipping: [localhost]

TASK [/stigforge/roles/ol9_stig : Check to see the current status of FIPS mode] ***
skipping: [localhost]

TASK [/stigforge/roles/ol9_stig : Enable FIPS mode] ****************************
skipping: [localhost]

TASK [/stigforge/roles/ol9_stig : Enable Dracut FIPS Module] *******************
skipping: [localhost]

TASK [/stigforge/roles/ol9_stig : Configure BIND to use System Crypto Policy - Check BIND configuration file exists] ***
skipping: [localhost]

TASK [/stigforge/roles/ol9_stig : Configure BIND to use System Crypto Policy - Aborting remediation, file not found] ***
skipping: [localhost]

TASK [/stigforge/roles/ol9_stig : Configure BIND to use System Crypto Policy - Insert crypto-policy into BIND config] ***
skipping: [localhost]

TASK [/stigforge/roles/ol9_stig : Configure System Cryptography Policy] ********
changed: [localhost]

TASK [/stigforge/roles/ol9_stig : Verify that Crypto Policy is Set (runtime)] ***
changed: [localhost]

TASK [/stigforge/roles/ol9_stig : Configure Kerberos to use System Crypto Policy] ***
ok: [localhost]

TASK [/stigforge/roles/ol9_stig : Configure Libreswan to use System Crypto Policy] ***
ok: [localhost]

TASK [/stigforge/roles/ol9_stig : Check for duplicate values] ******************
ok: [localhost]

TASK [/stigforge/roles/ol9_stig : Deduplicate values from /etc/crypto-policies/back-ends/openssh.config] ***
skipping: [localhost]

TASK [/stigforge/roles/ol9_stig : Insert correct line to /etc/crypto-policies/back-ends/openssh.config] ***
ok: [localhost]

TASK [/stigforge/roles/ol9_stig : Check for duplicate values] ******************
ok: [localhost]

TASK [/stigforge/roles/ol9_stig : Deduplicate values from /etc/crypto-policies/back-ends/openssh.config] ***
skipping: [localhost]

TASK [/stigforge/roles/ol9_stig : Insert correct line to /etc/crypto-policies/back-ends/openssh.config] ***
ok: [localhost]

TASK [/stigforge/roles/ol9_stig : Run dconf update] ****************************
skipping: [localhost]

TASK [/stigforge/roles/ol9_stig : Disable the GNOME3 Login Restart and Shutdown Buttons] ***
skipping: [localhost]

TASK [/stigforge/roles/ol9_stig : Prevent user modification of GNOME disablement of Login Restart and Shutdown Buttons] ***
skipping: [localhost]

TASK [/stigforge/roles/ol9_stig : Dconf Update] ********************************
skipping: [localhost]

TASK [/stigforge/roles/ol9_stig : Disable the GNOME3 Login User List] **********
skipping: [localhost]

TASK [/stigforge/roles/ol9_stig : Prevent user modification of GNOME3 disablement of Login User List] ***
skipping: [localhost]

TASK [/stigforge/roles/ol9_stig : Dconf Update] ********************************
skipping: [localhost]

TASK [/stigforge/roles/ol9_stig : Detect if removal-action can be found on /etc/dconf/db/local.d/] ***
skipping: [localhost]

TASK [/stigforge/roles/ol9_stig : Configure removal-action - default file] *****
skipping: [localhost]

TASK [/stigforge/roles/ol9_stig : Configure removal-action - existing files] ***
skipping: [localhost]

TASK [/stigforge/roles/ol9_stig : Detect if lock for removal-action can be found on /etc/dconf/db/local.d/] ***
skipping: [localhost]

TASK [/stigforge/roles/ol9_stig : Prevent user modification removal-action - default file] ***
skipping: [localhost]

TASK [/stigforge/roles/ol9_stig : Prevent user modification removal-action - existing files] ***
skipping: [localhost]

TASK [/stigforge/roles/ol9_stig : Dconf Update - removal-action] ***************
skipping: [localhost]

TASK [/stigforge/roles/ol9_stig : Disable GDM Automatic Login] *****************
skipping: [localhost]

TASK [/stigforge/roles/ol9_stig : Disable GNOME3 Automounting - automount-open] ***
skipping: [localhost]

TASK [/stigforge/roles/ol9_stig : Prevent user modification of GNOME3 Automounting - automount-open] ***
skipping: [localhost]

TASK [/stigforge/roles/ol9_stig : Dconf Update] ********************************
skipping: [localhost]

TASK [/stigforge/roles/ol9_stig : Disable GNOME3 Automounting - autorun-never] ***
skipping: [localhost]

TASK [/stigforge/roles/ol9_stig : Prevent user modification of GNOME3 Automounting - autorun-never] ***
skipping: [localhost]

TASK [/stigforge/roles/ol9_stig : Dconf Update] ********************************
skipping: [localhost]

TASK [/stigforge/roles/ol9_stig : Set GNOME3 Screensaver Lock Delay After Activation Period] ***
skipping: [localhost]

TASK [/stigforge/roles/ol9_stig : Dconf Update] ********************************
skipping: [localhost]

TASK [/stigforge/roles/ol9_stig : Dconf Update] ********************************
skipping: [localhost]

TASK [/stigforge/roles/ol9_stig : Enable GNOME3 Screensaver Lock After Idle Period] ***
skipping: [localhost]

TASK [/stigforge/roles/ol9_stig : Prevent user modification of GNOME lock-enabled] ***
skipping: [localhost]

TASK [/stigforge/roles/ol9_stig : Enable GNOME3 Screensaver Lock After Idle Period] ***
skipping: [localhost]

TASK [/stigforge/roles/ol9_stig : Prevent user modification of GNOME disable-lock-screen] ***
skipping: [localhost]

TASK [/stigforge/roles/ol9_stig : Check GNOME3 screenserver disable-lock-screen false] ***
skipping: [localhost]

TASK [/stigforge/roles/ol9_stig : Update GNOME3 screenserver disable-lock-screen false] ***
skipping: [localhost]

TASK [/stigforge/roles/ol9_stig : Dconf Update] ********************************
skipping: [localhost]

TASK [/stigforge/roles/ol9_stig : Implement Blank Screensaver] *****************
skipping: [localhost]

TASK [/stigforge/roles/ol9_stig : Prevent user modification of GNOME picture-uri] ***
skipping: [localhost]

TASK [/stigforge/roles/ol9_stig : Dconf Update] ********************************
skipping: [localhost]

TASK [/stigforge/roles/ol9_stig : Prevent user modification of GNOME lock-delay] ***
skipping: [localhost]

TASK [/stigforge/roles/ol9_stig : Dconf Update] ********************************
skipping: [localhost]

TASK [/stigforge/roles/ol9_stig : Disable Ctrl-Alt-Del Reboot Key Sequence in GNOME3] ***
skipping: [localhost]

TASK [/stigforge/roles/ol9_stig : Prevent user modification of GNOME disablement of Ctrl-Alt-Del] ***
skipping: [localhost]

TASK [/stigforge/roles/ol9_stig : Dconf Update] ********************************
skipping: [localhost]

TASK [/stigforge/roles/ol9_stig : Find /etc/sudoers.d/ files] ******************
skipping: [localhost]

TASK [/stigforge/roles/ol9_stig : Remove lines containing !authenticate from sudoers files] ***
skipping: [localhost]

TASK [/stigforge/roles/ol9_stig : Find out if /etc/sudoers.d/* files contain Defaults targetpw to be deduplicated] ***
skipping: [localhost]

TASK [/stigforge/roles/ol9_stig : Remove found occurrences of Defaults targetpw from /etc/sudoers.d/* files] ***
skipping: [localhost]

TASK [/stigforge/roles/ol9_stig : Find out if /etc/sudoers.d/* files contain Defaults rootpw to be deduplicated] ***
skipping: [localhost]

TASK [/stigforge/roles/ol9_stig : Remove found occurrences of Defaults rootpw from /etc/sudoers.d/* files] ***
skipping: [localhost]

TASK [/stigforge/roles/ol9_stig : Find out if /etc/sudoers.d/* files contain Defaults runaspw to be deduplicated] ***
skipping: [localhost]

TASK [/stigforge/roles/ol9_stig : Remove found occurrences of Defaults runaspw from /etc/sudoers.d/* files] ***
skipping: [localhost]

TASK [/stigforge/roles/ol9_stig : Remove any ocurrences of Defaults targetpw in /etc/sudoers] ***
skipping: [localhost]

TASK [/stigforge/roles/ol9_stig : Remove any ocurrences of Defaults rootpw in /etc/sudoers] ***
skipping: [localhost]

TASK [/stigforge/roles/ol9_stig : Remove any ocurrences of Defaults runaspw in /etc/sudoers] ***
skipping: [localhost]

TASK [/stigforge/roles/ol9_stig : Check for duplicate values] ******************
skipping: [localhost]

TASK [/stigforge/roles/ol9_stig : Deduplicate values from /etc/sudoers] ********
skipping: [localhost]

TASK [/stigforge/roles/ol9_stig : Insert correct line into /etc/sudoers] *******
skipping: [localhost]

TASK [/stigforge/roles/ol9_stig : Check for duplicate values] ******************
skipping: [localhost]

TASK [/stigforge/roles/ol9_stig : Deduplicate values from /etc/sudoers] ********
skipping: [localhost]

TASK [/stigforge/roles/ol9_stig : Insert correct line into /etc/sudoers] *******
skipping: [localhost]

TASK [/stigforge/roles/ol9_stig : Check for duplicate values] ******************
skipping: [localhost]

TASK [/stigforge/roles/ol9_stig : Deduplicate values from /etc/sudoers] ********
skipping: [localhost]

TASK [/stigforge/roles/ol9_stig : Insert correct line into /etc/sudoers] *******
skipping: [localhost]

TASK [/stigforge/roles/ol9_stig : Ensure yum Removes Previous Package Versions - Ensure YUM Removes Previous Package Versions] ***
changed: [localhost]

TASK [/stigforge/roles/ol9_stig : Ensure GPG check is globally activated] ******
ok: [localhost]

TASK [/stigforge/roles/ol9_stig : Check stats of yum] **************************
ok: [localhost]

TASK [/stigforge/roles/ol9_stig : Check if config file of yum is a symlink] ****
ok: [localhost]

TASK [/stigforge/roles/ol9_stig : Ensure GPG check Enabled for Local Packages (yum)] ***
changed: [localhost]

TASK [/stigforge/roles/ol9_stig : Grep for yum repo section names] *************
ok: [localhost]

TASK [/stigforge/roles/ol9_stig : Set gpgcheck=1 for each yum repo] ************
ok: [localhost] => (item=['/etc/yum.repos.d/uek-ol9.repo', 'ol9_UEKR7'])
ok: [localhost] => (item=['/etc/yum.repos.d/uek-ol9.repo', 'ol9_RDMA'])
ok: [localhost] => (item=['/etc/yum.repos.d/uek-ol9.repo', 'ol9_UEKR8'])
ok: [localhost] => (item=['/etc/yum.repos.d/virt-ol9.repo', 'ol9_kvm_utils'])
ok: [localhost] => (item=['/etc/yum.repos.d/oracle-linux-ol9.repo', 'ol9_baseos_latest'])
ok: [localhost] => (item=['/etc/yum.repos.d/oracle-linux-ol9.repo', 'ol9_appstream'])
ok: [localhost] => (item=['/etc/yum.repos.d/oracle-linux-ol9.repo', 'ol9_u0_baseos_base'])
ok: [localhost] => (item=['/etc/yum.repos.d/oracle-linux-ol9.repo', 'ol9_u1_baseos_base'])
ok: [localhost] => (item=['/etc/yum.repos.d/oracle-linux-ol9.repo', 'ol9_u2_baseos_base'])
ok: [localhost] => (item=['/etc/yum.repos.d/oracle-linux-ol9.repo', 'ol9_u3_baseos_base'])
ok: [localhost] => (item=['/etc/yum.repos.d/oracle-linux-ol9.repo', 'ol9_u4_baseos_base'])
ok: [localhost] => (item=['/etc/yum.repos.d/oracle-linux-ol9.repo', 'ol9_u5_baseos_base'])
ok: [localhost] => (item=['/etc/yum.repos.d/oracle-linux-ol9.repo', 'ol9_u6_baseos_base'])
ok: [localhost] => (item=['/etc/yum.repos.d/oracle-linux-ol9.repo', 'ol9_u7_baseos_base'])
ok: [localhost] => (item=['/etc/yum.repos.d/oracle-linux-ol9.repo', 'ol9_u8_baseos_base'])
ok: [localhost] => (item=['/etc/yum.repos.d/oracle-linux-ol9.repo', 'ol9_addons'])
ok: [localhost] => (item=['/etc/yum.repos.d/oracle-linux-ol9.repo', 'ol9_codeready_builder'])
ok: [localhost] => (item=['/etc/yum.repos.d/oracle-linux-ol9.repo', 'ol9_distro_builder'])
ok: [localhost] => (item=['/etc/yum.repos.d/oracle-linux-ol9.repo', 'ol9_MODRHCK'])
ok: [localhost] => (item=['/etc/yum.repos.d/oracle-linux-ol9.repo', 'ol9_u3_security_validation'])

TASK [/stigforge/roles/ol9_stig : Ensure Oracle Linux GPG Key Installed - Read GPG key directory permission] ***
ok: [localhost]

TASK [/stigforge/roles/ol9_stig : Ensure Oracle Linux GPG Key Installed - Retrieve GPG key fingerprints information] ***
ok: [localhost]

TASK [/stigforge/roles/ol9_stig : Ensure Oracle Linux GPG Key Installed - Set fact for installed fingerprints] ***
ok: [localhost]

TASK [/stigforge/roles/ol9_stig : Ensure Oracle Linux GPG Key Installed - Set fact for valid fingerprints] ***
ok: [localhost]

TASK [/stigforge/roles/ol9_stig : Ensure Oracle Linux GPG Key Installed - Import Oracle GPG key securely] ***
ok: [localhost]

TASK [/stigforge/roles/ol9_stig : Enable authselect - Check Current authselect Profile] ***
ok: [localhost]

TASK [/stigforge/roles/ol9_stig : Enable authselect - Try to Select an authselect Profile] ***
ok: [localhost]

TASK [/stigforge/roles/ol9_stig : Enable authselect - Verify If pam Has Been Altered] ***
ok: [localhost]

TASK [/stigforge/roles/ol9_stig : Enable authselect - Informative Message Based on authselect Integrity Check] ***
fatal: [localhost]: FAILED! => {
    "assertion": "result_authselect_current.rc == 0 or result_altered_authselect is skipped or result_altered_authselect.rc == 0",
    "changed": false,
    "evaluated_to": false,
    "msg": [
        "authselect is not used but files from the 'pam' package have been altered, so the authselect configuration won't be forced."
    ]
}

TASK [/stigforge/roles/ol9_stig : StigForge: continue after error in 'Enable authselect - Informative Message Based on authselect Integrity Check' (OpenSCAP is the score gate)] ***
ok: [localhost] => {
    "msg": "StigForge: 'Enable authselect - Informative Message Based on authselect Integrity Check' raised an error (module or templating) and was skipped; continuing so later rules still run. OpenSCAP evaluates the resulting system state independently."
}

TASK [/stigforge/roles/ol9_stig : Enable authselect - Force authselect Profile Selection] ***
skipping: [localhost]

TASK [/stigforge/roles/ol9_stig : Modify the System Login Banner - Ensure Correct Banner] ***
skipping: [localhost]

TASK [/stigforge/roles/ol9_stig : Enable GNOME3 Login Warning Banner] **********
skipping: [localhost]

TASK [/stigforge/roles/ol9_stig : Prevent user modification of GNOME banner-message-enabled] ***
skipping: [localhost]

TASK [/stigforge/roles/ol9_stig : Dconf Update] ********************************
skipping: [localhost]

TASK [/stigforge/roles/ol9_stig : Set the GNOME3 Login Warning Banner Text] ****
skipping: [localhost] => (item=local.d) 
skipping: [localhost] => (item=local.d/locks) 
skipping: [localhost]

TASK [/stigforge/roles/ol9_stig : Set the GNOME3 Login Warning Banner Text] ****
skipping: [localhost] => (item=00-security-settings) 
skipping: [localhost] => (item=locks/00-security-settings-lock) 
skipping: [localhost]

TASK [/stigforge/roles/ol9_stig : Set the GNOME3 Login Warning Banner Text] ****
skipping: [localhost]

TASK [/stigforge/roles/ol9_stig : Prevent user modification of the GNOME3 Login Warning Banner Text] ***
skipping: [localhost]

TASK [/stigforge/roles/ol9_stig : Dconf Update] ********************************
skipping: [localhost]

TASK [/stigforge/roles/ol9_stig : Check for pam_succeed_if entry] **************
ok: [localhost]

TASK [/stigforge/roles/ol9_stig : Configure the Use of the pam_faillock.so Module in the /etc/pam.d/password-auth File. - Check if system relies on authselect tool] ***
ok: [localhost]

TASK [/stigforge/roles/ol9_stig : Configure the Use of the pam_faillock.so Module in the /etc/pam.d/password-auth File. - Check integrity of authselect current profile] ***
ok: [localhost]

TASK [/stigforge/roles/ol9_stig : Configure the Use of the pam_faillock.so Module in the /etc/pam.d/password-auth File. - Informative message based on the authselect integrity check result] ***
fatal: [localhost]: FAILED! => {
    "assertion": "ansible_check_mode or result_authselect_check_cmd.rc == 0",
    "changed": false,
    "evaluated_to": false,
    "msg": [
        "authselect integrity check failed. Remediation aborted!",
        "This remediation could not be applied because an authselect profile was not selected or the selected profile is not intact.",
        "It is not recommended to manually edit the PAM files when authselect tool is available.",
        "In cases where the default authselect profile does not cover a specific demand, a custom authselect profile is recommended."
    ]
}

TASK [/stigforge/roles/ol9_stig : StigForge: continue after error in 'Configure the Use of the pam_faillock.so Module in the /etc/pam.d/password-auth File. - Remediation where authselect tool is present' (OpenSCAP is the score gate)] ***
ok: [localhost] => {
    "msg": "StigForge: 'Configure the Use of the pam_faillock.so Module in the /etc/pam.d/password-auth File. - Remediation where authselect tool is present' raised an error (module or templating) and was skipped; continuing so later rules still run. OpenSCAP evaluates the resulting system state independently."
}

TASK [/stigforge/roles/ol9_stig : Configure the Use of the pam_faillock.so Module in the /etc/pam.d/password-auth File. - Check if pam_faillock.so is already enabled] ***
skipping: [localhost]

TASK [/stigforge/roles/ol9_stig : Configure the Use of the pam_faillock.so Module in the /etc/pam.d/password-auth File. - Enable pam_faillock.so preauth editing PAM files] ***
skipping: [localhost] => (item=/etc/pam.d/system-auth) 
skipping: [localhost] => (item=/etc/pam.d/password-auth) 
skipping: [localhost]

TASK [/stigforge/roles/ol9_stig : Configure the Use of the pam_faillock.so Module in the /etc/pam.d/password-auth File. - Enable pam_faillock.so authfail editing PAM files] ***
skipping: [localhost] => (item=/etc/pam.d/system-auth) 
skipping: [localhost] => (item=/etc/pam.d/password-auth) 
skipping: [localhost]

TASK [/stigforge/roles/ol9_stig : Configure the Use of the pam_faillock.so Module in the /etc/pam.d/password-auth File. - Enable pam_faillock.so account section editing PAM files] ***
skipping: [localhost] => (item=/etc/pam.d/system-auth) 
skipping: [localhost] => (item=/etc/pam.d/password-auth) 
skipping: [localhost]

TASK [/stigforge/roles/ol9_stig : Configure the Use of the pam_faillock.so Module in the /etc/pam.d/system-auth File. - Check if system relies on authselect tool] ***
ok: [localhost]

TASK [/stigforge/roles/ol9_stig : Configure the Use of the pam_faillock.so Module in the /etc/pam.d/system-auth File. - Check integrity of authselect current profile] ***
ok: [localhost]

TASK [/stigforge/roles/ol9_stig : Configure the Use of the pam_faillock.so Module in the /etc/pam.d/system-auth File. - Informative message based on the authselect integrity check result] ***
fatal: [localhost]: FAILED! => {
    "assertion": "ansible_check_mode or result_authselect_check_cmd.rc == 0",
    "changed": false,
    "evaluated_to": false,
    "msg": [
        "authselect integrity check failed. Remediation aborted!",
        "This remediation could not be applied because an authselect profile was not selected or the selected profile is not intact.",
        "It is not recommended to manually edit the PAM files when authselect tool is available.",
        "In cases where the default authselect profile does not cover a specific demand, a custom authselect profile is recommended."
    ]
}

TASK [/stigforge/roles/ol9_stig : StigForge: continue after error in 'Configure the Use of the pam_faillock.so Module in the /etc/pam.d/system-auth File. - Remediation where authselect tool is present' (OpenSCAP is the score gate)] ***
ok: [localhost] => {
    "msg": "StigForge: 'Configure the Use of the pam_faillock.so Module in the /etc/pam.d/system-auth File. - Remediation where authselect tool is present' raised an error (module or templating) and was skipped; continuing so later rules still run. OpenSCAP evaluates the resulting system state independently."
}

TASK [/stigforge/roles/ol9_stig : Configure the Use of the pam_faillock.so Module in the /etc/pam.d/system-auth File. - Check if pam_faillock.so is already enabled] ***
skipping: [localhost]

TASK [/stigforge/roles/ol9_stig : Configure the Use of the pam_faillock.so Module in the /etc/pam.d/system-auth File. - Enable pam_faillock.so preauth editing PAM files] ***
skipping: [localhost] => (item=/etc/pam.d/system-auth) 
skipping: [localhost] => (item=/etc/pam.d/password-auth) 
skipping: [localhost]

TASK [/stigforge/roles/ol9_stig : Configure the Use of the pam_faillock.so Module in the /etc/pam.d/system-auth File. - Enable pam_faillock.so authfail editing PAM files] ***
skipping: [localhost] => (item=/etc/pam.d/system-auth) 
skipping: [localhost] => (item=/etc/pam.d/password-auth) 
skipping: [localhost]

TASK [/stigforge/roles/ol9_stig : Configure the Use of the pam_faillock.so Module in the /etc/pam.d/system-auth File. - Enable pam_faillock.so account section editing PAM files] ***
skipping: [localhost] => (item=/etc/pam.d/system-auth) 
skipping: [localhost] => (item=/etc/pam.d/password-auth) 
skipping: [localhost]

TASK [/stigforge/roles/ol9_stig : An SELinux Context must be configured for the pam_faillock.so records directory - Get directories from faillock] ***
skipping: [localhost] => (item=/etc/security/faillock.conf) 
skipping: [localhost] => (item=/etc/pam.d/system-auth) 
skipping: [localhost] => (item=/etc/pam.d/password-auth) 
skipping: [localhost]

TASK [/stigforge/roles/ol9_stig : An SELinux Context must be configured for the pam_faillock.so records directory - Create a list directories from faillock] ***
skipping: [localhost]

TASK [/stigforge/roles/ol9_stig : An SELinux Context must be configured for the pam_faillock.so records directory - Create directories for faillock] ***
skipping: [localhost]

TASK [/stigforge/roles/ol9_stig : An SELinux Context must be configured for the pam_faillock.so records directory - Set up SELinux context for faillock] ***
skipping: [localhost]

TASK [/stigforge/roles/ol9_stig : An SELinux Context must be configured for the pam_faillock.so records directory - Restore SELinux context] ***
skipping: [localhost]

TASK [/stigforge/roles/ol9_stig : An SELinux Context must be configured for the pam_faillock.so records directory - Verify pam_faillock.so configuration] ***
skipping: [localhost]

TASK [/stigforge/roles/ol9_stig : Account Lockouts Must Be Logged - Check if system relies on authselect tool] ***
ok: [localhost]

TASK [/stigforge/roles/ol9_stig : Account Lockouts Must Be Logged - Check integrity of authselect current profile] ***
ok: [localhost]

TASK [/stigforge/roles/ol9_stig : Account Lockouts Must Be Logged - Informative message based on the authselect integrity check result] ***
fatal: [localhost]: FAILED! => {
    "assertion": "ansible_check_mode or result_authselect_check_cmd.rc == 0",
    "changed": false,
    "evaluated_to": false,
    "msg": [
        "authselect integrity check failed. Remediation aborted!",
        "This remediation could not be applied because an authselect profile was not selected or the selected profile is not intact.",
        "It is not recommended to manually edit the PAM files when authselect tool is available.",
        "In cases where the default authselect profile does not cover a specific demand, a custom authselect profile is recommended."
    ]
}

TASK [/stigforge/roles/ol9_stig : StigForge: continue after error in 'Account Lockouts Must Be Logged - Remediation where authselect tool is present' (OpenSCAP is the score gate)] ***
ok: [localhost] => {
    "msg": "StigForge: 'Account Lockouts Must Be Logged - Remediation where authselect tool is present' raised an error (module or templating) and was skipped; continuing so later rules still run. OpenSCAP evaluates the resulting system state independently."
}

TASK [/stigforge/roles/ol9_stig : Account Lockouts Must Be Logged - Check if pam_faillock.so is already enabled] ***
skipping: [localhost]

TASK [/stigforge/roles/ol9_stig : Account Lockouts Must Be Logged - Enable pam_faillock.so preauth editing PAM files] ***
skipping: [localhost] => (item=/etc/pam.d/system-auth) 
skipping: [localhost] => (item=/etc/pam.d/password-auth) 
skipping: [localhost]

TASK [/stigforge/roles/ol9_stig : Account Lockouts Must Be Logged - Enable pam_faillock.so authfail editing PAM files] ***
skipping: [localhost] => (item=/etc/pam.d/system-auth) 
skipping: [localhost] => (item=/etc/pam.d/password-auth) 
skipping: [localhost]

TASK [/stigforge/roles/ol9_stig : Account Lockouts Must Be Logged - Enable pam_faillock.so account section editing PAM files] ***
skipping: [localhost] => (item=/etc/pam.d/system-auth) 
skipping: [localhost] => (item=/etc/pam.d/password-auth) 
skipping: [localhost]

TASK [/stigforge/roles/ol9_stig : Account Lockouts Must Be Logged - Check the presence of /etc/security/faillock.conf file] ***
ok: [localhost]

TASK [/stigforge/roles/ol9_stig : Account Lockouts Must Be Logged - Ensure the pam_faillock.so audit parameter in /etc/security/faillock.conf] ***
changed: [localhost]

TASK [/stigforge/roles/ol9_stig : Account Lockouts Must Be Logged - Check if /etc/pam.d/system-auth file is present] ***
ok: [localhost]

TASK [/stigforge/roles/ol9_stig : Account Lockouts Must Be Logged - Define the PAM file to be edited as a local fact] ***
ok: [localhost]

TASK [/stigforge/roles/ol9_stig : Account Lockouts Must Be Logged - Check if system relies on authselect tool] ***
ok: [localhost]

TASK [/stigforge/roles/ol9_stig : Account Lockouts Must Be Logged - Check integrity of authselect current profile] ***
ok: [localhost]

TASK [/stigforge/roles/ol9_stig : Account Lockouts Must Be Logged - Informative message based on the authselect integrity check result] ***
fatal: [localhost]: FAILED! => {
    "assertion": "ansible_check_mode or result_authselect_check_cmd.rc == 0",
    "changed": false,
    "evaluated_to": false,
    "msg": [
        "authselect integrity check failed. Remediation aborted!",
        "This remediation could not be applied because an authselect profile was not selected or the selected profile is not intact.",
        "It is not recommended to manually edit the PAM files when authselect tool is available.",
        "In cases where the default authselect profile does not cover a specific demand, a custom authselect profile is recommended."
    ]
}

TASK [/stigforge/roles/ol9_stig : StigForge: continue after error in 'Account Lockouts Must Be Logged - Ensure the pam_faillock.so audit parameter not in PAM files' (OpenSCAP is the score gate)] ***
ok: [localhost] => {
    "msg": "StigForge: 'Account Lockouts Must Be Logged - Ensure the pam_faillock.so audit parameter not in PAM files' raised an error (module or templating) and was skipped; continuing so later rules still run. OpenSCAP evaluates the resulting system state independently."
}

TASK [/stigforge/roles/ol9_stig : Account Lockouts Must Be Logged - Check if pam_faillock.so audit parameter is already enabled in pam files] ***
skipping: [localhost]

TASK [/stigforge/roles/ol9_stig : Account Lockouts Must Be Logged - Ensure the inclusion of pam_faillock.so preauth audit parameter in auth section] ***
skipping: [localhost] => (item=/etc/pam.d/system-auth) 
skipping: [localhost] => (item=/etc/pam.d/password-auth) 
skipping: [localhost]

TASK [/stigforge/roles/ol9_stig : Lock Accounts After Failed Password Attempts - Check if system relies on authselect tool] ***
ok: [localhost]

TASK [/stigforge/roles/ol9_stig : Lock Accounts After Failed Password Attempts - Check integrity of authselect current profile] ***
ok: [localhost]

TASK [/stigforge/roles/ol9_stig : Lock Accounts After Failed Password Attempts - Informative message based on the authselect integrity check result] ***
fatal: [localhost]: FAILED! => {
    "assertion": "ansible_check_mode or result_authselect_check_cmd.rc == 0",
    "changed": false,
    "evaluated_to": false,
    "msg": [
        "authselect integrity check failed. Remediation aborted!",
        "This remediation could not be applied because an authselect profile was not selected or the selected profile is not intact.",
        "It is not recommended to manually edit the PAM files when authselect tool is available.",
        "In cases where the default authselect profile does not cover a specific demand, a custom authselect profile is recommended."
    ]
}

TASK [/stigforge/roles/ol9_stig : StigForge: continue after error in 'Lock Accounts After Failed Password Attempts - Remediation where authselect tool is present' (OpenSCAP is the score gate)] ***
ok: [localhost] => {
    "msg": "StigForge: 'Lock Accounts After Failed Password Attempts - Remediation where authselect tool is present' raised an error (module or templating) and was skipped; continuing so later rules still run. OpenSCAP evaluates the resulting system state independently."
}

TASK [/stigforge/roles/ol9_stig : Lock Accounts After Failed Password Attempts - Check if pam_faillock.so is already enabled] ***
skipping: [localhost]

TASK [/stigforge/roles/ol9_stig : Lock Accounts After Failed Password Attempts - Enable pam_faillock.so preauth editing PAM files] ***
skipping: [localhost] => (item=/etc/pam.d/system-auth) 
skipping: [localhost] => (item=/etc/pam.d/password-auth) 
skipping: [localhost]

TASK [/stigforge/roles/ol9_stig : Lock Accounts After Failed Password Attempts - Enable pam_faillock.so authfail editing PAM files] ***
skipping: [localhost] => (item=/etc/pam.d/system-auth) 
skipping: [localhost] => (item=/etc/pam.d/password-auth) 
skipping: [localhost]

TASK [/stigforge/roles/ol9_stig : Lock Accounts After Failed Password Attempts - Enable pam_faillock.so account section editing PAM files] ***
skipping: [localhost] => (item=/etc/pam.d/system-auth) 
skipping: [localhost] => (item=/etc/pam.d/password-auth) 
skipping: [localhost]

TASK [/stigforge/roles/ol9_stig : Lock Accounts After Failed Password Attempts - Check the presence of /etc/security/faillock.conf file] ***
ok: [localhost]

TASK [/stigforge/roles/ol9_stig : Lock Accounts After Failed Password Attempts - Ensure the pam_faillock.so deny parameter in /etc/security/faillock.conf] ***
changed: [localhost]

TASK [/stigforge/roles/ol9_stig : Lock Accounts After Failed Password Attempts - Check if /etc/pam.d/system-auth file is present] ***
ok: [localhost]

TASK [/stigforge/roles/ol9_stig : Lock Accounts After Failed Password Attempts - Define the PAM file to be edited as a local fact] ***
ok: [localhost]

TASK [/stigforge/roles/ol9_stig : Lock Accounts After Failed Password Attempts - Check if system relies on authselect tool] ***
ok: [localhost]

TASK [/stigforge/roles/ol9_stig : Lock Accounts After Failed Password Attempts - Check integrity of authselect current profile] ***
ok: [localhost]

TASK [/stigforge/roles/ol9_stig : Lock Accounts After Failed Password Attempts - Informative message based on the authselect integrity check result] ***
fatal: [localhost]: FAILED! => {
    "assertion": "ansible_check_mode or result_authselect_check_cmd.rc == 0",
    "changed": false,
    "evaluated_to": false,
    "msg": [
        "authselect integrity check failed. Remediation aborted!",
        "This remediation could not be applied because an authselect profile was not selected or the selected profile is not intact.",
        "It is not recommended to manually edit the PAM files when authselect tool is available.",
        "In cases where the default authselect profile does not cover a specific demand, a custom authselect profile is recommended."
    ]
}

TASK [/stigforge/roles/ol9_stig : StigForge: continue after error in 'Lock Accounts After Failed Password Attempts - Ensure the pam_faillock.so deny parameter not in PAM files' (OpenSCAP is the score gate)] ***
ok: [localhost] => {
    "msg": "StigForge: 'Lock Accounts After Failed Password Attempts - Ensure the pam_faillock.so deny parameter not in PAM files' raised an error (module or templating) and was skipped; continuing so later rules still run. OpenSCAP evaluates the resulting system state independently."
}

TASK [/stigforge/roles/ol9_stig : Lock Accounts After Failed Password Attempts - Check if pam_faillock.so deny parameter is already enabled in pam files] ***
skipping: [localhost]

TASK [/stigforge/roles/ol9_stig : Lock Accounts After Failed Password Attempts - Ensure the inclusion of pam_faillock.so preauth deny parameter in auth section] ***
skipping: [localhost] => (item=/etc/pam.d/system-auth) 
skipping: [localhost] => (item=/etc/pam.d/password-auth) 
skipping: [localhost]

TASK [/stigforge/roles/ol9_stig : Lock Accounts After Failed Password Attempts - Ensure the inclusion of pam_faillock.so authfail deny parameter in auth section] ***
skipping: [localhost] => (item=/etc/pam.d/system-auth) 
skipping: [localhost] => (item=/etc/pam.d/password-auth) 
skipping: [localhost]

TASK [/stigforge/roles/ol9_stig : Lock Accounts After Failed Password Attempts - Ensure the desired value for pam_faillock.so preauth deny parameter in auth section] ***
skipping: [localhost] => (item=/etc/pam.d/system-auth) 
skipping: [localhost] => (item=/etc/pam.d/password-auth) 
skipping: [localhost]

TASK [/stigforge/roles/ol9_stig : Lock Accounts After Failed Password Attempts - Ensure the desired value for pam_faillock.so authfail deny parameter in auth section] ***
skipping: [localhost] => (item=/etc/pam.d/system-auth) 
skipping: [localhost] => (item=/etc/pam.d/password-auth) 
skipping: [localhost]

TASK [/stigforge/roles/ol9_stig : Configure the root Account for Failed Password Attempts - Check if system relies on authselect tool] ***
ok: [localhost]

TASK [/stigforge/roles/ol9_stig : Configure the root Account for Failed Password Attempts - Check integrity of authselect current profile] ***
ok: [localhost]

TASK [/stigforge/roles/ol9_stig : Configure the root Account for Failed Password Attempts - Informative message based on the authselect integrity check result] ***
fatal: [localhost]: FAILED! => {
    "assertion": "ansible_check_mode or result_authselect_check_cmd.rc == 0",
    "changed": false,
    "evaluated_to": false,
    "msg": [
        "authselect integrity check failed. Remediation aborted!",
        "This remediation could not be applied because an authselect profile was not selected or the selected profile is not intact.",
        "It is not recommended to manually edit the PAM files when authselect tool is available.",
        "In cases where the default authselect profile does not cover a specific demand, a custom authselect profile is recommended."
    ]
}

TASK [/stigforge/roles/ol9_stig : StigForge: continue after error in 'Configure the root Account for Failed Password Attempts - Remediation where authselect tool is present' (OpenSCAP is the score gate)] ***
ok: [localhost] => {
    "msg": "StigForge: 'Configure the root Account for Failed Password Attempts - Remediation where authselect tool is present' raised an error (module or templating) and was skipped; continuing so later rules still run. OpenSCAP evaluates the resulting system state independently."
}

TASK [/stigforge/roles/ol9_stig : Configure the root Account for Failed Password Attempts - Check if pam_faillock.so is already enabled] ***
skipping: [localhost]

TASK [/stigforge/roles/ol9_stig : Configure the root Account for Failed Password Attempts - Enable pam_faillock.so preauth editing PAM files] ***
skipping: [localhost] => (item=/etc/pam.d/system-auth) 
skipping: [localhost] => (item=/etc/pam.d/password-auth) 
skipping: [localhost]

TASK [/stigforge/roles/ol9_stig : Configure the root Account for Failed Password Attempts - Enable pam_faillock.so authfail editing PAM files] ***
skipping: [localhost] => (item=/etc/pam.d/system-auth) 
skipping: [localhost] => (item=/etc/pam.d/password-auth) 
skipping: [localhost]

TASK [/stigforge/roles/ol9_stig : Configure the root Account for Failed Password Attempts - Enable pam_faillock.so account section editing PAM files] ***
skipping: [localhost] => (item=/etc/pam.d/system-auth) 
skipping: [localhost] => (item=/etc/pam.d/password-auth) 
skipping: [localhost]

TASK [/stigforge/roles/ol9_stig : Configure the root Account for Failed Password Attempts - Check the presence of /etc/security/faillock.conf file] ***
ok: [localhost]

TASK [/stigforge/roles/ol9_stig : Configure the root Account for Failed Password Attempts - Ensure the pam_faillock.so even_deny_root parameter in /etc/security/faillock.conf] ***
changed: [localhost]

TASK [/stigforge/roles/ol9_stig : Configure the root Account for Failed Password Attempts - Check if /etc/pam.d/system-auth file is present] ***
ok: [localhost]

TASK [/stigforge/roles/ol9_stig : Configure the root Account for Failed Password Attempts - Define the PAM file to be edited as a local fact] ***
ok: [localhost]

TASK [/stigforge/roles/ol9_stig : Configure the root Account for Failed Password Attempts - Check if system relies on authselect tool] ***
ok: [localhost]

TASK [/stigforge/roles/ol9_stig : Configure the root Account for Failed Password Attempts - Check integrity of authselect current profile] ***
ok: [localhost]

TASK [/stigforge/roles/ol9_stig : Configure the root Account for Failed Password Attempts - Informative message based on the authselect integrity check result] ***
fatal: [localhost]: FAILED! => {
    "assertion": "ansible_check_mode or result_authselect_check_cmd.rc == 0",
    "changed": false,
    "evaluated_to": false,
    "msg": [
        "authselect integrity check failed. Remediation aborted!",
        "This remediation could not be applied because an authselect profile was not selected or the selected profile is not intact.",
        "It is not recommended to manually edit the PAM files when authselect tool is available.",
        "In cases where the default authselect profile does not cover a specific demand, a custom authselect profile is recommended."
    ]
}

TASK [/stigforge/roles/ol9_stig : StigForge: continue after error in 'Configure the root Account for Failed Password Attempts - Ensure the pam_faillock.so even_deny_root parameter not in PAM files' (OpenSCAP is the score gate)] ***
ok: [localhost] => {
    "msg": "StigForge: 'Configure the root Account for Failed Password Attempts - Ensure the pam_faillock.so even_deny_root parameter not in PAM files' raised an error (module or templating) and was skipped; continuing so later rules still run. OpenSCAP evaluates the resulting system state independently."
}

TASK [/stigforge/roles/ol9_stig : Configure the root Account for Failed Password Attempts - Check if pam_faillock.so even_deny_root parameter is already enabled in pam files] ***
skipping: [localhost]

TASK [/stigforge/roles/ol9_stig : Configure the root Account for Failed Password Attempts - Ensure the inclusion of pam_faillock.so preauth even_deny_root parameter in auth section] ***
skipping: [localhost] => (item=/etc/pam.d/system-auth) 
skipping: [localhost] => (item=/etc/pam.d/password-auth) 
skipping: [localhost]

TASK [/stigforge/roles/ol9_stig : Configure the root Account for Failed Password Attempts - Ensure the inclusion of pam_faillock.so authfail even_deny_root parameter in auth section] ***
skipping: [localhost] => (item=/etc/pam.d/system-auth) 
skipping: [localhost] => (item=/etc/pam.d/password-auth) 
skipping: [localhost]

TASK [/stigforge/roles/ol9_stig : Lock Accounts Must Persist - Check if system relies on authselect tool] ***
ok: [localhost]

TASK [/stigforge/roles/ol9_stig : Lock Accounts Must Persist - Check integrity of authselect current profile] ***
ok: [localhost]

TASK [/stigforge/roles/ol9_stig : Lock Accounts Must Persist - Informative message based on the authselect integrity check result] ***
fatal: [localhost]: FAILED! => {
    "assertion": "ansible_check_mode or result_authselect_check_cmd.rc == 0",
    "changed": false,
    "evaluated_to": false,
    "msg": [
        "authselect integrity check failed. Remediation aborted!",
        "This remediation could not be applied because an authselect profile was not selected or the selected profile is not intact.",
        "It is not recommended to manually edit the PAM files when authselect tool is available.",
        "In cases where the default authselect profile does not cover a specific demand, a custom authselect profile is recommended."
    ]
}

TASK [/stigforge/roles/ol9_stig : StigForge: continue after error in 'Lock Accounts Must Persist - Remediation where authselect tool is present' (OpenSCAP is the score gate)] ***
ok: [localhost] => {
    "msg": "StigForge: 'Lock Accounts Must Persist - Remediation where authselect tool is present' raised an error (module or templating) and was skipped; continuing so later rules still run. OpenSCAP evaluates the resulting system state independently."
}

TASK [/stigforge/roles/ol9_stig : Lock Accounts Must Persist - Check if pam_faillock.so is already enabled] ***
skipping: [localhost]

TASK [/stigforge/roles/ol9_stig : Lock Accounts Must Persist - Enable pam_faillock.so preauth editing PAM files] ***
skipping: [localhost] => (item=/etc/pam.d/system-auth) 
skipping: [localhost] => (item=/etc/pam.d/password-auth) 
skipping: [localhost]

TASK [/stigforge/roles/ol9_stig : Lock Accounts Must Persist - Enable pam_faillock.so authfail editing PAM files] ***
skipping: [localhost] => (item=/etc/pam.d/system-auth) 
skipping: [localhost] => (item=/etc/pam.d/password-auth) 
skipping: [localhost]

TASK [/stigforge/roles/ol9_stig : Lock Accounts Must Persist - Enable pam_faillock.so account section editing PAM files] ***
skipping: [localhost] => (item=/etc/pam.d/system-auth) 
skipping: [localhost] => (item=/etc/pam.d/password-auth) 
skipping: [localhost]

TASK [/stigforge/roles/ol9_stig : Lock Accounts Must Persist - Check the presence of /etc/security/faillock.conf file] ***
ok: [localhost]

TASK [/stigforge/roles/ol9_stig : Lock Accounts Must Persist - Ensure the pam_faillock.so dir parameter in /etc/security/faillock.conf] ***
changed: [localhost]

TASK [/stigforge/roles/ol9_stig : Lock Accounts Must Persist - Check if /etc/pam.d/system-auth file is present] ***
ok: [localhost]

TASK [/stigforge/roles/ol9_stig : Lock Accounts Must Persist - Define the PAM file to be edited as a local fact] ***
ok: [localhost]

TASK [/stigforge/roles/ol9_stig : Lock Accounts Must Persist - Check if system relies on authselect tool] ***
ok: [localhost]

TASK [/stigforge/roles/ol9_stig : Lock Accounts Must Persist - Check integrity of authselect current profile] ***
ok: [localhost]

TASK [/stigforge/roles/ol9_stig : Lock Accounts Must Persist - Informative message based on the authselect integrity check result] ***
fatal: [localhost]: FAILED! => {
    "assertion": "ansible_check_mode or result_authselect_check_cmd.rc == 0",
    "changed": false,
    "evaluated_to": false,
    "msg": [
        "authselect integrity check failed. Remediation aborted!",
        "This remediation could not be applied because an authselect profile was not selected or the selected profile is not intact.",
        "It is not recommended to manually edit the PAM files when authselect tool is available.",
        "In cases where the default authselect profile does not cover a specific demand, a custom authselect profile is recommended."
    ]
}

TASK [/stigforge/roles/ol9_stig : StigForge: continue after error in 'Lock Accounts Must Persist - Ensure the pam_faillock.so dir parameter not in PAM files' (OpenSCAP is the score gate)] ***
ok: [localhost] => {
    "msg": "StigForge: 'Lock Accounts Must Persist - Ensure the pam_faillock.so dir parameter not in PAM files' raised an error (module or templating) and was skipped; continuing so later rules still run. OpenSCAP evaluates the resulting system state independently."
}

TASK [/stigforge/roles/ol9_stig : Lock Accounts Must Persist - Check if pam_faillock.so dir parameter is already enabled in pam files] ***
skipping: [localhost]

TASK [/stigforge/roles/ol9_stig : Lock Accounts Must Persist - Ensure the inclusion of pam_faillock.so preauth dir parameter in auth section] ***
skipping: [localhost] => (item=/etc/pam.d/system-auth) 
skipping: [localhost] => (item=/etc/pam.d/password-auth) 
skipping: [localhost]

TASK [/stigforge/roles/ol9_stig : Lock Accounts Must Persist - Ensure the inclusion of pam_faillock.so authfail dir parameter in auth section] ***
skipping: [localhost] => (item=/etc/pam.d/system-auth) 
skipping: [localhost] => (item=/etc/pam.d/password-auth) 
skipping: [localhost]

TASK [/stigforge/roles/ol9_stig : Lock Accounts Must Persist - Ensure the desired value for pam_faillock.so preauth dir parameter in auth section] ***
skipping: [localhost] => (item=/etc/pam.d/system-auth) 
skipping: [localhost] => (item=/etc/pam.d/password-auth) 
skipping: [localhost]

TASK [/stigforge/roles/ol9_stig : Lock Accounts Must Persist - Ensure the desired value for pam_faillock.so authfail dir parameter in auth section] ***
skipping: [localhost] => (item=/etc/pam.d/system-auth) 
skipping: [localhost] => (item=/etc/pam.d/password-auth) 
skipping: [localhost]

TASK [/stigforge/roles/ol9_stig : Lock Accounts Must Persist - Create the tally directory if it does not exist] ***
changed: [localhost]

TASK [/stigforge/roles/ol9_stig : Lock Accounts Must Persist - Ensure SELinux file context is permanently set] ***
ok: [localhost]

TASK [/stigforge/roles/ol9_stig : Lock Accounts Must Persist - Ensure SELinux file context is applied] ***
changed: [localhost]

TASK [/stigforge/roles/ol9_stig : Set Interval For Counting Failed Password Attempts - Check if system relies on authselect tool] ***
ok: [localhost]

TASK [/stigforge/roles/ol9_stig : Set Interval For Counting Failed Password Attempts - Check integrity of authselect current profile] ***
ok: [localhost]

TASK [/stigforge/roles/ol9_stig : Set Interval For Counting Failed Password Attempts - Informative message based on the authselect integrity check result] ***
fatal: [localhost]: FAILED! => {
    "assertion": "ansible_check_mode or result_authselect_check_cmd.rc == 0",
    "changed": false,
    "evaluated_to": false,
    "msg": [
        "authselect integrity check failed. Remediation aborted!",
        "This remediation could not be applied because an authselect profile was not selected or the selected profile is not intact.",
        "It is not recommended to manually edit the PAM files when authselect tool is available.",
        "In cases where the default authselect profile does not cover a specific demand, a custom authselect profile is recommended."
    ]
}

TASK [/stigforge/roles/ol9_stig : StigForge: continue after error in 'Set Interval For Counting Failed Password Attempts - Remediation where authselect tool is present' (OpenSCAP is the score gate)] ***
ok: [localhost] => {
    "msg": "StigForge: 'Set Interval For Counting Failed Password Attempts - Remediation where authselect tool is present' raised an error (module or templating) and was skipped; continuing so later rules still run. OpenSCAP evaluates the resulting system state independently."
}

TASK [/stigforge/roles/ol9_stig : Set Interval For Counting Failed Password Attempts - Check if pam_faillock.so is already enabled] ***
skipping: [localhost]

TASK [/stigforge/roles/ol9_stig : Set Interval For Counting Failed Password Attempts - Enable pam_faillock.so preauth editing PAM files] ***
skipping: [localhost] => (item=/etc/pam.d/system-auth) 
skipping: [localhost] => (item=/etc/pam.d/password-auth) 
skipping: [localhost]

TASK [/stigforge/roles/ol9_stig : Set Interval For Counting Failed Password Attempts - Enable pam_faillock.so authfail editing PAM files] ***
skipping: [localhost] => (item=/etc/pam.d/system-auth) 
skipping: [localhost] => (item=/etc/pam.d/password-auth) 
skipping: [localhost]

TASK [/stigforge/roles/ol9_stig : Set Interval For Counting Failed Password Attempts - Enable pam_faillock.so account section editing PAM files] ***
skipping: [localhost] => (item=/etc/pam.d/system-auth) 
skipping: [localhost] => (item=/etc/pam.d/password-auth) 
skipping: [localhost]

TASK [/stigforge/roles/ol9_stig : Set Interval For Counting Failed Password Attempts - Check the presence of /etc/security/faillock.conf file] ***
ok: [localhost]

TASK [/stigforge/roles/ol9_stig : Set Interval For Counting Failed Password Attempts - Ensure the pam_faillock.so fail_interval parameter in /etc/security/faillock.conf] ***
changed: [localhost]

TASK [/stigforge/roles/ol9_stig : Set Interval For Counting Failed Password Attempts - Check if /etc/pam.d/system-auth file is present] ***
ok: [localhost]

TASK [/stigforge/roles/ol9_stig : Set Interval For Counting Failed Password Attempts - Define the PAM file to be edited as a local fact] ***
ok: [localhost]

TASK [/stigforge/roles/ol9_stig : Set Interval For Counting Failed Password Attempts - Check if system relies on authselect tool] ***
ok: [localhost]

TASK [/stigforge/roles/ol9_stig : Set Interval For Counting Failed Password Attempts - Check integrity of authselect current profile] ***
ok: [localhost]

TASK [/stigforge/roles/ol9_stig : Set Interval For Counting Failed Password Attempts - Informative message based on the authselect integrity check result] ***
fatal: [localhost]: FAILED! => {
    "assertion": "ansible_check_mode or result_authselect_check_cmd.rc == 0",
    "changed": false,
    "evaluated_to": false,
    "msg": [
        "authselect integrity check failed. Remediation aborted!",
        "This remediation could not be applied because an authselect profile was not selected or the selected profile is not intact.",
        "It is not recommended to manually edit the PAM files when authselect tool is available.",
        "In cases where the default authselect profile does not cover a specific demand, a custom authselect profile is recommended."
    ]
}

TASK [/stigforge/roles/ol9_stig : StigForge: continue after error in 'Set Interval For Counting Failed Password Attempts - Ensure the pam_faillock.so fail_interval parameter not in PAM files' (OpenSCAP is the score gate)] ***
ok: [localhost] => {
    "msg": "StigForge: 'Set Interval For Counting Failed Password Attempts - Ensure the pam_faillock.so fail_interval parameter not in PAM files' raised an error (module or templating) and was skipped; continuing so later rules still run. OpenSCAP evaluates the resulting system state independently."
}

TASK [/stigforge/roles/ol9_stig : Set Interval For Counting Failed Password Attempts - Check if pam_faillock.so fail_interval parameter is already enabled in pam files] ***
skipping: [localhost]

TASK [/stigforge/roles/ol9_stig : Set Interval For Counting Failed Password Attempts - Ensure the inclusion of pam_faillock.so preauth fail_interval parameter in auth section] ***
skipping: [localhost] => (item=/etc/pam.d/system-auth) 
skipping: [localhost] => (item=/etc/pam.d/password-auth) 
skipping: [localhost]

TASK [/stigforge/roles/ol9_stig : Set Interval For Counting Failed Password Attempts - Ensure the inclusion of pam_faillock.so authfail fail_interval parameter in auth section] ***
skipping: [localhost] => (item=/etc/pam.d/system-auth) 
skipping: [localhost] => (item=/etc/pam.d/password-auth) 
skipping: [localhost]

TASK [/stigforge/roles/ol9_stig : Set Interval For Counting Failed Password Attempts - Ensure the desired value for pam_faillock.so preauth fail_interval parameter in auth section] ***
skipping: [localhost] => (item=/etc/pam.d/system-auth) 
skipping: [localhost] => (item=/etc/pam.d/password-auth) 
skipping: [localhost]

TASK [/stigforge/roles/ol9_stig : Set Interval For Counting Failed Password Attempts - Ensure the desired value for pam_faillock.so authfail fail_interval parameter in auth section] ***
skipping: [localhost] => (item=/etc/pam.d/system-auth) 
skipping: [localhost] => (item=/etc/pam.d/password-auth) 
skipping: [localhost]

TASK [/stigforge/roles/ol9_stig : Set Lockout Time for Failed Password Attempts - Check if system relies on authselect tool] ***
ok: [localhost]

TASK [/stigforge/roles/ol9_stig : Set Lockout Time for Failed Password Attempts - Check integrity of authselect current profile] ***
ok: [localhost]

TASK [/stigforge/roles/ol9_stig : Set Lockout Time for Failed Password Attempts - Informative message based on the authselect integrity check result] ***
fatal: [localhost]: FAILED! => {
    "assertion": "ansible_check_mode or result_authselect_check_cmd.rc == 0",
    "changed": false,
    "evaluated_to": false,
    "msg": [
        "authselect integrity check failed. Remediation aborted!",
        "This remediation could not be applied because an authselect profile was not selected or the selected profile is not intact.",
        "It is not recommended to manually edit the PAM files when authselect tool is available.",
        "In cases where the default authselect profile does not cover a specific demand, a custom authselect profile is recommended."
    ]
}

TASK [/stigforge/roles/ol9_stig : StigForge: continue after error in 'Set Lockout Time for Failed Password Attempts - Remediation where authselect tool is present' (OpenSCAP is the score gate)] ***
ok: [localhost] => {
    "msg": "StigForge: 'Set Lockout Time for Failed Password Attempts - Remediation where authselect tool is present' raised an error (module or templating) and was skipped; continuing so later rules still run. OpenSCAP evaluates the resulting system state independently."
}

TASK [/stigforge/roles/ol9_stig : Set Lockout Time for Failed Password Attempts - Check if pam_faillock.so is already enabled] ***
skipping: [localhost]

TASK [/stigforge/roles/ol9_stig : Set Lockout Time for Failed Password Attempts - Enable pam_faillock.so preauth editing PAM files] ***
skipping: [localhost] => (item=/etc/pam.d/system-auth) 
skipping: [localhost] => (item=/etc/pam.d/password-auth) 
skipping: [localhost]

TASK [/stigforge/roles/ol9_stig : Set Lockout Time for Failed Password Attempts - Enable pam_faillock.so authfail editing PAM files] ***
skipping: [localhost] => (item=/etc/pam.d/system-auth) 
skipping: [localhost] => (item=/etc/pam.d/password-auth) 
skipping: [localhost]

TASK [/stigforge/roles/ol9_stig : Set Lockout Time for Failed Password Attempts - Enable pam_faillock.so account section editing PAM files] ***
skipping: [localhost] => (item=/etc/pam.d/system-auth) 
skipping: [localhost] => (item=/etc/pam.d/password-auth) 
skipping: [localhost]

TASK [/stigforge/roles/ol9_stig : Set Lockout Time for Failed Password Attempts - Check the presence of /etc/security/faillock.conf file] ***
ok: [localhost]

TASK [/stigforge/roles/ol9_stig : Set Lockout Time for Failed Password Attempts - Ensure the pam_faillock.so unlock_time parameter in /etc/security/faillock.conf] ***
changed: [localhost]

TASK [/stigforge/roles/ol9_stig : Set Lockout Time for Failed Password Attempts - Check if /etc/pam.d/system-auth file is present] ***
ok: [localhost]

TASK [/stigforge/roles/ol9_stig : Set Lockout Time for Failed Password Attempts - Define the PAM file to be edited as a local fact] ***
ok: [localhost]

TASK [/stigforge/roles/ol9_stig : Set Lockout Time for Failed Password Attempts - Check if system relies on authselect tool] ***
ok: [localhost]

TASK [/stigforge/roles/ol9_stig : Set Lockout Time for Failed Password Attempts - Check integrity of authselect current profile] ***
ok: [localhost]

TASK [/stigforge/roles/ol9_stig : Set Lockout Time for Failed Password Attempts - Informative message based on the authselect integrity check result] ***
fatal: [localhost]: FAILED! => {
    "assertion": "ansible_check_mode or result_authselect_check_cmd.rc == 0",
    "changed": false,
    "evaluated_to": false,
    "msg": [
        "authselect integrity check failed. Remediation aborted!",
        "This remediation could not be applied because an authselect profile was not selected or the selected profile is not intact.",
        "It is not recommended to manually edit the PAM files when authselect tool is available.",
        "In cases where the default authselect profile does not cover a specific demand, a custom authselect profile is recommended."
    ]
}

TASK [/stigforge/roles/ol9_stig : StigForge: continue after error in 'Set Lockout Time for Failed Password Attempts - Ensure the pam_faillock.so unlock_time parameter not in PAM files' (OpenSCAP is the score gate)] ***
ok: [localhost] => {
    "msg": "StigForge: 'Set Lockout Time for Failed Password Attempts - Ensure the pam_faillock.so unlock_time parameter not in PAM files' raised an error (module or templating) and was skipped; continuing so later rules still run. OpenSCAP evaluates the resulting system state independently."
}

TASK [/stigforge/roles/ol9_stig : Set Lockout Time for Failed Password Attempts - Check if pam_faillock.so unlock_time parameter is already enabled in pam files] ***
skipping: [localhost]

TASK [/stigforge/roles/ol9_stig : Set Lockout Time for Failed Password Attempts - Ensure the inclusion of pam_faillock.so preauth unlock_time parameter in auth section] ***
skipping: [localhost] => (item=/etc/pam.d/system-auth) 
skipping: [localhost] => (item=/etc/pam.d/password-auth) 
skipping: [localhost]

TASK [/stigforge/roles/ol9_stig : Set Lockout Time for Failed Password Attempts - Ensure the inclusion of pam_faillock.so authfail unlock_time parameter in auth section] ***
skipping: [localhost] => (item=/etc/pam.d/system-auth) 
skipping: [localhost] => (item=/etc/pam.d/password-auth) 
skipping: [localhost]

TASK [/stigforge/roles/ol9_stig : Set Lockout Time for Failed Password Attempts - Ensure the desired value for pam_faillock.so preauth unlock_time parameter in auth section] ***
skipping: [localhost] => (item=/etc/pam.d/system-auth) 
skipping: [localhost] => (item=/etc/pam.d/password-auth) 
skipping: [localhost]

TASK [/stigforge/roles/ol9_stig : Set Lockout Time for Failed Password Attempts - Ensure the desired value for pam_faillock.so authfail unlock_time parameter in auth section] ***
skipping: [localhost] => (item=/etc/pam.d/system-auth) 
skipping: [localhost] => (item=/etc/pam.d/password-auth) 
skipping: [localhost]

TASK [/stigforge/roles/ol9_stig : Ensure PAM Enforces Password Requirements - Minimum Digit Characters - Find pwquality.conf.d files] ***
ok: [localhost]

TASK [/stigforge/roles/ol9_stig : Ensure PAM Enforces Password Requirements - Minimum Digit Characters - Ensure dcredit is not set in pwquality.conf.d] ***
skipping: [localhost]

TASK [/stigforge/roles/ol9_stig : Ensure PAM Enforces Password Requirements - Minimum Digit Characters - Check if /etc/pam.d/system-auth file is present] ***
ok: [localhost]

TASK [/stigforge/roles/ol9_stig : Ensure PAM Enforces Password Requirements - Minimum Digit Characters - Define the PAM file to be edited as a local fact] ***
ok: [localhost]

TASK [/stigforge/roles/ol9_stig : Ensure PAM Enforces Password Requirements - Minimum Digit Characters - Check if system relies on authselect tool] ***
ok: [localhost]

TASK [/stigforge/roles/ol9_stig : Ensure PAM Enforces Password Requirements - Minimum Digit Characters - Check integrity of authselect current profile] ***
ok: [localhost]

TASK [/stigforge/roles/ol9_stig : Ensure PAM Enforces Password Requirements - Minimum Digit Characters - Informative message based on the authselect integrity check result] ***
fatal: [localhost]: FAILED! => {
    "assertion": "ansible_check_mode or result_authselect_check_cmd.rc == 0",
    "changed": false,
    "evaluated_to": false,
    "msg": [
        "authselect integrity check failed. Remediation aborted!",
        "This remediation could not be applied because an authselect profile was not selected or the selected profile is not intact.",
        "It is not recommended to manually edit the PAM files when authselect tool is available.",
        "In cases where the default authselect profile does not cover a specific demand, a custom authselect profile is recommended."
    ]
}

TASK [/stigforge/roles/ol9_stig : StigForge: continue after error in 'Ensure PAM Enforces Password Requirements - Minimum Digit Characters - Check the proper remediation for the system' (OpenSCAP is the score gate)] ***
ok: [localhost] => {
    "msg": "StigForge: 'Ensure PAM Enforces Password Requirements - Minimum Digit Characters - Check the proper remediation for the system' raised an error (module or templating) and was skipped; continuing so later rules still run. OpenSCAP evaluates the resulting system state independently."
}

TASK [/stigforge/roles/ol9_stig : Ensure PAM Enforces Password Requirements - Minimum Digit Characters - Ensure PAM variable dcredit is set accordingly] ***
changed: [localhost]

TASK [/stigforge/roles/ol9_stig : Ensure PAM Enforces Password Requirements - Prevent the Use of Dictionary Words - Find pwquality.conf.d files] ***
ok: [localhost]

TASK [/stigforge/roles/ol9_stig : Ensure PAM Enforces Password Requirements - Prevent the Use of Dictionary Words - Ensure dictcheck is not set in pwquality.conf.d] ***
skipping: [localhost]

TASK [/stigforge/roles/ol9_stig : Ensure PAM Enforces Password Requirements - Prevent the Use of Dictionary Words - Check if /etc/pam.d/system-auth file is present] ***
ok: [localhost]

TASK [/stigforge/roles/ol9_stig : Ensure PAM Enforces Password Requirements - Prevent the Use of Dictionary Words - Define the PAM file to be edited as a local fact] ***
ok: [localhost]

TASK [/stigforge/roles/ol9_stig : Ensure PAM Enforces Password Requirements - Prevent the Use of Dictionary Words - Check if system relies on authselect tool] ***
ok: [localhost]

TASK [/stigforge/roles/ol9_stig : Ensure PAM Enforces Password Requirements - Prevent the Use of Dictionary Words - Check integrity of authselect current profile] ***
ok: [localhost]

TASK [/stigforge/roles/ol9_stig : Ensure PAM Enforces Password Requirements - Prevent the Use of Dictionary Words - Informative message based on the authselect integrity check result] ***
fatal: [localhost]: FAILED! => {
    "assertion": "ansible_check_mode or result_authselect_check_cmd.rc == 0",
    "changed": false,
    "evaluated_to": false,
    "msg": [
        "authselect integrity check failed. Remediation aborted!",
        "This remediation could not be applied because an authselect profile was not selected or the selected profile is not intact.",
        "It is not recommended to manually edit the PAM files when authselect tool is available.",
        "In cases where the default authselect profile does not cover a specific demand, a custom authselect profile is recommended."
    ]
}

TASK [/stigforge/roles/ol9_stig : StigForge: continue after error in 'Ensure PAM Enforces Password Requirements - Prevent the Use of Dictionary Words - Check the proper remediation for the system' (OpenSCAP is the score gate)] ***
ok: [localhost] => {
    "msg": "StigForge: 'Ensure PAM Enforces Password Requirements - Prevent the Use of Dictionary Words - Check the proper remediation for the system' raised an error (module or templating) and was skipped; continuing so later rules still run. OpenSCAP evaluates the resulting system state independently."
}

TASK [/stigforge/roles/ol9_stig : Ensure PAM Enforces Password Requirements - Prevent the Use of Dictionary Words - Ensure PAM variable dictcheck is set accordingly] ***
changed: [localhost]

TASK [/stigforge/roles/ol9_stig : Ensure PAM Enforces Password Requirements - Minimum Different Characters - Find pwquality.conf.d files] ***
ok: [localhost]

TASK [/stigforge/roles/ol9_stig : Ensure PAM Enforces Password Requirements - Minimum Different Characters - Ensure difok is not set in pwquality.conf.d] ***
skipping: [localhost]

TASK [/stigforge/roles/ol9_stig : Ensure PAM Enforces Password Requirements - Minimum Different Characters - Check if /etc/pam.d/system-auth file is present] ***
ok: [localhost]

TASK [/stigforge/roles/ol9_stig : Ensure PAM Enforces Password Requirements - Minimum Different Characters - Define the PAM file to be edited as a local fact] ***
ok: [localhost]

TASK [/stigforge/roles/ol9_stig : Ensure PAM Enforces Password Requirements - Minimum Different Characters - Check if system relies on authselect tool] ***
ok: [localhost]

TASK [/stigforge/roles/ol9_stig : Ensure PAM Enforces Password Requirements - Minimum Different Characters - Check integrity of authselect current profile] ***
ok: [localhost]

TASK [/stigforge/roles/ol9_stig : Ensure PAM Enforces Password Requirements - Minimum Different Characters - Informative message based on the authselect integrity check result] ***
fatal: [localhost]: FAILED! => {
    "assertion": "ansible_check_mode or result_authselect_check_cmd.rc == 0",
    "changed": false,
    "evaluated_to": false,
    "msg": [
        "authselect integrity check failed. Remediation aborted!",
        "This remediation could not be applied because an authselect profile was not selected or the selected profile is not intact.",
        "It is not recommended to manually edit the PAM files when authselect tool is available.",
        "In cases where the default authselect profile does not cover a specific demand, a custom authselect profile is recommended."
    ]
}

TASK [/stigforge/roles/ol9_stig : StigForge: continue after error in 'Ensure PAM Enforces Password Requirements - Minimum Different Characters - Check the proper remediation for the system' (OpenSCAP is the score gate)] ***
ok: [localhost] => {
    "msg": "StigForge: 'Ensure PAM Enforces Password Requirements - Minimum Different Characters - Check the proper remediation for the system' raised an error (module or templating) and was skipped; continuing so later rules still run. OpenSCAP evaluates the resulting system state independently."
}

TASK [/stigforge/roles/ol9_stig : Ensure PAM Enforces Password Requirements - Minimum Different Characters - Ensure PAM variable difok is set accordingly] ***
changed: [localhost]

TASK [/stigforge/roles/ol9_stig : Ensure PAM Enforces Password Requirements - Minimum Lowercase Characters - Find pwquality.conf.d files] ***
ok: [localhost]

TASK [/stigforge/roles/ol9_stig : Ensure PAM Enforces Password Requirements - Minimum Lowercase Characters - Ensure lcredit is not set in pwquality.conf.d] ***
skipping: [localhost]

TASK [/stigforge/roles/ol9_stig : Ensure PAM Enforces Password Requirements - Minimum Lowercase Characters - Check if /etc/pam.d/system-auth file is present] ***
ok: [localhost]

TASK [/stigforge/roles/ol9_stig : Ensure PAM Enforces Password Requirements - Minimum Lowercase Characters - Define the PAM file to be edited as a local fact] ***
ok: [localhost]

TASK [/stigforge/roles/ol9_stig : Ensure PAM Enforces Password Requirements - Minimum Lowercase Characters - Check if system relies on authselect tool] ***
ok: [localhost]

TASK [/stigforge/roles/ol9_stig : Ensure PAM Enforces Password Requirements - Minimum Lowercase Characters - Check integrity of authselect current profile] ***
ok: [localhost]

TASK [/stigforge/roles/ol9_stig : Ensure PAM Enforces Password Requirements - Minimum Lowercase Characters - Informative message based on the authselect integrity check result] ***
fatal: [localhost]: FAILED! => {
    "assertion": "ansible_check_mode or result_authselect_check_cmd.rc == 0",
    "changed": false,
    "evaluated_to": false,
    "msg": [
        "authselect integrity check failed. Remediation aborted!",
        "This remediation could not be applied because an authselect profile was not selected or the selected profile is not intact.",
        "It is not recommended to manually edit the PAM files when authselect tool is available.",
        "In cases where the default authselect profile does not cover a specific demand, a custom authselect profile is recommended."
    ]
}

TASK [/stigforge/roles/ol9_stig : StigForge: continue after error in 'Ensure PAM Enforces Password Requirements - Minimum Lowercase Characters - Check the proper remediation for the system' (OpenSCAP is the score gate)] ***
ok: [localhost] => {
    "msg": "StigForge: 'Ensure PAM Enforces Password Requirements - Minimum Lowercase Characters - Check the proper remediation for the system' raised an error (module or templating) and was skipped; continuing so later rules still run. OpenSCAP evaluates the resulting system state independently."
}

TASK [/stigforge/roles/ol9_stig : Ensure PAM Enforces Password Requirements - Minimum Lowercase Characters - Ensure PAM variable lcredit is set accordingly] ***
changed: [localhost]

TASK [/stigforge/roles/ol9_stig : Ensure PAM Enforces Password Requirements - Maximum Consecutive Repeating Characters from Same Character Class - Find pwquality.conf.d files] ***
ok: [localhost]

TASK [/stigforge/roles/ol9_stig : Ensure PAM Enforces Password Requirements - Maximum Consecutive Repeating Characters from Same Character Class - Ensure maxclassrepeat is not set in pwquality.conf.d] ***
skipping: [localhost]

TASK [/stigforge/roles/ol9_stig : Ensure PAM Enforces Password Requirements - Maximum Consecutive Repeating Characters from Same Character Class - Check if /etc/pam.d/system-auth file is present] ***
ok: [localhost]

TASK [/stigforge/roles/ol9_stig : Ensure PAM Enforces Password Requirements - Maximum Consecutive Repeating Characters from Same Character Class - Define the PAM file to be edited as a local fact] ***
ok: [localhost]

TASK [/stigforge/roles/ol9_stig : Ensure PAM Enforces Password Requirements - Maximum Consecutive Repeating Characters from Same Character Class - Check if system relies on authselect tool] ***
ok: [localhost]

TASK [/stigforge/roles/ol9_stig : Ensure PAM Enforces Password Requirements - Maximum Consecutive Repeating Characters from Same Character Class - Check integrity of authselect current profile] ***
ok: [localhost]

TASK [/stigforge/roles/ol9_stig : Ensure PAM Enforces Password Requirements - Maximum Consecutive Repeating Characters from Same Character Class - Informative message based on the authselect integrity check result] ***
fatal: [localhost]: FAILED! => {
    "assertion": "ansible_check_mode or result_authselect_check_cmd.rc == 0",
    "changed": false,
    "evaluated_to": false,
    "msg": [
        "authselect integrity check failed. Remediation aborted!",
        "This remediation could not be applied because an authselect profile was not selected or the selected profile is not intact.",
        "It is not recommended to manually edit the PAM files when authselect tool is available.",
        "In cases where the default authselect profile does not cover a specific demand, a custom authselect profile is recommended."
    ]
}

TASK [/stigforge/roles/ol9_stig : StigForge: continue after error in 'Ensure PAM Enforces Password Requirements - Maximum Consecutive Repeating Characters from Same Character Class - Check the proper remediation for the system' (OpenSCAP is the score gate)] ***
ok: [localhost] => {
    "msg": "StigForge: 'Ensure PAM Enforces Password Requirements - Maximum Consecutive Repeating Characters from Same Character Class - Check the proper remediation for the system' raised an error (module or templating) and was skipped; continuing so later rules still run. OpenSCAP evaluates the resulting system state independently."
}

TASK [/stigforge/roles/ol9_stig : Ensure PAM Enforces Password Requirements - Maximum Consecutive Repeating Characters from Same Character Class - Ensure PAM variable maxclassrepeat is set accordingly] ***
changed: [localhost]

TASK [/stigforge/roles/ol9_stig : Set Password Maximum Consecutive Repeating Characters - Find pwquality.conf.d files] ***
ok: [localhost]

TASK [/stigforge/roles/ol9_stig : Set Password Maximum Consecutive Repeating Characters - Ensure maxrepeat is not set in pwquality.conf.d] ***
skipping: [localhost]

TASK [/stigforge/roles/ol9_stig : Set Password Maximum Consecutive Repeating Characters - Check if /etc/pam.d/system-auth file is present] ***
ok: [localhost]

TASK [/stigforge/roles/ol9_stig : Set Password Maximum Consecutive Repeating Characters - Define the PAM file to be edited as a local fact] ***
ok: [localhost]

TASK [/stigforge/roles/ol9_stig : Set Password Maximum Consecutive Repeating Characters - Check if system relies on authselect tool] ***
ok: [localhost]

TASK [/stigforge/roles/ol9_stig : Set Password Maximum Consecutive Repeating Characters - Check integrity of authselect current profile] ***
ok: [localhost]

TASK [/stigforge/roles/ol9_stig : Set Password Maximum Consecutive Repeating Characters - Informative message based on the authselect integrity check result] ***
fatal: [localhost]: FAILED! => {
    "assertion": "ansible_check_mode or result_authselect_check_cmd.rc == 0",
    "changed": false,
    "evaluated_to": false,
    "msg": [
        "authselect integrity check failed. Remediation aborted!",
        "This remediation could not be applied because an authselect profile was not selected or the selected profile is not intact.",
        "It is not recommended to manually edit the PAM files when authselect tool is available.",
        "In cases where the default authselect profile does not cover a specific demand, a custom authselect profile is recommended."
    ]
}

TASK [/stigforge/roles/ol9_stig : StigForge: continue after error in 'Set Password Maximum Consecutive Repeating Characters - Check the proper remediation for the system' (OpenSCAP is the score gate)] ***
ok: [localhost] => {
    "msg": "StigForge: 'Set Password Maximum Consecutive Repeating Characters - Check the proper remediation for the system' raised an error (module or templating) and was skipped; continuing so later rules still run. OpenSCAP evaluates the resulting system state independently."
}

TASK [/stigforge/roles/ol9_stig : Set Password Maximum Consecutive Repeating Characters - Ensure PAM variable maxrepeat is set accordingly] ***
changed: [localhost]

TASK [/stigforge/roles/ol9_stig : Ensure PAM Enforces Password Requirements - Minimum Different Categories - Find pwquality.conf.d files] ***
ok: [localhost]

TASK [/stigforge/roles/ol9_stig : Ensure PAM Enforces Password Requirements - Minimum Different Categories - Ensure minclass is not set in pwquality.conf.d] ***
skipping: [localhost]

TASK [/stigforge/roles/ol9_stig : Ensure PAM Enforces Password Requirements - Minimum Different Categories - Check if /etc/pam.d/system-auth file is present] ***
ok: [localhost]

TASK [/stigforge/roles/ol9_stig : Ensure PAM Enforces Password Requirements - Minimum Different Categories - Define the PAM file to be edited as a local fact] ***
ok: [localhost]

TASK [/stigforge/roles/ol9_stig : Ensure PAM Enforces Password Requirements - Minimum Different Categories - Check if system relies on authselect tool] ***
ok: [localhost]

TASK [/stigforge/roles/ol9_stig : Ensure PAM Enforces Password Requirements - Minimum Different Categories - Check integrity of authselect current profile] ***
ok: [localhost]

TASK [/stigforge/roles/ol9_stig : Ensure PAM Enforces Password Requirements - Minimum Different Categories - Informative message based on the authselect integrity check result] ***
fatal: [localhost]: FAILED! => {
    "assertion": "ansible_check_mode or result_authselect_check_cmd.rc == 0",
    "changed": false,
    "evaluated_to": false,
    "msg": [
        "authselect integrity check failed. Remediation aborted!",
        "This remediation could not be applied because an authselect profile was not selected or the selected profile is not intact.",
        "It is not recommended to manually edit the PAM files when authselect tool is available.",
        "In cases where the default authselect profile does not cover a specific demand, a custom authselect profile is recommended."
    ]
}

TASK [/stigforge/roles/ol9_stig : StigForge: continue after error in 'Ensure PAM Enforces Password Requirements - Minimum Different Categories - Check the proper remediation for the system' (OpenSCAP is the score gate)] ***
ok: [localhost] => {
    "msg": "StigForge: 'Ensure PAM Enforces Password Requirements - Minimum Different Categories - Check the proper remediation for the system' raised an error (module or templating) and was skipped; continuing so later rules still run. OpenSCAP evaluates the resulting system state independently."
}

TASK [/stigforge/roles/ol9_stig : Ensure PAM Enforces Password Requirements - Minimum Different Categories - Ensure PAM variable minclass is set accordingly] ***
changed: [localhost]

TASK [/stigforge/roles/ol9_stig : Ensure PAM Enforces Password Requirements - Minimum Length - Find pwquality.conf.d files] ***
ok: [localhost]

TASK [/stigforge/roles/ol9_stig : Ensure PAM Enforces Password Requirements - Minimum Length - Ensure minlen is not set in pwquality.conf.d] ***
skipping: [localhost]

TASK [/stigforge/roles/ol9_stig : Ensure PAM Enforces Password Requirements - Minimum Length - Check if /etc/pam.d/system-auth file is present] ***
ok: [localhost]

TASK [/stigforge/roles/ol9_stig : Ensure PAM Enforces Password Requirements - Minimum Length - Define the PAM file to be edited as a local fact] ***
ok: [localhost]

TASK [/stigforge/roles/ol9_stig : Ensure PAM Enforces Password Requirements - Minimum Length - Check if system relies on authselect tool] ***
ok: [localhost]

TASK [/stigforge/roles/ol9_stig : Ensure PAM Enforces Password Requirements - Minimum Length - Check integrity of authselect current profile] ***
ok: [localhost]

TASK [/stigforge/roles/ol9_stig : Ensure PAM Enforces Password Requirements - Minimum Length - Informative message based on the authselect integrity check result] ***
fatal: [localhost]: FAILED! => {
    "assertion": "ansible_check_mode or result_authselect_check_cmd.rc == 0",
    "changed": false,
    "evaluated_to": false,
    "msg": [
        "authselect integrity check failed. Remediation aborted!",
        "This remediation could not be applied because an authselect profile was not selected or the selected profile is not intact.",
        "It is not recommended to manually edit the PAM files when authselect tool is available.",
        "In cases where the default authselect profile does not cover a specific demand, a custom authselect profile is recommended."
    ]
}

TASK [/stigforge/roles/ol9_stig : StigForge: continue after error in 'Ensure PAM Enforces Password Requirements - Minimum Length - Check the proper remediation for the system' (OpenSCAP is the score gate)] ***
ok: [localhost] => {
    "msg": "StigForge: 'Ensure PAM Enforces Password Requirements - Minimum Length - Check the proper remediation for the system' raised an error (module or templating) and was skipped; continuing so later rules still run. OpenSCAP evaluates the resulting system state independently."
}

TASK [/stigforge/roles/ol9_stig : Ensure PAM Enforces Password Requirements - Minimum Length - Ensure PAM variable minlen is set accordingly] ***
changed: [localhost]

TASK [/stigforge/roles/ol9_stig : Ensure PAM Enforces Password Requirements - Minimum Special Characters - Find pwquality.conf.d files] ***
ok: [localhost]

TASK [/stigforge/roles/ol9_stig : Ensure PAM Enforces Password Requirements - Minimum Special Characters - Ensure ocredit is not set in pwquality.conf.d] ***
skipping: [localhost]

TASK [/stigforge/roles/ol9_stig : Ensure PAM Enforces Password Requirements - Minimum Special Characters - Check if /etc/pam.d/system-auth file is present] ***
ok: [localhost]

TASK [/stigforge/roles/ol9_stig : Ensure PAM Enforces Password Requirements - Minimum Special Characters - Define the PAM file to be edited as a local fact] ***
ok: [localhost]

TASK [/stigforge/roles/ol9_stig : Ensure PAM Enforces Password Requirements - Minimum Special Characters - Check if system relies on authselect tool] ***
ok: [localhost]

TASK [/stigforge/roles/ol9_stig : Ensure PAM Enforces Password Requirements - Minimum Special Characters - Check integrity of authselect current profile] ***
ok: [localhost]

TASK [/stigforge/roles/ol9_stig : Ensure PAM Enforces Password Requirements - Minimum Special Characters - Informative message based on the authselect integrity check result] ***
fatal: [localhost]: FAILED! => {
    "assertion": "ansible_check_mode or result_authselect_check_cmd.rc == 0",
    "changed": false,
    "evaluated_to": false,
    "msg": [
        "authselect integrity check failed. Remediation aborted!",
        "This remediation could not be applied because an authselect profile was not selected or the selected profile is not intact.",
        "It is not recommended to manually edit the PAM files when authselect tool is available.",
        "In cases where the default authselect profile does not cover a specific demand, a custom authselect profile is recommended."
    ]
}

TASK [/stigforge/roles/ol9_stig : StigForge: continue after error in 'Ensure PAM Enforces Password Requirements - Minimum Special Characters - Check the proper remediation for the system' (OpenSCAP is the score gate)] ***
ok: [localhost] => {
    "msg": "StigForge: 'Ensure PAM Enforces Password Requirements - Minimum Special Characters - Check the proper remediation for the system' raised an error (module or templating) and was skipped; continuing so later rules still run. OpenSCAP evaluates the resulting system state independently."
}

TASK [/stigforge/roles/ol9_stig : Ensure PAM Enforces Password Requirements - Minimum Special Characters - Ensure PAM variable ocredit is set accordingly] ***
changed: [localhost]

TASK [/stigforge/roles/ol9_stig : Ensure PAM password complexity module is enabled in password-auth - Check if /etc/pam.d/password-auth file is present] ***
ok: [localhost]

TASK [/stigforge/roles/ol9_stig : Ensure PAM password complexity module is enabled in password-auth - Define the PAM file to be edited as a local fact] ***
ok: [localhost]

TASK [/stigforge/roles/ol9_stig : Ensure PAM password complexity module is enabled in password-auth - Check if system relies on authselect tool] ***
ok: [localhost]

TASK [/stigforge/roles/ol9_stig : Ensure PAM password complexity module is enabled in password-auth - Check integrity of authselect current profile] ***
ok: [localhost]

TASK [/stigforge/roles/ol9_stig : Ensure PAM password complexity module is enabled in password-auth - Informative message based on the authselect integrity check result] ***
fatal: [localhost]: FAILED! => {
    "assertion": "ansible_check_mode or result_authselect_check_cmd.rc == 0",
    "changed": false,
    "evaluated_to": false,
    "msg": [
        "authselect integrity check failed. Remediation aborted!",
        "This remediation could not be applied because an authselect profile was not selected or the selected profile is not intact.",
        "It is not recommended to manually edit the PAM files when authselect tool is available.",
        "In cases where the default authselect profile does not cover a specific demand, a custom authselect profile is recommended."
    ]
}

TASK [/stigforge/roles/ol9_stig : StigForge: continue after error in 'Ensure PAM password complexity module is enabled in password-auth - Check the proper remediation for the system' (OpenSCAP is the score gate)] ***
ok: [localhost] => {
    "msg": "StigForge: 'Ensure PAM password complexity module is enabled in password-auth - Check the proper remediation for the system' raised an error (module or templating) and was skipped; continuing so later rules still run. OpenSCAP evaluates the resulting system state independently."
}

TASK [/stigforge/roles/ol9_stig : Ensure PAM password complexity module is enabled in system-auth - Check if /etc/pam.d/system-auth file is present] ***
ok: [localhost]

TASK [/stigforge/roles/ol9_stig : Ensure PAM password complexity module is enabled in system-auth - Define the PAM file to be edited as a local fact] ***
ok: [localhost]

TASK [/stigforge/roles/ol9_stig : Ensure PAM password complexity module is enabled in system-auth - Check if system relies on authselect tool] ***
ok: [localhost]

TASK [/stigforge/roles/ol9_stig : Ensure PAM password complexity module is enabled in system-auth - Check integrity of authselect current profile] ***
ok: [localhost]

TASK [/stigforge/roles/ol9_stig : Ensure PAM password complexity module is enabled in system-auth - Informative message based on the authselect integrity check result] ***
fatal: [localhost]: FAILED! => {
    "assertion": "ansible_check_mode or result_authselect_check_cmd.rc == 0",
    "changed": false,
    "evaluated_to": false,
    "msg": [
        "authselect integrity check failed. Remediation aborted!",
        "This remediation could not be applied because an authselect profile was not selected or the selected profile is not intact.",
        "It is not recommended to manually edit the PAM files when authselect tool is available.",
        "In cases where the default authselect profile does not cover a specific demand, a custom authselect profile is recommended."
    ]
}

TASK [/stigforge/roles/ol9_stig : StigForge: continue after error in 'Ensure PAM password complexity module is enabled in system-auth - Check the proper remediation for the system' (OpenSCAP is the score gate)] ***
ok: [localhost] => {
    "msg": "StigForge: 'Ensure PAM password complexity module is enabled in system-auth - Check the proper remediation for the system' raised an error (module or templating) and was skipped; continuing so later rules still run. OpenSCAP evaluates the resulting system state independently."
}

TASK [/stigforge/roles/ol9_stig : Ensure PAM variable retry is set accordingly] ***
changed: [localhost]

TASK [/stigforge/roles/ol9_stig : Ensure PAM Enforces Password Requirements - Authentication Retry Prompts Permitted Per-Session - Check if /etc/pam.d/password-auth file is present] ***
ok: [localhost]

TASK [/stigforge/roles/ol9_stig : Ensure PAM Enforces Password Requirements - Authentication Retry Prompts Permitted Per-Session - Define the PAM file to be edited as a local fact] ***
ok: [localhost]

TASK [/stigforge/roles/ol9_stig : Ensure PAM Enforces Password Requirements - Authentication Retry Prompts Permitted Per-Session - Check if system relies on authselect tool] ***
ok: [localhost]

TASK [/stigforge/roles/ol9_stig : Ensure PAM Enforces Password Requirements - Authentication Retry Prompts Permitted Per-Session - Check integrity of authselect current profile] ***
ok: [localhost]

TASK [/stigforge/roles/ol9_stig : Ensure PAM Enforces Password Requirements - Authentication Retry Prompts Permitted Per-Session - Informative message based on the authselect integrity check result] ***
fatal: [localhost]: FAILED! => {
    "assertion": "ansible_check_mode or result_authselect_check_cmd.rc == 0",
    "changed": false,
    "evaluated_to": false,
    "msg": [
        "authselect integrity check failed. Remediation aborted!",
        "This remediation could not be applied because an authselect profile was not selected or the selected profile is not intact.",
        "It is not recommended to manually edit the PAM files when authselect tool is available.",
        "In cases where the default authselect profile does not cover a specific demand, a custom authselect profile is recommended."
    ]
}

TASK [/stigforge/roles/ol9_stig : StigForge: continue after error in 'Ensure PAM Enforces Password Requirements - Authentication Retry Prompts Permitted Per-Session - Check the proper remediation for the system' (OpenSCAP is the score gate)] ***
ok: [localhost] => {
    "msg": "StigForge: 'Ensure PAM Enforces Password Requirements - Authentication Retry Prompts Permitted Per-Session - Check the proper remediation for the system' raised an error (module or templating) and was skipped; continuing so later rules still run. OpenSCAP evaluates the resulting system state independently."
}

TASK [/stigforge/roles/ol9_stig : Ensure PAM Enforces Password Requirements - Authentication Retry Prompts Permitted Per-Session - Check if /etc/pam.d/system-auth file is present] ***
ok: [localhost]

TASK [/stigforge/roles/ol9_stig : Ensure PAM Enforces Password Requirements - Authentication Retry Prompts Permitted Per-Session - Define the PAM file to be edited as a local fact] ***
ok: [localhost]

TASK [/stigforge/roles/ol9_stig : Ensure PAM Enforces Password Requirements - Authentication Retry Prompts Permitted Per-Session - Check if system relies on authselect tool] ***
ok: [localhost]

TASK [/stigforge/roles/ol9_stig : Ensure PAM Enforces Password Requirements - Authentication Retry Prompts Permitted Per-Session - Check integrity of authselect current profile] ***
ok: [localhost]

TASK [/stigforge/roles/ol9_stig : Ensure PAM Enforces Password Requirements - Authentication Retry Prompts Permitted Per-Session - Informative message based on the authselect integrity check result] ***
fatal: [localhost]: FAILED! => {
    "assertion": "ansible_check_mode or result_authselect_check_cmd.rc == 0",
    "changed": false,
    "evaluated_to": false,
    "msg": [
        "authselect integrity check failed. Remediation aborted!",
        "This remediation could not be applied because an authselect profile was not selected or the selected profile is not intact.",
        "It is not recommended to manually edit the PAM files when authselect tool is available.",
        "In cases where the default authselect profile does not cover a specific demand, a custom authselect profile is recommended."
    ]
}

TASK [/stigforge/roles/ol9_stig : StigForge: continue after error in 'Ensure PAM Enforces Password Requirements - Authentication Retry Prompts Permitted Per-Session - Check the proper remediation for the system' (OpenSCAP is the score gate)] ***
ok: [localhost] => {
    "msg": "StigForge: 'Ensure PAM Enforces Password Requirements - Authentication Retry Prompts Permitted Per-Session - Check the proper remediation for the system' raised an error (module or templating) and was skipped; continuing so later rules still run. OpenSCAP evaluates the resulting system state independently."
}

TASK [/stigforge/roles/ol9_stig : Ensure PAM Enforces Password Requirements - Minimum Uppercase Characters - Find pwquality.conf.d files] ***
ok: [localhost]

TASK [/stigforge/roles/ol9_stig : Ensure PAM Enforces Password Requirements - Minimum Uppercase Characters - Ensure ucredit is not set in pwquality.conf.d] ***
skipping: [localhost]

TASK [/stigforge/roles/ol9_stig : Ensure PAM Enforces Password Requirements - Minimum Uppercase Characters - Check if /etc/pam.d/system-auth file is present] ***
ok: [localhost]

TASK [/stigforge/roles/ol9_stig : Ensure PAM Enforces Password Requirements - Minimum Uppercase Characters - Define the PAM file to be edited as a local fact] ***
ok: [localhost]

TASK [/stigforge/roles/ol9_stig : Ensure PAM Enforces Password Requirements - Minimum Uppercase Characters - Check if system relies on authselect tool] ***
ok: [localhost]

TASK [/stigforge/roles/ol9_stig : Ensure PAM Enforces Password Requirements - Minimum Uppercase Characters - Check integrity of authselect current profile] ***
ok: [localhost]

TASK [/stigforge/roles/ol9_stig : Ensure PAM Enforces Password Requirements - Minimum Uppercase Characters - Informative message based on the authselect integrity check result] ***
fatal: [localhost]: FAILED! => {
    "assertion": "ansible_check_mode or result_authselect_check_cmd.rc == 0",
    "changed": false,
    "evaluated_to": false,
    "msg": [
        "authselect integrity check failed. Remediation aborted!",
        "This remediation could not be applied because an authselect profile was not selected or the selected profile is not intact.",
        "It is not recommended to manually edit the PAM files when authselect tool is available.",
        "In cases where the default authselect profile does not cover a specific demand, a custom authselect profile is recommended."
    ]
}

TASK [/stigforge/roles/ol9_stig : StigForge: continue after error in 'Ensure PAM Enforces Password Requirements - Minimum Uppercase Characters - Check the proper remediation for the system' (OpenSCAP is the score gate)] ***
ok: [localhost] => {
    "msg": "StigForge: 'Ensure PAM Enforces Password Requirements - Minimum Uppercase Characters - Check the proper remediation for the system' raised an error (module or templating) and was skipped; continuing so later rules still run. OpenSCAP evaluates the resulting system state independently."
}

TASK [/stigforge/roles/ol9_stig : Ensure PAM Enforces Password Requirements - Minimum Uppercase Characters - Ensure PAM variable ucredit is set accordingly] ***
changed: [localhost]

TASK [/stigforge/roles/ol9_stig : Set Password Hashing Algorithm in /etc/libuser.conf - Set Password Hashing Algorithm in /etc/libuser.conf] ***
ok: [localhost]

TASK [/stigforge/roles/ol9_stig : Set Password Hashing Algorithm in /etc/login.defs] ***
ok: [localhost]

TASK [/stigforge/roles/ol9_stig : Set PAM's Password Hashing Algorithm - password-auth - Check if /etc/pam.d/password-auth file is present] ***
ok: [localhost]

TASK [/stigforge/roles/ol9_stig : Set PAM's Password Hashing Algorithm - password-auth - Define the PAM file to be edited as a local fact] ***
ok: [localhost]

TASK [/stigforge/roles/ol9_stig : Set PAM's Password Hashing Algorithm - password-auth - Check if system relies on authselect tool] ***
ok: [localhost]

TASK [/stigforge/roles/ol9_stig : Set PAM's Password Hashing Algorithm - password-auth - Check integrity of authselect current profile] ***
ok: [localhost]

TASK [/stigforge/roles/ol9_stig : Set PAM's Password Hashing Algorithm - password-auth - Informative message based on the authselect integrity check result] ***
fatal: [localhost]: FAILED! => {
    "assertion": "ansible_check_mode or result_authselect_check_cmd.rc == 0",
    "changed": false,
    "evaluated_to": false,
    "msg": [
        "authselect integrity check failed. Remediation aborted!",
        "This remediation could not be applied because an authselect profile was not selected or the selected profile is not intact.",
        "It is not recommended to manually edit the PAM files when authselect tool is available.",
        "In cases where the default authselect profile does not cover a specific demand, a custom authselect profile is recommended."
    ]
}

TASK [/stigforge/roles/ol9_stig : StigForge: continue after error in "Set PAM's Password Hashing Algorithm - password-auth - Check the proper remediation for the system" (OpenSCAP is the score gate)] ***
ok: [localhost] => {
    "msg": "StigForge: \"Set PAM's Password Hashing Algorithm - password-auth - Check the proper remediation for the system\" raised an error (module or templating) and was skipped; continuing so later rules still run. OpenSCAP evaluates the resulting system state independently."
}

TASK [/stigforge/roles/ol9_stig : Set PAM's Password Hashing Algorithm - password-auth - Check if /etc/pam.d/password-auth File is Present] ***
ok: [localhost]

TASK [/stigforge/roles/ol9_stig : Set PAM's Password Hashing Algorithm - password-auth - Define the PAM file to be edited as a local fact] ***
ok: [localhost]

TASK [/stigforge/roles/ol9_stig : Set PAM's Password Hashing Algorithm - password-auth - Check if system relies on authselect tool] ***
ok: [localhost]

TASK [/stigforge/roles/ol9_stig : Set PAM's Password Hashing Algorithm - password-auth - Check integrity of authselect current profile] ***
ok: [localhost]

TASK [/stigforge/roles/ol9_stig : Set PAM's Password Hashing Algorithm - password-auth - Informative message based on the authselect integrity check result] ***
fatal: [localhost]: FAILED! => {
    "assertion": "ansible_check_mode or result_authselect_check_cmd.rc == 0",
    "changed": false,
    "evaluated_to": false,
    "msg": [
        "authselect integrity check failed. Remediation aborted!",
        "This remediation could not be applied because an authselect profile was not selected or the selected profile is not intact.",
        "It is not recommended to manually edit the PAM files when authselect tool is available.",
        "In cases where the default authselect profile does not cover a specific demand, a custom authselect profile is recommended."
    ]
}

TASK [/stigforge/roles/ol9_stig : StigForge: continue after error in "Set PAM's Password Hashing Algorithm - password-auth - Check The Proper Remediation For The System" (OpenSCAP is the score gate)] ***
ok: [localhost] => {
    "msg": "StigForge: \"Set PAM's Password Hashing Algorithm - password-auth - Check The Proper Remediation For The System\" raised an error (module or templating) and was skipped; continuing so later rules still run. OpenSCAP evaluates the resulting system state independently."
}

TASK [/stigforge/roles/ol9_stig : Set Password Hashing Rounds in /etc/login.defs - extract contents of the file /etc/login.defs] ***
ok: [localhost]

TASK [/stigforge/roles/ol9_stig : Set Password Hashing Rounds in /etc/login.defs - extract the value of SHA_CRYPT_MIN_ROUNDS if present] ***
ok: [localhost]

TASK [/stigforge/roles/ol9_stig : Set Password Hashing Rounds in /etc/login.defs - extract the value of SHA_CRYPT_MAX_ROUNDS if present] ***
ok: [localhost]

TASK [/stigforge/roles/ol9_stig : Set Password Hashing Rounds in /etc/login.defs - Ensure SHA_CRYPT_MIN_ROUNDS has Minimum Value of 5000] ***
skipping: [localhost]

TASK [/stigforge/roles/ol9_stig : Set Password Hashing Rounds in /etc/login.defs - Ensure SHA_CRYPT_MAX_ROUNDS has Minimum Value of 5000] ***
skipping: [localhost]

TASK [/stigforge/roles/ol9_stig : Set Password Hashing Rounds in /etc/login.defs - SHA_CRYPT_MIN_ROUNDS add configuration if not found] ***
changed: [localhost]

TASK [/stigforge/roles/ol9_stig : Set Password Hashing Rounds in /etc/login.defs - SHA_CRYPT_MAX_ROUNDS add configuration if not found] ***
skipping: [localhost]

TASK [/stigforge/roles/ol9_stig : Disable Ctrl-Alt-Del Burst Action] ***********
skipping: [localhost]

TASK [/stigforge/roles/ol9_stig : Disable Ctrl-Alt-Del Reboot Activation] ******
skipping: [localhost]

TASK [/stigforge/roles/ol9_stig : Verify GRUB_DISABLE_RECOVERY=true] ***********
skipping: [localhost]

TASK [/stigforge/roles/ol9_stig : Verify that Interactive Boot is Disabled in /etc/default/grub] ***
skipping: [localhost]

TASK [/stigforge/roles/ol9_stig : Verify that Interactive Boot is Disabled (runtime)] ***
skipping: [localhost]

TASK [/stigforge/roles/ol9_stig : Regen grub.cfg handle updated GRUB_DISABLE_RECOVERY and confirm_spawn] ***
skipping: [localhost]

TASK [/stigforge/roles/ol9_stig : Require emergency mode password] *************
skipping: [localhost]

TASK [/stigforge/roles/ol9_stig : Require Authentication for Single User Mode - find files which already override Execstart of rescue.service] ***
skipping: [localhost]

TASK [/stigforge/roles/ol9_stig : Require Authentication for Single User Mode - set files containing ExecStart overrides as target] ***
skipping: [localhost]

TASK [/stigforge/roles/ol9_stig : Require Authentication for Single User Mode - set default target for rescue.service override] ***
skipping: [localhost]

TASK [/stigforge/roles/ol9_stig : Require Authentication for Single User Mode - Require emergency user mode password] ***
skipping: [localhost]

TASK [/stigforge/roles/ol9_stig : Set Account Expiration Following Inactivity] ***
changed: [localhost]

TASK [/stigforge/roles/ol9_stig : Set Password Maximum Age] ********************
changed: [localhost]

TASK [/stigforge/roles/ol9_stig : Set Password Minimum Age] ********************
changed: [localhost]

TASK [/stigforge/roles/ol9_stig : Collect users with not correct maximum time period between password changes] ***
changed: [localhost]

TASK [/stigforge/roles/ol9_stig : Change the maximum time period between password changes] ***
skipping: [localhost]

TASK [/stigforge/roles/ol9_stig : Collect users with not correct minimum time period between password changes] ***
changed: [localhost]

TASK [/stigforge/roles/ol9_stig : Change the minimum time period between password changes] ***
skipping: [localhost]

TASK [/stigforge/roles/ol9_stig : Set number of Password Hashing Rounds - password-auth - Check if /etc/pam.d/password-auth file is present] ***
ok: [localhost]

TASK [/stigforge/roles/ol9_stig : Set number of Password Hashing Rounds - password-auth - Define the PAM file to be edited as a local fact] ***
ok: [localhost]

TASK [/stigforge/roles/ol9_stig : Set number of Password Hashing Rounds - password-auth - Check if system relies on authselect tool] ***
ok: [localhost]

TASK [/stigforge/roles/ol9_stig : Set number of Password Hashing Rounds - password-auth - Check integrity of authselect current profile] ***
ok: [localhost]

TASK [/stigforge/roles/ol9_stig : Set number of Password Hashing Rounds - password-auth - Informative message based on the authselect integrity check result] ***
fatal: [localhost]: FAILED! => {
    "assertion": "ansible_check_mode or result_authselect_check_cmd.rc == 0",
    "changed": false,
    "evaluated_to": false,
    "msg": [
        "authselect integrity check failed. Remediation aborted!",
        "This remediation could not be applied because an authselect profile was not selected or the selected profile is not intact.",
        "It is not recommended to manually edit the PAM files when authselect tool is available.",
        "In cases where the default authselect profile does not cover a specific demand, a custom authselect profile is recommended."
    ]
}

TASK [/stigforge/roles/ol9_stig : StigForge: continue after error in 'Set number of Password Hashing Rounds - password-auth - Check the proper remediation for the system' (OpenSCAP is the score gate)] ***
ok: [localhost] => {
    "msg": "StigForge: 'Set number of Password Hashing Rounds - password-auth - Check the proper remediation for the system' raised an error (module or templating) and was skipped; continuing so later rules still run. OpenSCAP evaluates the resulting system state independently."
}

TASK [/stigforge/roles/ol9_stig : Set number of Password Hashing Rounds - system-auth - Check if /etc/pam.d/system-auth file is present] ***
ok: [localhost]

TASK [/stigforge/roles/ol9_stig : Set number of Password Hashing Rounds - system-auth - Define the PAM file to be edited as a local fact] ***
ok: [localhost]

TASK [/stigforge/roles/ol9_stig : Set number of Password Hashing Rounds - system-auth - Check if system relies on authselect tool] ***
ok: [localhost]

TASK [/stigforge/roles/ol9_stig : Set number of Password Hashing Rounds - system-auth - Check integrity of authselect current profile] ***
ok: [localhost]

TASK [/stigforge/roles/ol9_stig : Set number of Password Hashing Rounds - system-auth - Informative message based on the authselect integrity check result] ***
fatal: [localhost]: FAILED! => {
    "assertion": "ansible_check_mode or result_authselect_check_cmd.rc == 0",
    "changed": false,
    "evaluated_to": false,
    "msg": [
        "authselect integrity check failed. Remediation aborted!",
        "This remediation could not be applied because an authselect profile was not selected or the selected profile is not intact.",
        "It is not recommended to manually edit the PAM files when authselect tool is available.",
        "In cases where the default authselect profile does not cover a specific demand, a custom authselect profile is recommended."
    ]
}

TASK [/stigforge/roles/ol9_stig : StigForge: continue after error in 'Set number of Password Hashing Rounds - system-auth - Check the proper remediation for the system' (OpenSCAP is the score gate)] ***
ok: [localhost] => {
    "msg": "StigForge: 'Set number of Password Hashing Rounds - system-auth - Check the proper remediation for the system' raised an error (module or templating) and was skipped; continuing so later rules still run. OpenSCAP evaluates the resulting system state independently."
}

TASK [/stigforge/roles/ol9_stig : Prevent Login to Accounts With Empty Password - Check if system relies on authselect] ***
skipping: [localhost]

TASK [/stigforge/roles/ol9_stig : Prevent Login to Accounts With Empty Password - Check integrity of authselect current profile] ***
skipping: [localhost]

TASK [/stigforge/roles/ol9_stig : Prevent Login to Accounts With Empty Password - Informative message based on the authselect integrity check result] ***
skipping: [localhost]

TASK [/stigforge/roles/ol9_stig : Prevent Login to Accounts With Empty Password - Get authselect current features] ***
skipping: [localhost]

TASK [/stigforge/roles/ol9_stig : Prevent Login to Accounts With Empty Password - Ensure "without-nullok" feature is enabled using authselect tool] ***
skipping: [localhost]

TASK [/stigforge/roles/ol9_stig : Prevent Login to Accounts With Empty Password - Ensure authselect changes are applied] ***
skipping: [localhost]

TASK [/stigforge/roles/ol9_stig : Prevent Login to Accounts With Empty Password - Remediate directly editing PAM files] ***
skipping: [localhost] => (item=/etc/pam.d/system-auth) 
skipping: [localhost] => (item=/etc/pam.d/password-auth) 
skipping: [localhost]

TASK [/stigforge/roles/ol9_stig : Collect users with no password] **************
skipping: [localhost]

TASK [/stigforge/roles/ol9_stig : Lock users with no password] *****************
skipping: [localhost]

TASK [/stigforge/roles/ol9_stig : Get all /etc/passwd file entries] ************
ok: [localhost]

TASK [/stigforge/roles/ol9_stig : Lock the password of the user accounts other than root with uid 0] ***
skipping: [localhost] => (item={'key': 'bin', 'value': ['x', '1', '1', 'bin', '/bin', '/sbin/nologin']}) 
skipping: [localhost] => (item={'key': 'daemon', 'value': ['x', '2', '2', 'daemon', '/sbin', '/sbin/nologin']}) 
skipping: [localhost] => (item={'key': 'adm', 'value': ['x', '3', '4', 'adm', '/var/adm', '/sbin/nologin']}) 
skipping: [localhost] => (item={'key': 'lp', 'value': ['x', '4', '7', 'lp', '/var/spool/lpd', '/sbin/nologin']}) 
skipping: [localhost] => (item={'key': 'sync', 'value': ['x', '5', '0', 'sync', '/sbin', '/bin/sync']}) 
skipping: [localhost] => (item={'key': 'shutdown', 'value': ['x', '6', '0', 'shutdown', '/sbin', '/sbin/shutdown']}) 
skipping: [localhost] => (item={'key': 'halt', 'value': ['x', '7', '0', 'halt', '/sbin', '/sbin/halt']}) 
skipping: [localhost] => (item={'key': 'mail', 'value': ['x', '8', '12', 'mail', '/var/spool/mail', '/sbin/nologin']}) 
skipping: [localhost] => (item={'key': 'operator', 'value': ['x', '11', '0', 'operator', '/root', '/sbin/nologin']}) 
skipping: [localhost] => (item={'key': 'games', 'value': ['x', '12', '100', 'games', '/usr/games', '/sbin/nologin']}) 
skipping: [localhost] => (item={'key': 'ftp', 'value': ['x', '14', '50', 'FTP User', '/var/ftp', '/sbin/nologin']}) 
skipping: [localhost] => (item={'key': 'nobody', 'value': ['x', '65534', '65534', 'Kernel Overflow User', '/', '/sbin/nologin']}) 
skipping: [localhost] => (item={'key': 'systemd-coredump', 'value': ['x', '999', '999', 'systemd Core Dumper', '/', '/sbin/nologin']}) 
skipping: [localhost] => (item={'key': 'dbus', 'value': ['x', '81', '81', 'System message bus', '/', '/sbin/nologin']}) 
skipping: [localhost] => (item={'key': 'tss', 'value': ['x', '59', '59', 'Account used for TPM access', '/', '/usr/sbin/nologin']}) 
skipping: [localhost] => (item={'key': 'sshd', 'value': ['x', '74', '74', 'Privilege-separated SSH', '/usr/share/empty.sshd', '/usr/sbin/nologin']}) 
skipping: [localhost] => (item={'key': 'unbound', 'value': ['x', '998', '998', 'Unbound DNS resolver', '/var/lib/unbound', '/sbin/nologin']}) 
skipping: [localhost]

TASK [/stigforge/roles/ol9_stig : Ensure that System Accounts Do Not Run a Shell Upon Login - Get All Local Users From /etc/passwd] ***
ok: [localhost]

TASK [/stigforge/roles/ol9_stig : Ensure that System Accounts Do Not Run a Shell Upon Login - Create local_users Variable From getent_passwd Facts] ***
ok: [localhost]

TASK [/stigforge/roles/ol9_stig : Ensure that System Accounts Do Not Run a Shell Upon Login -  Disable Login Shell for System Accounts] ***
skipping: [localhost] => (item={'key': 'root', 'value': ['x', '0', '0', 'root', '/root', '/bin/bash']}) 
ok: [localhost] => (item={'key': 'bin', 'value': ['x', '1', '1', 'bin', '/bin', '/sbin/nologin']})
ok: [localhost] => (item={'key': 'daemon', 'value': ['x', '2', '2', 'daemon', '/sbin', '/sbin/nologin']})
ok: [localhost] => (item={'key': 'adm', 'value': ['x', '3', '4', 'adm', '/var/adm', '/sbin/nologin']})
ok: [localhost] => (item={'key': 'lp', 'value': ['x', '4', '7', 'lp', '/var/spool/lpd', '/sbin/nologin']})
skipping: [localhost] => (item={'key': 'sync', 'value': ['x', '5', '0', 'sync', '/sbin', '/bin/sync']}) 
skipping: [localhost] => (item={'key': 'shutdown', 'value': ['x', '6', '0', 'shutdown', '/sbin', '/sbin/shutdown']}) 
skipping: [localhost] => (item={'key': 'halt', 'value': ['x', '7', '0', 'halt', '/sbin', '/sbin/halt']}) 
ok: [localhost] => (item={'key': 'mail', 'value': ['x', '8', '12', 'mail', '/var/spool/mail', '/sbin/nologin']})
ok: [localhost] => (item={'key': 'operator', 'value': ['x', '11', '0', 'operator', '/root', '/sbin/nologin']})
ok: [localhost] => (item={'key': 'games', 'value': ['x', '12', '100', 'games', '/usr/games', '/sbin/nologin']})
ok: [localhost] => (item={'key': 'ftp', 'value': ['x', '14', '50', 'FTP User', '/var/ftp', '/sbin/nologin']})
skipping: [localhost] => (item={'key': 'nobody', 'value': ['x', '65534', '65534', 'Kernel Overflow User', '/', '/sbin/nologin']}) 
ok: [localhost] => (item={'key': 'systemd-coredump', 'value': ['x', '999', '999', 'systemd Core Dumper', '/', '/sbin/nologin']})
ok: [localhost] => (item={'key': 'dbus', 'value': ['x', '81', '81', 'System message bus', '/', '/sbin/nologin']})
changed: [localhost] => (item={'key': 'tss', 'value': ['x', '59', '59', 'Account used for TPM access', '/', '/usr/sbin/nologin']})
changed: [localhost] => (item={'key': 'sshd', 'value': ['x', '74', '74', 'Privilege-separated SSH', '/usr/share/empty.sshd', '/usr/sbin/nologin']})
ok: [localhost] => (item={'key': 'unbound', 'value': ['x', '998', '998', 'Unbound DNS resolver', '/var/lib/unbound', '/sbin/nologin']})

TASK [/stigforge/roles/ol9_stig : Restrict usage of su command only to members of wheel group] ***
changed: [localhost]

TASK [/stigforge/roles/ol9_stig : Check for duplicate values] ******************
ok: [localhost]

TASK [/stigforge/roles/ol9_stig : Deduplicate values from /etc/login.defs] *****
skipping: [localhost]

TASK [/stigforge/roles/ol9_stig : Insert correct line to /etc/login.defs] ******
changed: [localhost]

TASK [/stigforge/roles/ol9_stig : Set accounts logon fail delay] ***************
changed: [localhost]

TASK [/stigforge/roles/ol9_stig : Find /etc/security/limits.d files containing maxlogins configuration] ***
ok: [localhost]

TASK [/stigforge/roles/ol9_stig : Limit the Number of Concurrent Login Sessions Allowed Per User in files from limits.d] ***
skipping: [localhost]

TASK [/stigforge/roles/ol9_stig : Limit the Number of Concurrent Login Sessions Allowed Per User] ***
changed: [localhost]

TASK [/stigforge/roles/ol9_stig : Correct any occurrence of TMOUT in /etc/profile] ***
skipping: [localhost]

TASK [/stigforge/roles/ol9_stig : Set Interactive Session Timeout] *************
skipping: [localhost]

TASK [/stigforge/roles/ol9_stig : User Initialization Files Must Not Run World-Writable Programs - Initialize variables] ***
ok: [localhost]

TASK [/stigforge/roles/ol9_stig : User Initialization Files Must Not Run World-Writable Programs - Get user's home dir list] ***
ok: [localhost]

TASK [/stigforge/roles/ol9_stig : User Initialization Files Must Not Run World-Writable Programs - Fill home_user_dirs] ***
skipping: [localhost] => (item={'user': 'root', 'data': ['x', '0', '0', 'root', '/root', '/bin/bash']}) 
skipping: [localhost] => (item={'user': 'bin', 'data': ['x', '1', '1', 'bin', '/bin', '/sbin/nologin']}) 
skipping: [localhost] => (item={'user': 'daemon', 'data': ['x', '2', '2', 'daemon', '/sbin', '/sbin/nologin']}) 
skipping: [localhost] => (item={'user': 'adm', 'data': ['x', '3', '4', 'adm', '/var/adm', '/sbin/nologin']}) 
skipping: [localhost] => (item={'user': 'lp', 'data': ['x', '4', '7', 'lp', '/var/spool/lpd', '/sbin/nologin']}) 
skipping: [localhost] => (item={'user': 'sync', 'data': ['x', '5', '0', 'sync', '/sbin', '/bin/sync']}) 
skipping: [localhost] => (item={'user': 'shutdown', 'data': ['x', '6', '0', 'shutdown', '/sbin', '/sbin/shutdown']}) 
skipping: [localhost] => (item={'user': 'halt', 'data': ['x', '7', '0', 'halt', '/sbin', '/sbin/halt']}) 
skipping: [localhost] => (item={'user': 'mail', 'data': ['x', '8', '12', 'mail', '/var/spool/mail', '/sbin/nologin']}) 
skipping: [localhost] => (item={'user': 'operator', 'data': ['x', '11', '0', 'operator', '/root', '/sbin/nologin']}) 
skipping: [localhost] => (item={'user': 'games', 'data': ['x', '12', '100', 'games', '/usr/games', '/sbin/nologin']}) 
skipping: [localhost] => (item={'user': 'ftp', 'data': ['x', '14', '50', 'FTP User', '/var/ftp', '/sbin/nologin']}) 
skipping: [localhost] => (item={'user': 'nobody', 'data': ['x', '65534', '65534', 'Kernel Overflow User', '/', '/sbin/nologin']}) 
skipping: [localhost] => (item={'user': 'systemd-coredump', 'data': ['x', '999', '999', 'systemd Core Dumper', '/', '/sbin/nologin']}) 
skipping: [localhost] => (item={'user': 'dbus', 'data': ['x', '81', '81', 'System message bus', '/', '/sbin/nologin']}) 
skipping: [localhost] => (item={'user': 'tss', 'data': ['x', '59', '59', 'Account used for TPM access', '/', '/sbin/nologin']}) 
skipping: [localhost] => (item={'user': 'sshd', 'data': ['x', '74', '74', 'Privilege-separated SSH', '/usr/share/empty.sshd', '/sbin/nologin']}) 
skipping: [localhost] => (item={'user': 'unbound', 'data': ['x', '998', '998', 'Unbound DNS resolver', '/var/lib/unbound', '/sbin/nologin']}) 
skipping: [localhost]

TASK [/stigforge/roles/ol9_stig : User Initialization Files Must Not Run World-Writable Programs - Get world writable files] ***
changed: [localhost]

TASK [/stigforge/roles/ol9_stig : User Initialization Files Must Not Run World-Writable Programs - Find referenced_files in init files] ***
skipping: [localhost]

TASK [/stigforge/roles/ol9_stig : User Initialization Files Must Not Run World-Writable Programs - Remove world writable permissions] ***
skipping: [localhost]

TASK [/stigforge/roles/ol9_stig : Get all local users from /etc/passwd] ********
ok: [localhost]

TASK [/stigforge/roles/ol9_stig : Create local_users variable from the getent output] ***
ok: [localhost]

TASK [/stigforge/roles/ol9_stig : Ensure interactive users have an exclusive home directory defined] ***
skipping: [localhost] => (item={'key': 'root', 'value': ['x', '0', '0', 'root', '/root', '/bin/bash']}) 
skipping: [localhost] => (item={'key': 'bin', 'value': ['x', '1', '1', 'bin', '/bin', '/sbin/nologin']}) 
skipping: [localhost] => (item={'key': 'daemon', 'value': ['x', '2', '2', 'daemon', '/sbin', '/sbin/nologin']}) 
skipping: [localhost] => (item={'key': 'adm', 'value': ['x', '3', '4', 'adm', '/var/adm', '/sbin/nologin']}) 
skipping: [localhost] => (item={'key': 'lp', 'value': ['x', '4', '7', 'lp', '/var/spool/lpd', '/sbin/nologin']}) 
skipping: [localhost] => (item={'key': 'sync', 'value': ['x', '5', '0', 'sync', '/sbin', '/bin/sync']}) 
skipping: [localhost] => (item={'key': 'shutdown', 'value': ['x', '6', '0', 'shutdown', '/sbin', '/sbin/shutdown']}) 
skipping: [localhost] => (item={'key': 'halt', 'value': ['x', '7', '0', 'halt', '/sbin', '/sbin/halt']}) 
skipping: [localhost] => (item={'key': 'mail', 'value': ['x', '8', '12', 'mail', '/var/spool/mail', '/sbin/nologin']}) 
skipping: [localhost] => (item={'key': 'operator', 'value': ['x', '11', '0', 'operator', '/root', '/sbin/nologin']}) 
skipping: [localhost] => (item={'key': 'games', 'value': ['x', '12', '100', 'games', '/usr/games', '/sbin/nologin']}) 
skipping: [localhost] => (item={'key': 'ftp', 'value': ['x', '14', '50', 'FTP User', '/var/ftp', '/sbin/nologin']}) 
skipping: [localhost] => (item={'key': 'nobody', 'value': ['x', '65534', '65534', 'Kernel Overflow User', '/', '/sbin/nologin']}) 
skipping: [localhost] => (item={'key': 'systemd-coredump', 'value': ['x', '999', '999', 'systemd Core Dumper', '/', '/sbin/nologin']}) 
skipping: [localhost] => (item={'key': 'dbus', 'value': ['x', '81', '81', 'System message bus', '/', '/sbin/nologin']}) 
skipping: [localhost] => (item={'key': 'tss', 'value': ['x', '59', '59', 'Account used for TPM access', '/', '/sbin/nologin']}) 
skipping: [localhost] => (item={'key': 'sshd', 'value': ['x', '74', '74', 'Privilege-separated SSH', '/usr/share/empty.sshd', '/sbin/nologin']}) 
skipping: [localhost] => (item={'key': 'unbound', 'value': ['x', '998', '998', 'Unbound DNS resolver', '/var/lib/unbound', '/sbin/nologin']}) 
skipping: [localhost]

TASK [/stigforge/roles/ol9_stig : Get all local users from /etc/passwd] ********
ok: [localhost]

TASK [/stigforge/roles/ol9_stig : Create local_users variable from the getent output] ***
ok: [localhost]

TASK [/stigforge/roles/ol9_stig : Ensure interactive users have a home directory exists] ***
skipping: [localhost] => (item={'key': 'root', 'value': ['x', '0', '0', 'root', '/root', '/bin/bash']}) 
skipping: [localhost] => (item={'key': 'bin', 'value': ['x', '1', '1', 'bin', '/bin', '/sbin/nologin']}) 
skipping: [localhost] => (item={'key': 'daemon', 'value': ['x', '2', '2', 'daemon', '/sbin', '/sbin/nologin']}) 
skipping: [localhost] => (item={'key': 'adm', 'value': ['x', '3', '4', 'adm', '/var/adm', '/sbin/nologin']}) 
skipping: [localhost] => (item={'key': 'lp', 'value': ['x', '4', '7', 'lp', '/var/spool/lpd', '/sbin/nologin']}) 
skipping: [localhost] => (item={'key': 'sync', 'value': ['x', '5', '0', 'sync', '/sbin', '/bin/sync']}) 
skipping: [localhost] => (item={'key': 'shutdown', 'value': ['x', '6', '0', 'shutdown', '/sbin', '/sbin/shutdown']}) 
skipping: [localhost] => (item={'key': 'halt', 'value': ['x', '7', '0', 'halt', '/sbin', '/sbin/halt']}) 
skipping: [localhost] => (item={'key': 'mail', 'value': ['x', '8', '12', 'mail', '/var/spool/mail', '/sbin/nologin']}) 
skipping: [localhost] => (item={'key': 'operator', 'value': ['x', '11', '0', 'operator', '/root', '/sbin/nologin']}) 
skipping: [localhost] => (item={'key': 'games', 'value': ['x', '12', '100', 'games', '/usr/games', '/sbin/nologin']}) 
skipping: [localhost] => (item={'key': 'ftp', 'value': ['x', '14', '50', 'FTP User', '/var/ftp', '/sbin/nologin']}) 
skipping: [localhost] => (item={'key': 'nobody', 'value': ['x', '65534', '65534', 'Kernel Overflow User', '/', '/sbin/nologin']}) 
skipping: [localhost] => (item={'key': 'systemd-coredump', 'value': ['x', '999', '999', 'systemd Core Dumper', '/', '/sbin/nologin']}) 
skipping: [localhost] => (item={'key': 'dbus', 'value': ['x', '81', '81', 'System message bus', '/', '/sbin/nologin']}) 
skipping: [localhost] => (item={'key': 'tss', 'value': ['x', '59', '59', 'Account used for TPM access', '/', '/sbin/nologin']}) 
skipping: [localhost] => (item={'key': 'sshd', 'value': ['x', '74', '74', 'Privilege-separated SSH', '/usr/share/empty.sshd', '/sbin/nologin']}) 
skipping: [localhost] => (item={'key': 'unbound', 'value': ['x', '998', '998', 'Unbound DNS resolver', '/var/lib/unbound', '/sbin/nologin']}) 
skipping: [localhost]

TASK [/stigforge/roles/ol9_stig : Get all local users from /etc/passwd] ********
ok: [localhost]

TASK [/stigforge/roles/ol9_stig : Create local_users variable from the getent output] ***
ok: [localhost]

TASK [/stigforge/roles/ol9_stig : Test for existence of home directories to avoid creating them, but only fixing group ownership] ***
skipping: [localhost] => (item={'key': 'root', 'value': ['x', '0', '0', 'root', '/root', '/bin/bash']}) 
skipping: [localhost] => (item={'key': 'bin', 'value': ['x', '1', '1', 'bin', '/bin', '/sbin/nologin']}) 
skipping: [localhost] => (item={'key': 'daemon', 'value': ['x', '2', '2', 'daemon', '/sbin', '/sbin/nologin']}) 
skipping: [localhost] => (item={'key': 'adm', 'value': ['x', '3', '4', 'adm', '/var/adm', '/sbin/nologin']}) 
skipping: [localhost] => (item={'key': 'lp', 'value': ['x', '4', '7', 'lp', '/var/spool/lpd', '/sbin/nologin']}) 
skipping: [localhost] => (item={'key': 'sync', 'value': ['x', '5', '0', 'sync', '/sbin', '/bin/sync']}) 
skipping: [localhost] => (item={'key': 'shutdown', 'value': ['x', '6', '0', 'shutdown', '/sbin', '/sbin/shutdown']}) 
skipping: [localhost] => (item={'key': 'halt', 'value': ['x', '7', '0', 'halt', '/sbin', '/sbin/halt']}) 
skipping: [localhost] => (item={'key': 'mail', 'value': ['x', '8', '12', 'mail', '/var/spool/mail', '/sbin/nologin']}) 
skipping: [localhost] => (item={'key': 'operator', 'value': ['x', '11', '0', 'operator', '/root', '/sbin/nologin']}) 
skipping: [localhost] => (item={'key': 'games', 'value': ['x', '12', '100', 'games', '/usr/games', '/sbin/nologin']}) 
skipping: [localhost] => (item={'key': 'ftp', 'value': ['x', '14', '50', 'FTP User', '/var/ftp', '/sbin/nologin']}) 
skipping: [localhost] => (item={'key': 'nobody', 'value': ['x', '65534', '65534', 'Kernel Overflow User', '/', '/sbin/nologin']}) 
skipping: [localhost] => (item={'key': 'systemd-coredump', 'value': ['x', '999', '999', 'systemd Core Dumper', '/', '/sbin/nologin']}) 
skipping: [localhost] => (item={'key': 'dbus', 'value': ['x', '81', '81', 'System message bus', '/', '/sbin/nologin']}) 
skipping: [localhost] => (item={'key': 'tss', 'value': ['x', '59', '59', 'Account used for TPM access', '/', '/sbin/nologin']}) 
skipping: [localhost] => (item={'key': 'sshd', 'value': ['x', '74', '74', 'Privilege-separated SSH', '/usr/share/empty.sshd', '/sbin/nologin']}) 
skipping: [localhost] => (item={'key': 'unbound', 'value': ['x', '998', '998', 'Unbound DNS resolver', '/var/lib/unbound', '/sbin/nologin']}) 
skipping: [localhost]

TASK [/stigforge/roles/ol9_stig : Ensure interactive local users are the group-owners of their respective home directories] ***
skipping: [localhost] => (item=[{'key': 'root', 'value': ['x', '0', '0', 'root', '/root', '/bin/bash']}, {'changed': False, 'skipped': True, 'skip_reason': 'Conditional result was False', 'false_condition': 'item.value[1]|int >= 1000', 'item': {'key': 'root', 'value': ['x', '0', '0', 'root', '/root', '/bin/bash']}, 'ansible_loop_var': 'item'}]) 
skipping: [localhost] => (item=[{'key': 'bin', 'value': ['x', '1', '1', 'bin', '/bin', '/sbin/nologin']}, {'changed': False, 'skipped': True, 'skip_reason': 'Conditional result was False', 'false_condition': 'item.value[1]|int >= 1000', 'item': {'key': 'bin', 'value': ['x', '1', '1', 'bin', '/bin', '/sbin/nologin']}, 'ansible_loop_var': 'item'}]) 
skipping: [localhost] => (item=[{'key': 'daemon', 'value': ['x', '2', '2', 'daemon', '/sbin', '/sbin/nologin']}, {'changed': False, 'skipped': True, 'skip_reason': 'Conditional result was False', 'false_condition': 'item.value[1]|int >= 1000', 'item': {'key': 'daemon', 'value': ['x', '2', '2', 'daemon', '/sbin', '/sbin/nologin']}, 'ansible_loop_var': 'item'}]) 
skipping: [localhost] => (item=[{'key': 'adm', 'value': ['x', '3', '4', 'adm', '/var/adm', '/sbin/nologin']}, {'changed': False, 'skipped': True, 'skip_reason': 'Conditional result was False', 'false_condition': 'item.value[1]|int >= 1000', 'item': {'key': 'adm', 'value': ['x', '3', '4', 'adm', '/var/adm', '/sbin/nologin']}, 'ansible_loop_var': 'item'}]) 
skipping: [localhost] => (item=[{'key': 'lp', 'value': ['x', '4', '7', 'lp', '/var/spool/lpd', '/sbin/nologin']}, {'changed': False, 'skipped': True, 'skip_reason': 'Conditional result was False', 'false_condition': 'item.value[1]|int >= 1000', 'item': {'key': 'lp', 'value': ['x', '4', '7', 'lp', '/var/spool/lpd', '/sbin/nologin']}, 'ansible_loop_var': 'item'}]) 
skipping: [localhost] => (item=[{'key': 'sync', 'value': ['x', '5', '0', 'sync', '/sbin', '/bin/sync']}, {'changed': False, 'skipped': True, 'skip_reason': 'Conditional result was False', 'false_condition': 'item.value[1]|int >= 1000', 'item': {'key': 'sync', 'value': ['x', '5', '0', 'sync', '/sbin', '/bin/sync']}, 'ansible_loop_var': 'item'}]) 
skipping: [localhost] => (item=[{'key': 'shutdown', 'value': ['x', '6', '0', 'shutdown', '/sbin', '/sbin/shutdown']}, {'changed': False, 'skipped': True, 'skip_reason': 'Conditional result was False', 'false_condition': 'item.value[1]|int >= 1000', 'item': {'key': 'shutdown', 'value': ['x', '6', '0', 'shutdown', '/sbin', '/sbin/shutdown']}, 'ansible_loop_var': 'item'}]) 
skipping: [localhost] => (item=[{'key': 'halt', 'value': ['x', '7', '0', 'halt', '/sbin', '/sbin/halt']}, {'changed': False, 'skipped': True, 'skip_reason': 'Conditional result was False', 'false_condition': 'item.value[1]|int >= 1000', 'item': {'key': 'halt', 'value': ['x', '7', '0', 'halt', '/sbin', '/sbin/halt']}, 'ansible_loop_var': 'item'}]) 
skipping: [localhost] => (item=[{'key': 'mail', 'value': ['x', '8', '12', 'mail', '/var/spool/mail', '/sbin/nologin']}, {'changed': False, 'skipped': True, 'skip_reason': 'Conditional result was False', 'false_condition': 'item.value[1]|int >= 1000', 'item': {'key': 'mail', 'value': ['x', '8', '12', 'mail', '/var/spool/mail', '/sbin/nologin']}, 'ansible_loop_var': 'item'}]) 
skipping: [localhost] => (item=[{'key': 'operator', 'value': ['x', '11', '0', 'operator', '/root', '/sbin/nologin']}, {'changed': False, 'skipped': True, 'skip_reason': 'Conditional result was False', 'false_condition': 'item.value[1]|int >= 1000', 'item': {'key': 'operator', 'value': ['x', '11', '0', 'operator', '/root', '/sbin/nologin']}, 'ansible_loop_var': 'item'}]) 
skipping: [localhost] => (item=[{'key': 'games', 'value': ['x', '12', '100', 'games', '/usr/games', '/sbin/nologin']}, {'changed': False, 'skipped': True, 'skip_reason': 'Conditional result was False', 'false_condition': 'item.value[1]|int >= 1000', 'item': {'key': 'games', 'value': ['x', '12', '100', 'games', '/usr/games', '/sbin/nologin']}, 'ansible_loop_var': 'item'}]) 
skipping: [localhost] => (item=[{'key': 'ftp', 'value': ['x', '14', '50', 'FTP User', '/var/ftp', '/sbin/nologin']}, {'changed': False, 'skipped': True, 'skip_reason': 'Conditional result was False', 'false_condition': 'item.value[1]|int >= 1000', 'item': {'key': 'ftp', 'value': ['x', '14', '50', 'FTP User', '/var/ftp', '/sbin/nologin']}, 'ansible_loop_var': 'item'}]) 
skipping: [localhost] => (item=[{'key': 'nobody', 'value': ['x', '65534', '65534', 'Kernel Overflow User', '/', '/sbin/nologin']}, {'changed': False, 'skipped': True, 'skip_reason': 'Conditional result was False', 'false_condition': 'item.value[1]|int != 65534', 'item': {'key': 'nobody', 'value': ['x', '65534', '65534', 'Kernel Overflow User', '/', '/sbin/nologin']}, 'ansible_loop_var': 'item'}]) 
skipping: [localhost] => (item=[{'key': 'systemd-coredump', 'value': ['x', '999', '999', 'systemd Core Dumper', '/', '/sbin/nologin']}, {'changed': False, 'skipped': True, 'skip_reason': 'Conditional result was False', 'false_condition': 'item.value[1]|int >= 1000', 'item': {'key': 'systemd-coredump', 'value': ['x', '999', '999', 'systemd Core Dumper', '/', '/sbin/nologin']}, 'ansible_loop_var': 'item'}]) 
skipping: [localhost] => (item=[{'key': 'dbus', 'value': ['x', '81', '81', 'System message bus', '/', '/sbin/nologin']}, {'changed': False, 'skipped': True, 'skip_reason': 'Conditional result was False', 'false_condition': 'item.value[1]|int >= 1000', 'item': {'key': 'dbus', 'value': ['x', '81', '81', 'System message bus', '/', '/sbin/nologin']}, 'ansible_loop_var': 'item'}]) 
skipping: [localhost] => (item=[{'key': 'tss', 'value': ['x', '59', '59', 'Account used for TPM access', '/', '/sbin/nologin']}, {'changed': False, 'skipped': True, 'skip_reason': 'Conditional result was False', 'false_condition': 'item.value[1]|int >= 1000', 'item': {'key': 'tss', 'value': ['x', '59', '59', 'Account used for TPM access', '/', '/sbin/nologin']}, 'ansible_loop_var': 'item'}]) 
skipping: [localhost] => (item=[{'key': 'sshd', 'value': ['x', '74', '74', 'Privilege-separated SSH', '/usr/share/empty.sshd', '/sbin/nologin']}, {'changed': False, 'skipped': True, 'skip_reason': 'Conditional result was False', 'false_condition': 'item.value[1]|int >= 1000', 'item': {'key': 'sshd', 'value': ['x', '74', '74', 'Privilege-separated SSH', '/usr/share/empty.sshd', '/sbin/nologin']}, 'ansible_loop_var': 'item'}]) 
skipping: [localhost] => (item=[{'key': 'unbound', 'value': ['x', '998', '998', 'Unbound DNS resolver', '/var/lib/unbound', '/sbin/nologin']}, {'changed': False, 'skipped': True, 'skip_reason': 'Conditional result was False', 'false_condition': 'item.value[1]|int >= 1000', 'item': {'key': 'unbound', 'value': ['x', '998', '998', 'Unbound DNS resolver', '/var/lib/unbound', '/sbin/nologin']}, 'ansible_loop_var': 'item'}]) 
skipping: [localhost]

TASK [/stigforge/roles/ol9_stig : Ensure All User Initialization Files Have Mode 0740 Or Less Permissive - Gather User Info] ***
ok: [localhost]

TASK [/stigforge/roles/ol9_stig : Ensure All User Initialization Files Have Mode 0740 Or Less Permissive - Find Init Files] ***
skipping: [localhost] => (item={'key': 'root', 'value': ['x', '0', '0', 'root', '/root', '/bin/bash']}) 
skipping: [localhost] => (item={'key': 'bin', 'value': ['x', '1', '1', 'bin', '/bin', '/sbin/nologin']}) 
skipping: [localhost] => (item={'key': 'daemon', 'value': ['x', '2', '2', 'daemon', '/sbin', '/sbin/nologin']}) 
skipping: [localhost] => (item={'key': 'adm', 'value': ['x', '3', '4', 'adm', '/var/adm', '/sbin/nologin']}) 
skipping: [localhost] => (item={'key': 'lp', 'value': ['x', '4', '7', 'lp', '/var/spool/lpd', '/sbin/nologin']}) 
skipping: [localhost] => (item={'key': 'sync', 'value': ['x', '5', '0', 'sync', '/sbin', '/bin/sync']}) 
skipping: [localhost] => (item={'key': 'shutdown', 'value': ['x', '6', '0', 'shutdown', '/sbin', '/sbin/shutdown']}) 
skipping: [localhost] => (item={'key': 'halt', 'value': ['x', '7', '0', 'halt', '/sbin', '/sbin/halt']}) 
skipping: [localhost] => (item={'key': 'mail', 'value': ['x', '8', '12', 'mail', '/var/spool/mail', '/sbin/nologin']}) 
skipping: [localhost] => (item={'key': 'operator', 'value': ['x', '11', '0', 'operator', '/root', '/sbin/nologin']}) 
skipping: [localhost] => (item={'key': 'games', 'value': ['x', '12', '100', 'games', '/usr/games', '/sbin/nologin']}) 
skipping: [localhost] => (item={'key': 'ftp', 'value': ['x', '14', '50', 'FTP User', '/var/ftp', '/sbin/nologin']}) 
skipping: [localhost] => (item={'key': 'nobody', 'value': ['x', '65534', '65534', 'Kernel Overflow User', '/', '/sbin/nologin']}) 
skipping: [localhost] => (item={'key': 'systemd-coredump', 'value': ['x', '999', '999', 'systemd Core Dumper', '/', '/sbin/nologin']}) 
skipping: [localhost] => (item={'key': 'dbus', 'value': ['x', '81', '81', 'System message bus', '/', '/sbin/nologin']}) 
skipping: [localhost] => (item={'key': 'tss', 'value': ['x', '59', '59', 'Account used for TPM access', '/', '/sbin/nologin']}) 
skipping: [localhost] => (item={'key': 'sshd', 'value': ['x', '74', '74', 'Privilege-separated SSH', '/usr/share/empty.sshd', '/sbin/nologin']}) 
skipping: [localhost] => (item={'key': 'unbound', 'value': ['x', '998', '998', 'Unbound DNS resolver', '/var/lib/unbound', '/sbin/nologin']}) 
skipping: [localhost]

TASK [/stigforge/roles/ol9_stig : Ensure All User Initialization Files Have Mode 0740 Or Less Permissive - Fix Init Files Permissions] ***
skipping: [localhost]

TASK [/stigforge/roles/ol9_stig : Get all local users from /etc/passwd] ********
ok: [localhost]

TASK [/stigforge/roles/ol9_stig : Create local_users variable from the getent output] ***
ok: [localhost]

TASK [/stigforge/roles/ol9_stig : Test for existence home directories to avoid creating them.] ***
skipping: [localhost] => (item={'key': 'root', 'value': ['x', '0', '0', 'root', '/root', '/bin/bash']}) 
skipping: [localhost] => (item={'key': 'bin', 'value': ['x', '1', '1', 'bin', '/bin', '/sbin/nologin']}) 
skipping: [localhost] => (item={'key': 'daemon', 'value': ['x', '2', '2', 'daemon', '/sbin', '/sbin/nologin']}) 
skipping: [localhost] => (item={'key': 'adm', 'value': ['x', '3', '4', 'adm', '/var/adm', '/sbin/nologin']}) 
skipping: [localhost] => (item={'key': 'lp', 'value': ['x', '4', '7', 'lp', '/var/spool/lpd', '/sbin/nologin']}) 
skipping: [localhost] => (item={'key': 'sync', 'value': ['x', '5', '0', 'sync', '/sbin', '/bin/sync']}) 
skipping: [localhost] => (item={'key': 'shutdown', 'value': ['x', '6', '0', 'shutdown', '/sbin', '/sbin/shutdown']}) 
skipping: [localhost] => (item={'key': 'halt', 'value': ['x', '7', '0', 'halt', '/sbin', '/sbin/halt']}) 
skipping: [localhost] => (item={'key': 'mail', 'value': ['x', '8', '12', 'mail', '/var/spool/mail', '/sbin/nologin']}) 
skipping: [localhost] => (item={'key': 'operator', 'value': ['x', '11', '0', 'operator', '/root', '/sbin/nologin']}) 
skipping: [localhost] => (item={'key': 'games', 'value': ['x', '12', '100', 'games', '/usr/games', '/sbin/nologin']}) 
skipping: [localhost] => (item={'key': 'ftp', 'value': ['x', '14', '50', 'FTP User', '/var/ftp', '/sbin/nologin']}) 
skipping: [localhost] => (item={'key': 'nobody', 'value': ['x', '65534', '65534', 'Kernel Overflow User', '/', '/sbin/nologin']}) 
skipping: [localhost] => (item={'key': 'systemd-coredump', 'value': ['x', '999', '999', 'systemd Core Dumper', '/', '/sbin/nologin']}) 
skipping: [localhost] => (item={'key': 'dbus', 'value': ['x', '81', '81', 'System message bus', '/', '/sbin/nologin']}) 
skipping: [localhost] => (item={'key': 'tss', 'value': ['x', '59', '59', 'Account used for TPM access', '/', '/sbin/nologin']}) 
skipping: [localhost] => (item={'key': 'sshd', 'value': ['x', '74', '74', 'Privilege-separated SSH', '/usr/share/empty.sshd', '/sbin/nologin']}) 
skipping: [localhost] => (item={'key': 'unbound', 'value': ['x', '998', '998', 'Unbound DNS resolver', '/var/lib/unbound', '/sbin/nologin']}) 
skipping: [localhost]

TASK [/stigforge/roles/ol9_stig : Ensure interactive local users have proper permissions on their respective home directories] ***
skipping: [localhost] => (item=[{'key': 'root', 'value': ['x', '0', '0', 'root', '/root', '/bin/bash']}, {'changed': False, 'skipped': True, 'skip_reason': 'Conditional result was False', 'false_condition': 'item.value[1]|int >= 1000', 'item': {'key': 'root', 'value': ['x', '0', '0', 'root', '/root', '/bin/bash']}, 'ansible_loop_var': 'item'}]) 
skipping: [localhost] => (item=[{'key': 'bin', 'value': ['x', '1', '1', 'bin', '/bin', '/sbin/nologin']}, {'changed': False, 'skipped': True, 'skip_reason': 'Conditional result was False', 'false_condition': 'item.value[1]|int >= 1000', 'item': {'key': 'bin', 'value': ['x', '1', '1', 'bin', '/bin', '/sbin/nologin']}, 'ansible_loop_var': 'item'}]) 
skipping: [localhost] => (item=[{'key': 'daemon', 'value': ['x', '2', '2', 'daemon', '/sbin', '/sbin/nologin']}, {'changed': False, 'skipped': True, 'skip_reason': 'Conditional result was False', 'false_condition': 'item.value[1]|int >= 1000', 'item': {'key': 'daemon', 'value': ['x', '2', '2', 'daemon', '/sbin', '/sbin/nologin']}, 'ansible_loop_var': 'item'}]) 
skipping: [localhost] => (item=[{'key': 'adm', 'value': ['x', '3', '4', 'adm', '/var/adm', '/sbin/nologin']}, {'changed': False, 'skipped': True, 'skip_reason': 'Conditional result was False', 'false_condition': 'item.value[1]|int >= 1000', 'item': {'key': 'adm', 'value': ['x', '3', '4', 'adm', '/var/adm', '/sbin/nologin']}, 'ansible_loop_var': 'item'}]) 
skipping: [localhost] => (item=[{'key': 'lp', 'value': ['x', '4', '7', 'lp', '/var/spool/lpd', '/sbin/nologin']}, {'changed': False, 'skipped': True, 'skip_reason': 'Conditional result was False', 'false_condition': 'item.value[1]|int >= 1000', 'item': {'key': 'lp', 'value': ['x', '4', '7', 'lp', '/var/spool/lpd', '/sbin/nologin']}, 'ansible_loop_var': 'item'}]) 
skipping: [localhost] => (item=[{'key': 'sync', 'value': ['x', '5', '0', 'sync', '/sbin', '/bin/sync']}, {'changed': False, 'skipped': True, 'skip_reason': 'Conditional result was False', 'false_condition': 'item.value[1]|int >= 1000', 'item': {'key': 'sync', 'value': ['x', '5', '0', 'sync', '/sbin', '/bin/sync']}, 'ansible_loop_var': 'item'}]) 
skipping: [localhost] => (item=[{'key': 'shutdown', 'value': ['x', '6', '0', 'shutdown', '/sbin', '/sbin/shutdown']}, {'changed': False, 'skipped': True, 'skip_reason': 'Conditional result was False', 'false_condition': 'item.value[1]|int >= 1000', 'item': {'key': 'shutdown', 'value': ['x', '6', '0', 'shutdown', '/sbin', '/sbin/shutdown']}, 'ansible_loop_var': 'item'}]) 
skipping: [localhost] => (item=[{'key': 'halt', 'value': ['x', '7', '0', 'halt', '/sbin', '/sbin/halt']}, {'changed': False, 'skipped': True, 'skip_reason': 'Conditional result was False', 'false_condition': 'item.value[1]|int >= 1000', 'item': {'key': 'halt', 'value': ['x', '7', '0', 'halt', '/sbin', '/sbin/halt']}, 'ansible_loop_var': 'item'}]) 
skipping: [localhost] => (item=[{'key': 'mail', 'value': ['x', '8', '12', 'mail', '/var/spool/mail', '/sbin/nologin']}, {'changed': False, 'skipped': True, 'skip_reason': 'Conditional result was False', 'false_condition': 'item.value[1]|int >= 1000', 'item': {'key': 'mail', 'value': ['x', '8', '12', 'mail', '/var/spool/mail', '/sbin/nologin']}, 'ansible_loop_var': 'item'}]) 
skipping: [localhost] => (item=[{'key': 'operator', 'value': ['x', '11', '0', 'operator', '/root', '/sbin/nologin']}, {'changed': False, 'skipped': True, 'skip_reason': 'Conditional result was False', 'false_condition': 'item.value[1]|int >= 1000', 'item': {'key': 'operator', 'value': ['x', '11', '0', 'operator', '/root', '/sbin/nologin']}, 'ansible_loop_var': 'item'}]) 
skipping: [localhost] => (item=[{'key': 'games', 'value': ['x', '12', '100', 'games', '/usr/games', '/sbin/nologin']}, {'changed': False, 'skipped': True, 'skip_reason': 'Conditional result was False', 'false_condition': 'item.value[1]|int >= 1000', 'item': {'key': 'games', 'value': ['x', '12', '100', 'games', '/usr/games', '/sbin/nologin']}, 'ansible_loop_var': 'item'}]) 
skipping: [localhost] => (item=[{'key': 'ftp', 'value': ['x', '14', '50', 'FTP User', '/var/ftp', '/sbin/nologin']}, {'changed': False, 'skipped': True, 'skip_reason': 'Conditional result was False', 'false_condition': 'item.value[1]|int >= 1000', 'item': {'key': 'ftp', 'value': ['x', '14', '50', 'FTP User', '/var/ftp', '/sbin/nologin']}, 'ansible_loop_var': 'item'}]) 
skipping: [localhost] => (item=[{'key': 'nobody', 'value': ['x', '65534', '65534', 'Kernel Overflow User', '/', '/sbin/nologin']}, {'changed': False, 'skipped': True, 'skip_reason': 'Conditional result was False', 'false_condition': 'item.value[1]|int != 65534', 'item': {'key': 'nobody', 'value': ['x', '65534', '65534', 'Kernel Overflow User', '/', '/sbin/nologin']}, 'ansible_loop_var': 'item'}]) 
skipping: [localhost] => (item=[{'key': 'systemd-coredump', 'value': ['x', '999', '999', 'systemd Core Dumper', '/', '/sbin/nologin']}, {'changed': False, 'skipped': True, 'skip_reason': 'Conditional result was False', 'false_condition': 'item.value[1]|int >= 1000', 'item': {'key': 'systemd-coredump', 'value': ['x', '999', '999', 'systemd Core Dumper', '/', '/sbin/nologin']}, 'ansible_loop_var': 'item'}]) 
skipping: [localhost] => (item=[{'key': 'dbus', 'value': ['x', '81', '81', 'System message bus', '/', '/sbin/nologin']}, {'changed': False, 'skipped': True, 'skip_reason': 'Conditional result was False', 'false_condition': 'item.value[1]|int >= 1000', 'item': {'key': 'dbus', 'value': ['x', '81', '81', 'System message bus', '/', '/sbin/nologin']}, 'ansible_loop_var': 'item'}]) 
skipping: [localhost] => (item=[{'key': 'tss', 'value': ['x', '59', '59', 'Account used for TPM access', '/', '/sbin/nologin']}, {'changed': False, 'skipped': True, 'skip_reason': 'Conditional result was False', 'false_condition': 'item.value[1]|int >= 1000', 'item': {'key': 'tss', 'value': ['x', '59', '59', 'Account used for TPM access', '/', '/sbin/nologin']}, 'ansible_loop_var': 'item'}]) 
skipping: [localhost] => (item=[{'key': 'sshd', 'value': ['x', '74', '74', 'Privilege-separated SSH', '/usr/share/empty.sshd', '/sbin/nologin']}, {'changed': False, 'skipped': True, 'skip_reason': 'Conditional result was False', 'false_condition': 'item.value[1]|int >= 1000', 'item': {'key': 'sshd', 'value': ['x', '74', '74', 'Privilege-separated SSH', '/usr/share/empty.sshd', '/sbin/nologin']}, 'ansible_loop_var': 'item'}]) 
skipping: [localhost] => (item=[{'key': 'unbound', 'value': ['x', '998', '998', 'Unbound DNS resolver', '/var/lib/unbound', '/sbin/nologin']}, {'changed': False, 'skipped': True, 'skip_reason': 'Conditional result was False', 'false_condition': 'item.value[1]|int >= 1000', 'item': {'key': 'unbound', 'value': ['x', '998', '998', 'Unbound DNS resolver', '/var/lib/unbound', '/sbin/nologin']}, 'ansible_loop_var': 'item'}]) 
skipping: [localhost]

TASK [/stigforge/roles/ol9_stig : Check if umask in /etc/bashrc is already set] ***
ok: [localhost]

TASK [/stigforge/roles/ol9_stig : Replace user umask in /etc/bashrc] ***********
changed: [localhost]

TASK [/stigforge/roles/ol9_stig : Ensure the Default umask is Appended Correctly] ***
skipping: [localhost]

TASK [/stigforge/roles/ol9_stig : Check if umask in /etc/csh.cshrc is already set] ***
ok: [localhost]

TASK [/stigforge/roles/ol9_stig : Replace user umask in /etc/csh.cshrc] ********
changed: [localhost]

TASK [/stigforge/roles/ol9_stig : Ensure the Default umask is Appended Correctly] ***
skipping: [localhost]

TASK [/stigforge/roles/ol9_stig : Check if UMASK is already set] ***************
ok: [localhost]

TASK [/stigforge/roles/ol9_stig : Replace user UMASK in /etc/login.defs] *******
changed: [localhost]

TASK [/stigforge/roles/ol9_stig : Ensure the Default UMASK is Appended Correctly] ***
skipping: [localhost]

TASK [/stigforge/roles/ol9_stig : Ensure the Default Umask is Set Correctly in /etc/profile - Locate Profile Configuration Files Where umask Is Defined] ***
ok: [localhost]

TASK [/stigforge/roles/ol9_stig : Ensure the Default Umask is Set Correctly in /etc/profile - Replace Existing umask Value in Files From /etc/profile.d] ***
skipping: [localhost]

TASK [/stigforge/roles/ol9_stig : Ensure the Default Umask is Set Correctly in /etc/profile - Ensure umask Is Set in /etc/profile if Not Already Set Elsewhere] ***
changed: [localhost]

TASK [/stigforge/roles/ol9_stig : Ensure the Default Umask is Set Correctly in /etc/profile - Ensure umask Value For All Existing umask Definition in /etc/profile] ***
ok: [localhost]

TASK [/stigforge/roles/ol9_stig : Ensure interactive local users are the owners of their respective initialization files] ***
changed: [localhost]

TASK [/stigforge/roles/ol9_stig : Update grub defaults and the bootloader menu] ***
skipping: [localhost]

TASK [/stigforge/roles/ol9_stig : Update grub defaults and the bootloader menu] ***
skipping: [localhost]

TASK [/stigforge/roles/ol9_stig : Set the file_groupowner_grub2_cfg_newgroup variable if represented by gid] ***
skipping: [localhost]

TASK [/stigforge/roles/ol9_stig : Test for existence /boot/grub2/grub.cfg] *****
skipping: [localhost]

TASK [/stigforge/roles/ol9_stig : Ensure group owner on /boot/grub2/grub.cfg] ***
skipping: [localhost]

TASK [/stigforge/roles/ol9_stig : Set the file_owner_grub2_cfg_newown variable if represented by uid] ***
skipping: [localhost]

TASK [/stigforge/roles/ol9_stig : Test for existence /boot/grub2/grub.cfg] *****
skipping: [localhost]

TASK [/stigforge/roles/ol9_stig : Ensure owner on /boot/grub2/grub.cfg] ********
skipping: [localhost]

TASK [/stigforge/roles/ol9_stig : Ensure cron Is Logging To Rsyslog - Search if cron configuration exists] ***
skipping: [localhost]

TASK [/stigforge/roles/ol9_stig : Ensure cron Is Logging To Rsyslog - Ensure the /etc/rsyslog.d directory exists] ***
skipping: [localhost]

TASK [/stigforge/roles/ol9_stig : Ensure cron Is Logging To Rsyslog - Add cron log configuration line] ***
skipping: [localhost]

TASK [/stigforge/roles/ol9_stig : Ensure cron Is Logging To Rsyslog - Restart the rsyslog service now] ***
skipping: [localhost]

TASK [/stigforge/roles/ol9_stig : Deduplicate values from /etc/rsyslog.conf] ***
skipping: [localhost]

TASK [/stigforge/roles/ol9_stig : Check if /etc/rsyslog.d exists] **************
skipping: [localhost]

TASK [/stigforge/roles/ol9_stig : Check if the parameter $ActionSendStreamDriverAuthMode is present in /etc/rsyslog.d] ***
skipping: [localhost]

TASK [/stigforge/roles/ol9_stig : Remove parameter from files in /etc/rsyslog.d] ***
skipping: [localhost]

TASK [/stigforge/roles/ol9_stig : Insert correct line to /etc/rsyslog.conf] ****
skipping: [localhost]

TASK [/stigforge/roles/ol9_stig : Deduplicate values from /etc/rsyslog.conf] ***
skipping: [localhost]

TASK [/stigforge/roles/ol9_stig : Check if /etc/rsyslog.d exists] **************
skipping: [localhost]

TASK [/stigforge/roles/ol9_stig : Check if the parameter $ActionSendStreamDriverMode is present in /etc/rsyslog.d] ***
skipping: [localhost]

TASK [/stigforge/roles/ol9_stig : Remove parameter from files in /etc/rsyslog.d] ***
skipping: [localhost]

TASK [/stigforge/roles/ol9_stig : Insert correct line to /etc/rsyslog.conf] ****
skipping: [localhost]

TASK [/stigforge/roles/ol9_stig : Ensure rsyslog Does Not Accept Remote Messages Unless Acting As Log Server - Define Rsyslog Config Lines Regex in Legacy Syntax] ***
skipping: [localhost]

TASK [/stigforge/roles/ol9_stig : Ensure rsyslog Does Not Accept Remote Messages Unless Acting As Log Server - Search for Legacy Config Lines in Rsyslog Main Config File] ***
skipping: [localhost]

TASK [/stigforge/roles/ol9_stig : Ensure rsyslog Does Not Accept Remote Messages Unless Acting As Log Server - Search for Legacy Config Lines in Rsyslog Include Files] ***
skipping: [localhost]

TASK [/stigforge/roles/ol9_stig : Ensure rsyslog Does Not Accept Remote Messages Unless Acting As Log Server - Assemble List of Config Files With Listen Lines in Legacy Syntax] ***
skipping: [localhost]

TASK [/stigforge/roles/ol9_stig : Ensure rsyslog Does Not Accept Remote Messages Unless Acting As Log Server - Comment Listen Config Lines Wherever Defined Using Legacy Syntax] ***
skipping: [localhost]

TASK [/stigforge/roles/ol9_stig : Ensure rsyslog Does Not Accept Remote Messages Unless Acting As Log Server - Define Rsyslog Config Lines Regex in RainerScript Syntax] ***
skipping: [localhost]

TASK [/stigforge/roles/ol9_stig : Ensure rsyslog Does Not Accept Remote Messages Unless Acting As Log Server - Search for RainerScript Config Lines in Rsyslog Main Config File] ***
skipping: [localhost]

TASK [/stigforge/roles/ol9_stig : Ensure rsyslog Does Not Accept Remote Messages Unless Acting As Log Server - Search for RainerScript Config Lines in Rsyslog Include Files] ***
skipping: [localhost]

TASK [/stigforge/roles/ol9_stig : Ensure rsyslog Does Not Accept Remote Messages Unless Acting As Log Server - Assemble List of Config Files With Listen Lines in RainerScript] ***
skipping: [localhost]

TASK [/stigforge/roles/ol9_stig : Ensure rsyslog Does Not Accept Remote Messages Unless Acting As Log Server - Comment Listen Config Lines Wherever Defined Using RainerScript] ***
skipping: [localhost]

TASK [/stigforge/roles/ol9_stig : Ensure rsyslog Does Not Accept Remote Messages Unless Acting As Log Server - Restart Rsyslog if Any Line Were Commented Out] ***
skipping: [localhost]

TASK [/stigforge/roles/ol9_stig : Check for duplicate values] ******************
skipping: [localhost]

TASK [/stigforge/roles/ol9_stig : Deduplicate values from /etc/firewalld/firewalld.conf] ***
skipping: [localhost]

TASK [/stigforge/roles/ol9_stig : Insert correct line to /etc/firewalld/firewalld.conf] ***
skipping: [localhost]

TASK [/stigforge/roles/ol9_stig : List /etc/sysctl.d/*.conf files] *************
skipping: [localhost]

TASK [/stigforge/roles/ol9_stig : Comment out any occurrences of net.ipv6.conf.all.accept_ra from config files] ***
skipping: [localhost]

TASK [/stigforge/roles/ol9_stig : Ensure sysctl net.ipv6.conf.all.accept_ra is set] ***
skipping: [localhost]

TASK [/stigforge/roles/ol9_stig : List /etc/sysctl.d/*.conf files] *************
skipping: [localhost]

TASK [/stigforge/roles/ol9_stig : Comment out any occurrences of net.ipv6.conf.all.accept_redirects from config files] ***
skipping: [localhost]

TASK [/stigforge/roles/ol9_stig : Ensure sysctl net.ipv6.conf.all.accept_redirects is set] ***
skipping: [localhost]

TASK [/stigforge/roles/ol9_stig : List /etc/sysctl.d/*.conf files] *************
skipping: [localhost]

TASK [/stigforge/roles/ol9_stig : Comment out any occurrences of net.ipv6.conf.all.accept_source_route from config files] ***
skipping: [localhost]

TASK [/stigforge/roles/ol9_stig : Ensure sysctl net.ipv6.conf.all.accept_source_route is set] ***
skipping: [localhost]

TASK [/stigforge/roles/ol9_stig : List /etc/sysctl.d/*.conf files] *************
skipping: [localhost]

TASK [/stigforge/roles/ol9_stig : Comment out any occurrences of net.ipv6.conf.all.forwarding from config files] ***
skipping: [localhost]

TASK [/stigforge/roles/ol9_stig : Ensure sysctl net.ipv6.conf.all.forwarding is set] ***
skipping: [localhost]

TASK [/stigforge/roles/ol9_stig : List /etc/sysctl.d/*.conf files] *************
skipping: [localhost]

TASK [/stigforge/roles/ol9_stig : Comment out any occurrences of net.ipv6.conf.default.accept_ra from config files] ***
skipping: [localhost]

TASK [/stigforge/roles/ol9_stig : Ensure sysctl net.ipv6.conf.default.accept_ra is set] ***
skipping: [localhost]

TASK [/stigforge/roles/ol9_stig : List /etc/sysctl.d/*.conf files] *************
skipping: [localhost]

TASK [/stigforge/roles/ol9_stig : Comment out any occurrences of net.ipv6.conf.default.accept_redirects from config files] ***
skipping: [localhost]

TASK [/stigforge/roles/ol9_stig : Ensure sysctl net.ipv6.conf.default.accept_redirects is set] ***
skipping: [localhost]

TASK [/stigforge/roles/ol9_stig : List /etc/sysctl.d/*.conf files] *************
skipping: [localhost]

TASK [/stigforge/roles/ol9_stig : Comment out any occurrences of net.ipv6.conf.default.accept_source_route from config files] ***
skipping: [localhost]

TASK [/stigforge/roles/ol9_stig : Ensure sysctl net.ipv6.conf.default.accept_source_route is set] ***
skipping: [localhost]

TASK [/stigforge/roles/ol9_stig : List /etc/sysctl.d/*.conf files] *************
skipping: [localhost]

TASK [/stigforge/roles/ol9_stig : Comment out any occurrences of net.ipv4.conf.all.accept_redirects from config files] ***
skipping: [localhost]

TASK [/stigforge/roles/ol9_stig : Ensure sysctl net.ipv4.conf.all.accept_redirects is set] ***
skipping: [localhost]

TASK [/stigforge/roles/ol9_stig : List /etc/sysctl.d/*.conf files] *************
skipping: [localhost]

TASK [/stigforge/roles/ol9_stig : Comment out any occurrences of net.ipv4.conf.all.accept_source_route from config files] ***
skipping: [localhost]

TASK [/stigforge/roles/ol9_stig : Ensure sysctl net.ipv4.conf.all.accept_source_route is set] ***
skipping: [localhost]

TASK [/stigforge/roles/ol9_stig : List /etc/sysctl.d/*.conf files] *************
skipping: [localhost]

TASK [/stigforge/roles/ol9_stig : Comment out any occurrences of net.ipv4.conf.all.forwarding from config files] ***
skipping: [localhost]

TASK [/stigforge/roles/ol9_stig : Ensure sysctl net.ipv4.conf.all.forwarding is set] ***
skipping: [localhost]

TASK [/stigforge/roles/ol9_stig : List /etc/sysctl.d/*.conf files] *************
skipping: [localhost]

TASK [/stigforge/roles/ol9_stig : Comment out any occurrences of net.ipv4.conf.all.log_martians from config files] ***
skipping: [localhost]

TASK [/stigforge/roles/ol9_stig : Ensure sysctl net.ipv4.conf.all.log_martians is set] ***
skipping: [localhost]

TASK [/stigforge/roles/ol9_stig : List /etc/sysctl.d/*.conf files] *************
skipping: [localhost]

TASK [/stigforge/roles/ol9_stig : Comment out any occurrences of net.ipv4.conf.all.rp_filter from config files] ***
skipping: [localhost]

TASK [/stigforge/roles/ol9_stig : Ensure sysctl net.ipv4.conf.all.rp_filter is set] ***
skipping: [localhost]

TASK [/stigforge/roles/ol9_stig : List /etc/sysctl.d/*.conf files] *************
skipping: [localhost]

TASK [/stigforge/roles/ol9_stig : Comment out any occurrences of net.ipv4.conf.default.accept_redirects from config files] ***
skipping: [localhost]

TASK [/stigforge/roles/ol9_stig : Ensure sysctl net.ipv4.conf.default.accept_redirects is set] ***
skipping: [localhost]

TASK [/stigforge/roles/ol9_stig : List /etc/sysctl.d/*.conf files] *************
skipping: [localhost]

TASK [/stigforge/roles/ol9_stig : Comment out any occurrences of net.ipv4.conf.default.accept_source_route from config files] ***
skipping: [localhost]

TASK [/stigforge/roles/ol9_stig : Ensure sysctl net.ipv4.conf.default.accept_source_route is set] ***
skipping: [localhost]

TASK [/stigforge/roles/ol9_stig : List /etc/sysctl.d/*.conf files] *************
skipping: [localhost]

TASK [/stigforge/roles/ol9_stig : Comment out any occurrences of net.ipv4.conf.default.log_martians from config files] ***
skipping: [localhost]

TASK [/stigforge/roles/ol9_stig : Ensure sysctl net.ipv4.conf.default.log_martians is set] ***
skipping: [localhost]

TASK [/stigforge/roles/ol9_stig : List /etc/sysctl.d/*.conf files] *************
skipping: [localhost]

TASK [/stigforge/roles/ol9_stig : Comment out any occurrences of net.ipv4.conf.default.rp_filter from config files] ***
skipping: [localhost]

TASK [/stigforge/roles/ol9_stig : Ensure sysctl net.ipv4.conf.default.rp_filter is set] ***
skipping: [localhost]

TASK [/stigforge/roles/ol9_stig : List /etc/sysctl.d/*.conf files] *************
skipping: [localhost]

TASK [/stigforge/roles/ol9_stig : Comment out any occurrences of net.ipv4.icmp_echo_ignore_broadcasts from config files] ***
skipping: [localhost]

TASK [/stigforge/roles/ol9_stig : Ensure sysctl net.ipv4.icmp_echo_ignore_broadcasts is set] ***
skipping: [localhost]

TASK [/stigforge/roles/ol9_stig : List /etc/sysctl.d/*.conf files] *************
skipping: [localhost]

TASK [/stigforge/roles/ol9_stig : Comment out any occurrences of net.ipv4.icmp_ignore_bogus_error_responses from config files] ***
skipping: [localhost]

TASK [/stigforge/roles/ol9_stig : Ensure sysctl net.ipv4.icmp_ignore_bogus_error_responses is set] ***
skipping: [localhost]

TASK [/stigforge/roles/ol9_stig : List /etc/sysctl.d/*.conf files] *************
skipping: [localhost]

TASK [/stigforge/roles/ol9_stig : Comment out any occurrences of net.ipv4.tcp_syncookies from config files] ***
skipping: [localhost]

TASK [/stigforge/roles/ol9_stig : Ensure sysctl net.ipv4.tcp_syncookies is set] ***
skipping: [localhost]

TASK [/stigforge/roles/ol9_stig : List /etc/sysctl.d/*.conf files] *************
skipping: [localhost]

TASK [/stigforge/roles/ol9_stig : Comment out any occurrences of net.ipv4.conf.all.send_redirects from config files] ***
skipping: [localhost]

TASK [/stigforge/roles/ol9_stig : Ensure sysctl net.ipv4.conf.all.send_redirects is set to 0] ***
skipping: [localhost]

TASK [/stigforge/roles/ol9_stig : List /etc/sysctl.d/*.conf files] *************
skipping: [localhost]

TASK [/stigforge/roles/ol9_stig : Comment out any occurrences of net.ipv4.conf.default.send_redirects from config files] ***
skipping: [localhost]

TASK [/stigforge/roles/ol9_stig : Ensure sysctl net.ipv4.conf.default.send_redirects is set to 0] ***
skipping: [localhost]

TASK [/stigforge/roles/ol9_stig : Ensure kernel module 'atm' is disabled] ******
skipping: [localhost]

TASK [/stigforge/roles/ol9_stig : Ensure kernel module 'atm' is blacklisted] ***
skipping: [localhost]

TASK [/stigforge/roles/ol9_stig : Ensure kernel module 'can' is disabled] ******
skipping: [localhost]

TASK [/stigforge/roles/ol9_stig : Ensure kernel module 'can' is blacklisted] ***
skipping: [localhost]

TASK [/stigforge/roles/ol9_stig : Ensure kernel module 'firewire-core' is disabled] ***
skipping: [localhost]

TASK [/stigforge/roles/ol9_stig : Ensure kernel module 'firewire-core' is blacklisted] ***
skipping: [localhost]

TASK [/stigforge/roles/ol9_stig : Ensure kernel module 'sctp' is disabled] *****
skipping: [localhost]

TASK [/stigforge/roles/ol9_stig : Ensure kernel module 'sctp' is blacklisted] ***
skipping: [localhost]

TASK [/stigforge/roles/ol9_stig : Ensure kernel module 'tipc' is disabled] *****
skipping: [localhost]

TASK [/stigforge/roles/ol9_stig : Ensure kernel module 'tipc' is blacklisted] ***
skipping: [localhost]

TASK [/stigforge/roles/ol9_stig : Ensure kernel module 'bluetooth' is disabled] ***
skipping: [localhost]

TASK [/stigforge/roles/ol9_stig : Ensure kernel module 'bluetooth' is blacklisted] ***
skipping: [localhost]

TASK [/stigforge/roles/ol9_stig : NetworkManager Deactivate Wireless Network Interfaces] ***
skipping: [localhost]

TASK [/stigforge/roles/ol9_stig : NetworkManager DNS Mode Must Be Must Configured - Search for a section in files] ***
skipping: [localhost] => (item={'path': '/etc/NetworkManager', 'pattern': 'NetworkManager\\.conf'}) 
skipping: [localhost] => (item={'path': '/etc/NetworkManager/conf.d', 'pattern': '.*\\.conf'}) 
skipping: [localhost]

TASK [/stigforge/roles/ol9_stig : NetworkManager DNS Mode Must Be Must Configured - Count number of files which contain the correct section] ***
skipping: [localhost]

TASK [/stigforge/roles/ol9_stig : NetworkManager DNS Mode Must Be Must Configured - Add missing configuration to correct section] ***
skipping: [localhost]

TASK [/stigforge/roles/ol9_stig : NetworkManager DNS Mode Must Be Must Configured - Add configuration to new remediation file] ***
skipping: [localhost]

TASK [/stigforge/roles/ol9_stig : Ensure All World-Writable Directories Are Owned by root User - Define Excluded (Non-Local) File Systems and Paths] ***
ok: [localhost]

TASK [/stigforge/roles/ol9_stig : Ensure All World-Writable Directories Are Owned by root User - Find Relevant Root Directories Ignoring Pre-Defined Excluded Paths] ***
ok: [localhost]

TASK [/stigforge/roles/ol9_stig : Ensure All World-Writable Directories Are Owned by root User - Include Relevant Root Directories in a List of Paths to be Searched] ***
ok: [localhost] => (item={'path': '/opt', 'mode': '0755', 'isdir': True, 'ischr': False, 'isblk': False, 'isreg': False, 'isfifo': False, 'islnk': False, 'issock': False, 'uid': 0, 'gid': 0, 'size': 4096, 'inode': 13386576, 'dev': 61, 'nlink': 2, 'atime': 1785313815.2482193, 'mtime': 1729922950.0, 'ctime': 1785313815.2332191, 'gr_name': 'root', 'pw_name': 'root', 'wusr': True, 'rusr': True, 'xusr': True, 'wgrp': False, 'rgrp': True, 'xgrp': True, 'woth': False, 'roth': True, 'xoth': True, 'isuid': False, 'isgid': False})
ok: [localhost] => (item={'path': '/boot', 'mode': '0555', 'isdir': True, 'ischr': False, 'isblk': False, 'isreg': False, 'isfifo': False, 'islnk': False, 'issock': False, 'uid': 0, 'gid': 0, 'size': 4096, 'inode': 13385680, 'dev': 61, 'nlink': 2, 'atime': 1785313815.2462194, 'mtime': 1729922950.0, 'ctime': 1785313815.2328703, 'gr_name': 'root', 'pw_name': 'root', 'wusr': False, 'rusr': True, 'xusr': True, 'wgrp': False, 'rgrp': True, 'xgrp': True, 'woth': False, 'roth': True, 'xoth': True, 'isuid': False, 'isgid': False})
ok: [localhost] => (item={'path': '/usr', 'mode': '0755', 'isdir': True, 'ischr': False, 'isblk': False, 'isreg': False, 'isfifo': False, 'islnk': False, 'issock': False, 'uid': 0, 'gid': 0, 'size': 4096, 'inode': 13646785, 'dev': 61, 'nlink': 1, 'atime': 1785313864.1103764, 'mtime': 1784775719.0, 'ctime': 1785313915.8568203, 'gr_name': 'root', 'pw_name': 'root', 'wusr': True, 'rusr': True, 'xusr': True, 'wgrp': False, 'rgrp': True, 'xgrp': True, 'woth': False, 'roth': True, 'xoth': True, 'isuid': False, 'isgid': False})
ok: [localhost] => (item={'path': '/tmp', 'mode': '1777', 'isdir': True, 'ischr': False, 'isblk': False, 'isreg': False, 'isfifo': False, 'islnk': False, 'issock': False, 'uid': 0, 'gid': 0, 'size': 4096, 'inode': 13386590, 'dev': 61, 'nlink': 1, 'atime': 1785313974.2052896, 'mtime': 1785313974.2044783, 'ctime': 1785313974.2044783, 'gr_name': 'root', 'pw_name': 'root', 'wusr': True, 'rusr': True, 'xusr': True, 'wgrp': True, 'rgrp': True, 'xgrp': True, 'woth': True, 'roth': True, 'xoth': True, 'isuid': False, 'isgid': False})
ok: [localhost] => (item={'path': '/root', 'mode': '0550', 'isdir': True, 'ischr': False, 'isblk': False, 'isreg': False, 'isfifo': False, 'islnk': False, 'issock': False, 'uid': 0, 'gid': 0, 'size': 4096, 'inode': 13646753, 'dev': 61, 'nlink': 1, 'atime': 1785313969.0262222, 'mtime': 1785313941.2558606, 'ctime': 1785313941.2558606, 'gr_name': 'root', 'pw_name': 'root', 'wusr': False, 'rusr': True, 'xusr': True, 'wgrp': False, 'rgrp': True, 'xgrp': True, 'woth': False, 'roth': False, 'xoth': False, 'isuid': False, 'isgid': False})
ok: [localhost] => (item={'path': '/home', 'mode': '0755', 'isdir': True, 'ischr': False, 'isblk': False, 'isreg': False, 'isfifo': False, 'islnk': False, 'issock': False, 'uid': 0, 'gid': 0, 'size': 4096, 'inode': 13386571, 'dev': 61, 'nlink': 2, 'atime': 1785313815.2482193, 'mtime': 1729922950.0, 'ctime': 1785313815.2332191, 'gr_name': 'root', 'pw_name': 'root', 'wusr': True, 'rusr': True, 'xusr': True, 'wgrp': False, 'rgrp': True, 'xgrp': True, 'woth': False, 'roth': True, 'xoth': True, 'isuid': False, 'isgid': False})
ok: [localhost] => (item={'path': '/mnt', 'mode': '0755', 'isdir': True, 'ischr': False, 'isblk': False, 'isreg': False, 'isfifo': False, 'islnk': False, 'issock': False, 'uid': 0, 'gid': 0, 'size': 4096, 'inode': 13386575, 'dev': 61, 'nlink': 2, 'atime': 1785313815.2482193, 'mtime': 1729922950.0, 'ctime': 1785313815.2332191, 'gr_name': 'root', 'pw_name': 'root', 'wusr': True, 'rusr': True, 'xusr': True, 'wgrp': False, 'rgrp': True, 'xgrp': True, 'woth': False, 'roth': True, 'xoth': True, 'isuid': False, 'isgid': False})
ok: [localhost] => (item={'path': '/var', 'mode': '0755', 'isdir': True, 'ischr': False, 'isblk': False, 'isreg': False, 'isfifo': False, 'islnk': False, 'issock': False, 'uid': 0, 'gid': 0, 'size': 4096, 'inode': 13641162, 'dev': 61, 'nlink': 1, 'atime': 1785313863.501848, 'mtime': 1784775723.0, 'ctime': 1785313905.451688, 'gr_name': 'root', 'pw_name': 'root', 'wusr': True, 'rusr': True, 'xusr': True, 'wgrp': False, 'rgrp': True, 'xgrp': True, 'woth': False, 'roth': True, 'xoth': True, 'isuid': False, 'isgid': False})
ok: [localhost] => (item={'path': '/afs', 'mode': '0555', 'isdir': True, 'ischr': False, 'isblk': False, 'isreg': False, 'isfifo': False, 'islnk': False, 'issock': False, 'uid': 0, 'gid': 0, 'size': 4096, 'inode': 13385672, 'dev': 61, 'nlink': 2, 'atime': 1785313815.2462194, 'mtime': 1729922950.0, 'ctime': 1785313815.2328703, 'gr_name': 'root', 'pw_name': 'root', 'wusr': False, 'rusr': True, 'xusr': True, 'wgrp': False, 'rgrp': True, 'xgrp': True, 'woth': False, 'roth': True, 'xoth': True, 'isuid': False, 'isgid': False})
ok: [localhost] => (item={'path': '/srv', 'mode': '0755', 'isdir': True, 'ischr': False, 'isblk': False, 'isreg': False, 'isfifo': False, 'islnk': False, 'issock': False, 'uid': 0, 'gid': 0, 'size': 4096, 'inode': 13386588, 'dev': 61, 'nlink': 2, 'atime': 1785313815.2482193, 'mtime': 1729922950.0, 'ctime': 1785313815.2332191, 'gr_name': 'root', 'pw_name': 'root', 'wusr': True, 'rusr': True, 'xusr': True, 'wgrp': False, 'rgrp': True, 'xgrp': True, 'woth': False, 'roth': True, 'xoth': True, 'isuid': False, 'isgid': False})
ok: [localhost] => (item={'path': '/etc', 'mode': '0755', 'isdir': True, 'ischr': False, 'isblk': False, 'isreg': False, 'isfifo': False, 'islnk': False, 'issock': False, 'uid': 0, 'gid': 0, 'size': 4096, 'inode': 13646816, 'dev': 61, 'nlink': 1, 'atime': 1785313969.0262222, 'mtime': 1785313971.3517077, 'ctime': 1785313971.3517077, 'gr_name': 'root', 'pw_name': 'root', 'wusr': True, 'rusr': True, 'xusr': True, 'wgrp': False, 'rgrp': True, 'xgrp': True, 'woth': False, 'roth': True, 'xoth': True, 'isuid': False, 'isgid': False})
ok: [localhost] => (item={'path': '/media', 'mode': '0755', 'isdir': True, 'ischr': False, 'isblk': False, 'isreg': False, 'isfifo': False, 'islnk': False, 'issock': False, 'uid': 0, 'gid': 0, 'size': 4096, 'inode': 13386574, 'dev': 61, 'nlink': 2, 'atime': 1785313815.2482193, 'mtime': 1729922950.0, 'ctime': 1785313815.2332191, 'gr_name': 'root', 'pw_name': 'root', 'wusr': True, 'rusr': True, 'xusr': True, 'wgrp': False, 'rgrp': True, 'xgrp': True, 'woth': False, 'roth': True, 'xoth': True, 'isuid': False, 'isgid': False})
ok: [localhost] => (item={'path': '/stigforge', 'mode': '0755', 'isdir': True, 'ischr': False, 'isblk': False, 'isreg': False, 'isfifo': False, 'islnk': False, 'issock': False, 'uid': 0, 'gid': 0, 'size': 4096, 'inode': 13646777, 'dev': 61, 'nlink': 1, 'atime': 1785313865.8578787, 'mtime': 1785313865.7807944, 'ctime': 1785313867.3168976, 'gr_name': 'root', 'pw_name': 'root', 'wusr': True, 'rusr': True, 'xusr': True, 'wgrp': False, 'rgrp': True, 'xgrp': True, 'woth': False, 'roth': True, 'xoth': True, 'isuid': False, 'isgid': False})

TASK [/stigforge/roles/ol9_stig : Ensure All World-Writable Directories Are Owned by root User - Increment Search Paths List with Local Partitions Mount Points] ***
ok: [localhost] => (item={'mount': '/stigforge/artifacts', 'device': '/dev/nvme0n1p2', 'fstype': 'ext4', 'options': 'rw,relatime,bind', 'dump': 0, 'passno': 0, 'size_total': 1005867986944, 'size_available': 595630243840, 'block_size': 4096, 'block_total': 245573239, 'block_available': 145417540, 'block_used': 100155699, 'inode_total': 62447616, 'inode_available': 61342112, 'inode_used': 1105504, 'uuid': 'N/A'})
ok: [localhost] => (item={'mount': '/stigforge/roles', 'device': '/dev/nvme0n1p2', 'fstype': 'ext4', 'options': 'ro,relatime,bind', 'dump': 0, 'passno': 0, 'size_total': 1005867986944, 'size_available': 595630243840, 'block_size': 4096, 'block_total': 245573239, 'block_available': 145417540, 'block_used': 100155699, 'inode_total': 62447616, 'inode_available': 61342112, 'inode_used': 1105504, 'uuid': 'N/A'})
ok: [localhost] => (item={'mount': '/stigforge/policy', 'device': '/dev/nvme0n1p2', 'fstype': 'ext4', 'options': 'ro,relatime,bind', 'dump': 0, 'passno': 0, 'size_total': 1005867986944, 'size_available': 595630243840, 'block_size': 4096, 'block_total': 245573239, 'block_available': 145417540, 'block_used': 100155699, 'inode_total': 62447616, 'inode_available': 61342112, 'inode_used': 1105504, 'uuid': 'N/A'})
ok: [localhost] => (item={'mount': '/stigforge/generator', 'device': '/dev/nvme0n1p2', 'fstype': 'ext4', 'options': 'ro,relatime,bind', 'dump': 0, 'passno': 0, 'size_total': 1005867986944, 'size_available': 595630243840, 'block_size': 4096, 'block_total': 245573239, 'block_available': 145417540, 'block_used': 100155699, 'inode_total': 62447616, 'inode_available': 61342112, 'inode_used': 1105504, 'uuid': 'N/A'})
ok: [localhost] => (item={'mount': '/stigforge/pyproject.toml', 'device': '/dev/nvme0n1p2', 'fstype': 'ext4', 'options': 'ro,relatime,bind', 'dump': 0, 'passno': 0, 'size_total': 1005867986944, 'size_available': 595630243840, 'block_size': 4096, 'block_total': 245573239, 'block_available': 145417540, 'block_used': 100155699, 'inode_total': 62447616, 'inode_available': 61342112, 'inode_used': 1105504, 'uuid': 'N/A'})
ok: [localhost] => (item={'mount': '/etc/resolv.conf', 'device': '/dev/nvme0n1p2', 'fstype': 'ext4', 'options': 'rw,relatime,bind', 'dump': 0, 'passno': 0, 'size_total': 1005867986944, 'size_available': 595630243840, 'block_size': 4096, 'block_total': 245573239, 'block_available': 145417540, 'block_used': 100155699, 'inode_total': 62447616, 'inode_available': 61342112, 'inode_used': 1105504, 'uuid': 'N/A'})
ok: [localhost] => (item={'mount': '/etc/hostname', 'device': '/dev/nvme0n1p2', 'fstype': 'ext4', 'options': 'rw,relatime,bind', 'dump': 0, 'passno': 0, 'size_total': 1005867986944, 'size_available': 595630243840, 'block_size': 4096, 'block_total': 245573239, 'block_available': 145417540, 'block_used': 100155699, 'inode_total': 62447616, 'inode_available': 61342112, 'inode_used': 1105504, 'uuid': 'N/A'})
ok: [localhost] => (item={'mount': '/etc/hosts', 'device': '/dev/nvme0n1p2', 'fstype': 'ext4', 'options': 'rw,relatime,bind', 'dump': 0, 'passno': 0, 'size_total': 1005867986944, 'size_available': 595630243840, 'block_size': 4096, 'block_total': 245573239, 'block_available': 145417540, 'block_used': 100155699, 'inode_total': 62447616, 'inode_available': 61342112, 'inode_used': 1105504, 'uuid': 'N/A'})

TASK [/stigforge/roles/ol9_stig : Ensure All World-Writable Directories Are Owned by root User - Increment Search Paths List with Local NFS File System Targets] ***
skipping: [localhost] => (item={'mount': '/stigforge/artifacts', 'device': '/dev/nvme0n1p2', 'fstype': 'ext4', 'options': 'rw,relatime,bind', 'dump': 0, 'passno': 0, 'size_total': 1005867986944, 'size_available': 595630243840, 'block_size': 4096, 'block_total': 245573239, 'block_available': 145417540, 'block_used': 100155699, 'inode_total': 62447616, 'inode_available': 61342112, 'inode_used': 1105504, 'uuid': 'N/A'}) 
skipping: [localhost] => (item={'mount': '/stigforge/roles', 'device': '/dev/nvme0n1p2', 'fstype': 'ext4', 'options': 'ro,relatime,bind', 'dump': 0, 'passno': 0, 'size_total': 1005867986944, 'size_available': 595630243840, 'block_size': 4096, 'block_total': 245573239, 'block_available': 145417540, 'block_used': 100155699, 'inode_total': 62447616, 'inode_available': 61342112, 'inode_used': 1105504, 'uuid': 'N/A'}) 
skipping: [localhost] => (item={'mount': '/stigforge/policy', 'device': '/dev/nvme0n1p2', 'fstype': 'ext4', 'options': 'ro,relatime,bind', 'dump': 0, 'passno': 0, 'size_total': 1005867986944, 'size_available': 595630243840, 'block_size': 4096, 'block_total': 245573239, 'block_available': 145417540, 'block_used': 100155699, 'inode_total': 62447616, 'inode_available': 61342112, 'inode_used': 1105504, 'uuid': 'N/A'}) 
skipping: [localhost] => (item={'mount': '/stigforge/generator', 'device': '/dev/nvme0n1p2', 'fstype': 'ext4', 'options': 'ro,relatime,bind', 'dump': 0, 'passno': 0, 'size_total': 1005867986944, 'size_available': 595630243840, 'block_size': 4096, 'block_total': 245573239, 'block_available': 145417540, 'block_used': 100155699, 'inode_total': 62447616, 'inode_available': 61342112, 'inode_used': 1105504, 'uuid': 'N/A'}) 
skipping: [localhost] => (item={'mount': '/stigforge/pyproject.toml', 'device': '/dev/nvme0n1p2', 'fstype': 'ext4', 'options': 'ro,relatime,bind', 'dump': 0, 'passno': 0, 'size_total': 1005867986944, 'size_available': 595630243840, 'block_size': 4096, 'block_total': 245573239, 'block_available': 145417540, 'block_used': 100155699, 'inode_total': 62447616, 'inode_available': 61342112, 'inode_used': 1105504, 'uuid': 'N/A'}) 
skipping: [localhost] => (item={'mount': '/etc/resolv.conf', 'device': '/dev/nvme0n1p2', 'fstype': 'ext4', 'options': 'rw,relatime,bind', 'dump': 0, 'passno': 0, 'size_total': 1005867986944, 'size_available': 595630243840, 'block_size': 4096, 'block_total': 245573239, 'block_available': 145417540, 'block_used': 100155699, 'inode_total': 62447616, 'inode_available': 61342112, 'inode_used': 1105504, 'uuid': 'N/A'}) 
skipping: [localhost] => (item={'mount': '/etc/hostname', 'device': '/dev/nvme0n1p2', 'fstype': 'ext4', 'options': 'rw,relatime,bind', 'dump': 0, 'passno': 0, 'size_total': 1005867986944, 'size_available': 595630243840, 'block_size': 4096, 'block_total': 245573239, 'block_available': 145417540, 'block_used': 100155699, 'inode_total': 62447616, 'inode_available': 61342112, 'inode_used': 1105504, 'uuid': 'N/A'}) 
skipping: [localhost] => (item={'mount': '/etc/hosts', 'device': '/dev/nvme0n1p2', 'fstype': 'ext4', 'options': 'rw,relatime,bind', 'dump': 0, 'passno': 0, 'size_total': 1005867986944, 'size_available': 595630243840, 'block_size': 4096, 'block_total': 245573239, 'block_available': 145417540, 'block_used': 100155699, 'inode_total': 62447616, 'inode_available': 61342112, 'inode_used': 1105504, 'uuid': 'N/A'}) 
skipping: [localhost]

TASK [/stigforge/roles/ol9_stig : Ensure All World-Writable Directories Are Owned by root User - Define Rule Specific Facts] ***
ok: [localhost]

TASK [/stigforge/roles/ol9_stig : Ensure All World-Writable Directories Are Owned by root User - Find All Uncompliant Directories in Local File Systems] ***
ok: [localhost] => (item=/root)
ok: [localhost] => (item=/home)
ok: [localhost] => (item=/var)
ok: [localhost] => (item=/opt)
ok: [localhost] => (item=/stigforge)
ok: [localhost] => (item=/stigforge/generator)
ok: [localhost] => (item=/etc)
ok: [localhost] => (item=/srv)
ok: [localhost] => (item=/afs)
ok: [localhost] => (item=/tmp)
ok: [localhost] => (item=/etc/resolv.conf)
ok: [localhost] => (item=/stigforge/artifacts)
ok: [localhost] => (item=/stigforge/policy)
ok: [localhost] => (item=/stigforge/pyproject.toml)
ok: [localhost] => (item=/media)
ok: [localhost] => (item=/etc/hostname)
ok: [localhost] => (item=/stigforge/roles)
ok: [localhost] => (item=/mnt)
ok: [localhost] => (item=/boot)
ok: [localhost] => (item=/usr)
ok: [localhost] => (item=/etc/hosts)

TASK [/stigforge/roles/ol9_stig : Ensure All World-Writable Directories Are Owned by root User - Create List of World Writable Directories Not Owned by root] ***
ok: [localhost] => (item={'changed': False, 'stdout': '', 'stderr': '', 'rc': 0, 'cmd': ['find', '/root', '-xdev', '-type', 'd', '-perm', '-0002', '-uid', '+0'], 'start': '2026-07-29 08:32:54.562788', 'end': '2026-07-29 08:32:54.565937', 'delta': '0:00:00.003149', 'msg': '', 'invocation': {'module_args': {'_raw_params': 'find /root -xdev -type d -perm -0002 -uid +0', '_uses_shell': False, 'expand_argument_vars': True, 'stdin_add_newline': True, 'strip_empty_ends': True, 'argv': None, 'chdir': None, 'executable': None, 'creates': None, 'removes': None, 'stdin': None}}, 'stdout_lines': [], 'stderr_lines': [], 'failed': False, 'item': '/root', 'ansible_loop_var': 'item'})
ok: [localhost] => (item={'changed': False, 'stdout': '', 'stderr': '', 'rc': 0, 'cmd': ['find', '/home', '-xdev', '-type', 'd', '-perm', '-0002', '-uid', '+0'], 'start': '2026-07-29 08:32:54.673757', 'end': '2026-07-29 08:32:54.676383', 'delta': '0:00:00.002626', 'msg': '', 'invocation': {'module_args': {'_raw_params': 'find /home -xdev -type d -perm -0002 -uid +0', '_uses_shell': False, 'expand_argument_vars': True, 'stdin_add_newline': True, 'strip_empty_ends': True, 'argv': None, 'chdir': None, 'executable': None, 'creates': None, 'removes': None, 'stdin': None}}, 'stdout_lines': [], 'stderr_lines': [], 'failed': False, 'item': '/home', 'ansible_loop_var': 'item'})
ok: [localhost] => (item={'changed': False, 'stdout': '', 'stderr': '', 'rc': 0, 'cmd': ['find', '/var', '-xdev', '-type', 'd', '-perm', '-0002', '-uid', '+0'], 'start': '2026-07-29 08:32:54.785737', 'end': '2026-07-29 08:32:54.789033', 'delta': '0:00:00.003296', 'msg': '', 'invocation': {'module_args': {'_raw_params': 'find /var -xdev -type d -perm -0002 -uid +0', '_uses_shell': False, 'expand_argument_vars': True, 'stdin_add_newline': True, 'strip_empty_ends': True, 'argv': None, 'chdir': None, 'executable': None, 'creates': None, 'removes': None, 'stdin': None}}, 'stdout_lines': [], 'stderr_lines': [], 'failed': False, 'item': '/var', 'ansible_loop_var': 'item'})
ok: [localhost] => (item={'changed': False, 'stdout': '', 'stderr': '', 'rc': 0, 'cmd': ['find', '/opt', '-xdev', '-type', 'd', '-perm', '-0002', '-uid', '+0'], 'start': '2026-07-29 08:32:54.897053', 'end': '2026-07-29 08:32:54.899589', 'delta': '0:00:00.002536', 'msg': '', 'invocation': {'module_args': {'_raw_params': 'find /opt -xdev -type d -perm -0002 -uid +0', '_uses_shell': False, 'expand_argument_vars': True, 'stdin_add_newline': True, 'strip_empty_ends': True, 'argv': None, 'chdir': None, 'executable': None, 'creates': None, 'removes': None, 'stdin': None}}, 'stdout_lines': [], 'stderr_lines': [], 'failed': False, 'item': '/opt', 'ansible_loop_var': 'item'})
ok: [localhost] => (item={'changed': False, 'stdout': '', 'stderr': '', 'rc': 0, 'cmd': ['find', '/stigforge', '-xdev', '-type', 'd', '-perm', '-0002', '-uid', '+0'], 'start': '2026-07-29 08:32:55.009131', 'end': '2026-07-29 08:32:55.011988', 'delta': '0:00:00.002857', 'msg': '', 'invocation': {'module_args': {'_raw_params': 'find /stigforge -xdev -type d -perm -0002 -uid +0', '_uses_shell': False, 'expand_argument_vars': True, 'stdin_add_newline': True, 'strip_empty_ends': True, 'argv': None, 'chdir': None, 'executable': None, 'creates': None, 'removes': None, 'stdin': None}}, 'stdout_lines': [], 'stderr_lines': [], 'failed': False, 'item': '/stigforge', 'ansible_loop_var': 'item'})
ok: [localhost] => (item={'changed': False, 'stdout': '', 'stderr': '', 'rc': 0, 'cmd': ['find', '/stigforge/generator', '-xdev', '-type', 'd', '-perm', '-0002', '-uid', '+0'], 'start': '2026-07-29 08:32:55.118945', 'end': '2026-07-29 08:32:55.121531', 'delta': '0:00:00.002586', 'msg': '', 'invocation': {'module_args': {'_raw_params': 'find /stigforge/generator -xdev -type d -perm -0002 -uid +0', '_uses_shell': False, 'expand_argument_vars': True, 'stdin_add_newline': True, 'strip_empty_ends': True, 'argv': None, 'chdir': None, 'executable': None, 'creates': None, 'removes': None, 'stdin': None}}, 'stdout_lines': [], 'stderr_lines': [], 'failed': False, 'item': '/stigforge/generator', 'ansible_loop_var': 'item'})
ok: [localhost] => (item={'changed': False, 'stdout': '', 'stderr': '', 'rc': 0, 'cmd': ['find', '/etc', '-xdev', '-type', 'd', '-perm', '-0002', '-uid', '+0'], 'start': '2026-07-29 08:32:55.232240', 'end': '2026-07-29 08:32:55.235770', 'delta': '0:00:00.003530', 'msg': '', 'invocation': {'module_args': {'_raw_params': 'find /etc -xdev -type d -perm -0002 -uid +0', '_uses_shell': False, 'expand_argument_vars': True, 'stdin_add_newline': True, 'strip_empty_ends': True, 'argv': None, 'chdir': None, 'executable': None, 'creates': None, 'removes': None, 'stdin': None}}, 'stdout_lines': [], 'stderr_lines': [], 'failed': False, 'item': '/etc', 'ansible_loop_var': 'item'})
ok: [localhost] => (item={'changed': False, 'stdout': '', 'stderr': '', 'rc': 0, 'cmd': ['find', '/srv', '-xdev', '-type', 'd', '-perm', '-0002', '-uid', '+0'], 'start': '2026-07-29 08:32:55.345075', 'end': '2026-07-29 08:32:55.347709', 'delta': '0:00:00.002634', 'msg': '', 'invocation': {'module_args': {'_raw_params': 'find /srv -xdev -type d -perm -0002 -uid +0', '_uses_shell': False, 'expand_argument_vars': True, 'stdin_add_newline': True, 'strip_empty_ends': True, 'argv': None, 'chdir': None, 'executable': None, 'creates': None, 'removes': None, 'stdin': None}}, 'stdout_lines': [], 'stderr_lines': [], 'failed': False, 'item': '/srv', 'ansible_loop_var': 'item'})
ok: [localhost] => (item={'changed': False, 'stdout': '', 'stderr': '', 'rc': 0, 'cmd': ['find', '/afs', '-xdev', '-type', 'd', '-perm', '-0002', '-uid', '+0'], 'start': '2026-07-29 08:32:55.458625', 'end': '2026-07-29 08:32:55.461137', 'delta': '0:00:00.002512', 'msg': '', 'invocation': {'module_args': {'_raw_params': 'find /afs -xdev -type d -perm -0002 -uid +0', '_uses_shell': False, 'expand_argument_vars': True, 'stdin_add_newline': True, 'strip_empty_ends': True, 'argv': None, 'chdir': None, 'executable': None, 'creates': None, 'removes': None, 'stdin': None}}, 'stdout_lines': [], 'stderr_lines': [], 'failed': False, 'item': '/afs', 'ansible_loop_var': 'item'})
ok: [localhost] => (item={'changed': False, 'stdout': '', 'stderr': '', 'rc': 0, 'cmd': ['find', '/tmp', '-xdev', '-type', 'd', '-perm', '-0002', '-uid', '+0'], 'start': '2026-07-29 08:32:55.566370', 'end': '2026-07-29 08:32:55.568783', 'delta': '0:00:00.002413', 'msg': '', 'invocation': {'module_args': {'_raw_params': 'find /tmp -xdev -type d -perm -0002 -uid +0', '_uses_shell': False, 'expand_argument_vars': True, 'stdin_add_newline': True, 'strip_empty_ends': True, 'argv': None, 'chdir': None, 'executable': None, 'creates': None, 'removes': None, 'stdin': None}}, 'stdout_lines': [], 'stderr_lines': [], 'failed': False, 'item': '/tmp', 'ansible_loop_var': 'item'})
ok: [localhost] => (item={'changed': False, 'stdout': '', 'stderr': '', 'rc': 0, 'cmd': ['find', '/etc/resolv.conf', '-xdev', '-type', 'd', '-perm', '-0002', '-uid', '+0'], 'start': '2026-07-29 08:32:55.678990', 'end': '2026-07-29 08:32:55.681487', 'delta': '0:00:00.002497', 'msg': '', 'invocation': {'module_args': {'_raw_params': 'find /etc/resolv.conf -xdev -type d -perm -0002 -uid +0', '_uses_shell': False, 'expand_argument_vars': True, 'stdin_add_newline': True, 'strip_empty_ends': True, 'argv': None, 'chdir': None, 'executable': None, 'creates': None, 'removes': None, 'stdin': None}}, 'stdout_lines': [], 'stderr_lines': [], 'failed': False, 'item': '/etc/resolv.conf', 'ansible_loop_var': 'item'})
ok: [localhost] => (item={'changed': False, 'stdout': '', 'stderr': '', 'rc': 0, 'cmd': ['find', '/stigforge/artifacts', '-xdev', '-type', 'd', '-perm', '-0002', '-uid', '+0'], 'start': '2026-07-29 08:32:55.790106', 'end': '2026-07-29 08:32:55.792714', 'delta': '0:00:00.002608', 'msg': '', 'invocation': {'module_args': {'_raw_params': 'find /stigforge/artifacts -xdev -type d -perm -0002 -uid +0', '_uses_shell': False, 'expand_argument_vars': True, 'stdin_add_newline': True, 'strip_empty_ends': True, 'argv': None, 'chdir': None, 'executable': None, 'creates': None, 'removes': None, 'stdin': None}}, 'stdout_lines': [], 'stderr_lines': [], 'failed': False, 'item': '/stigforge/artifacts', 'ansible_loop_var': 'item'})
ok: [localhost] => (item={'changed': False, 'stdout': '', 'stderr': '', 'rc': 0, 'cmd': ['find', '/stigforge/policy', '-xdev', '-type', 'd', '-perm', '-0002', '-uid', '+0'], 'start': '2026-07-29 08:32:55.899419', 'end': '2026-07-29 08:32:55.901682', 'delta': '0:00:00.002263', 'msg': '', 'invocation': {'module_args': {'_raw_params': 'find /stigforge/policy -xdev -type d -perm -0002 -uid +0', '_uses_shell': False, 'expand_argument_vars': True, 'stdin_add_newline': True, 'strip_empty_ends': True, 'argv': None, 'chdir': None, 'executable': None, 'creates': None, 'removes': None, 'stdin': None}}, 'stdout_lines': [], 'stderr_lines': [], 'failed': False, 'item': '/stigforge/policy', 'ansible_loop_var': 'item'})
ok: [localhost] => (item={'changed': False, 'stdout': '', 'stderr': '', 'rc': 0, 'cmd': ['find', '/stigforge/pyproject.toml', '-xdev', '-type', 'd', '-perm', '-0002', '-uid', '+0'], 'start': '2026-07-29 08:32:56.011315', 'end': '2026-07-29 08:32:56.013540', 'delta': '0:00:00.002225', 'msg': '', 'invocation': {'module_args': {'_raw_params': 'find /stigforge/pyproject.toml -xdev -type d -perm -0002 -uid +0', '_uses_shell': False, 'expand_argument_vars': True, 'stdin_add_newline': True, 'strip_empty_ends': True, 'argv': None, 'chdir': None, 'executable': None, 'creates': None, 'removes': None, 'stdin': None}}, 'stdout_lines': [], 'stderr_lines': [], 'failed': False, 'item': '/stigforge/pyproject.toml', 'ansible_loop_var': 'item'})
ok: [localhost] => (item={'changed': False, 'stdout': '', 'stderr': '', 'rc': 0, 'cmd': ['find', '/media', '-xdev', '-type', 'd', '-perm', '-0002', '-uid', '+0'], 'start': '2026-07-29 08:32:56.126743', 'end': '2026-07-29 08:32:56.129500', 'delta': '0:00:00.002757', 'msg': '', 'invocation': {'module_args': {'_raw_params': 'find /media -xdev -type d -perm -0002 -uid +0', '_uses_shell': False, 'expand_argument_vars': True, 'stdin_add_newline': True, 'strip_empty_ends': True, 'argv': None, 'chdir': None, 'executable': None, 'creates': None, 'removes': None, 'stdin': None}}, 'stdout_lines': [], 'stderr_lines': [], 'failed': False, 'item': '/media', 'ansible_loop_var': 'item'})
ok: [localhost] => (item={'changed': False, 'stdout': '', 'stderr': '', 'rc': 0, 'cmd': ['find', '/etc/hostname', '-xdev', '-type', 'd', '-perm', '-0002', '-uid', '+0'], 'start': '2026-07-29 08:32:56.239889', 'end': '2026-07-29 08:32:56.242669', 'delta': '0:00:00.002780', 'msg': '', 'invocation': {'module_args': {'_raw_params': 'find /etc/hostname -xdev -type d -perm -0002 -uid +0', '_uses_shell': False, 'expand_argument_vars': True, 'stdin_add_newline': True, 'strip_empty_ends': True, 'argv': None, 'chdir': None, 'executable': None, 'creates': None, 'removes': None, 'stdin': None}}, 'stdout_lines': [], 'stderr_lines': [], 'failed': False, 'item': '/etc/hostname', 'ansible_loop_var': 'item'})
ok: [localhost] => (item={'changed': False, 'stdout': '', 'stderr': '', 'rc': 0, 'cmd': ['find', '/stigforge/roles', '-xdev', '-type', 'd', '-perm', '-0002', '-uid', '+0'], 'start': '2026-07-29 08:32:56.352721', 'end': '2026-07-29 08:32:56.355972', 'delta': '0:00:00.003251', 'msg': '', 'invocation': {'module_args': {'_raw_params': 'find /stigforge/roles -xdev -type d -perm -0002 -uid +0', '_uses_shell': False, 'expand_argument_vars': True, 'stdin_add_newline': True, 'strip_empty_ends': True, 'argv': None, 'chdir': None, 'executable': None, 'creates': None, 'removes': None, 'stdin': None}}, 'stdout_lines': [], 'stderr_lines': [], 'failed': False, 'item': '/stigforge/roles', 'ansible_loop_var': 'item'})
ok: [localhost] => (item={'changed': False, 'stdout': '', 'stderr': '', 'rc': 0, 'cmd': ['find', '/mnt', '-xdev', '-type', 'd', '-perm', '-0002', '-uid', '+0'], 'start': '2026-07-29 08:32:56.466528', 'end': '2026-07-29 08:32:56.469422', 'delta': '0:00:00.002894', 'msg': '', 'invocation': {'module_args': {'_raw_params': 'find /mnt -xdev -type d -perm -0002 -uid +0', '_uses_shell': False, 'expand_argument_vars': True, 'stdin_add_newline': True, 'strip_empty_ends': True, 'argv': None, 'chdir': None, 'executable': None, 'creates': None, 'removes': None, 'stdin': None}}, 'stdout_lines': [], 'stderr_lines': [], 'failed': False, 'item': '/mnt', 'ansible_loop_var': 'item'})
ok: [localhost] => (item={'changed': False, 'stdout': '', 'stderr': '', 'rc': 0, 'cmd': ['find', '/boot', '-xdev', '-type', 'd', '-perm', '-0002', '-uid', '+0'], 'start': '2026-07-29 08:32:56.577587', 'end': '2026-07-29 08:32:56.580468', 'delta': '0:00:00.002881', 'msg': '', 'invocation': {'module_args': {'_raw_params': 'find /boot -xdev -type d -perm -0002 -uid +0', '_uses_shell': False, 'expand_argument_vars': True, 'stdin_add_newline': True, 'strip_empty_ends': True, 'argv': None, 'chdir': None, 'executable': None, 'creates': None, 'removes': None, 'stdin': None}}, 'stdout_lines': [], 'stderr_lines': [], 'failed': False, 'item': '/boot', 'ansible_loop_var': 'item'})
ok: [localhost] => (item={'changed': False, 'stdout': '', 'stderr': '', 'rc': 0, 'cmd': ['find', '/usr', '-xdev', '-type', 'd', '-perm', '-0002', '-uid', '+0'], 'start': '2026-07-29 08:32:56.689929', 'end': '2026-07-29 08:32:56.720698', 'delta': '0:00:00.030769', 'msg': '', 'invocation': {'module_args': {'_raw_params': 'find /usr -xdev -type d -perm -0002 -uid +0', '_uses_shell': False, 'expand_argument_vars': True, 'stdin_add_newline': True, 'strip_empty_ends': True, 'argv': None, 'chdir': None, 'executable': None, 'creates': None, 'removes': None, 'stdin': None}}, 'stdout_lines': [], 'stderr_lines': [], 'failed': False, 'item': '/usr', 'ansible_loop_var': 'item'})
ok: [localhost] => (item={'changed': False, 'stdout': '', 'stderr': '', 'rc': 0, 'cmd': ['find', '/etc/hosts', '-xdev', '-type', 'd', '-perm', '-0002', '-uid', '+0'], 'start': '2026-07-29 08:32:56.836062', 'end': '2026-07-29 08:32:56.838838', 'delta': '0:00:00.002776', 'msg': '', 'invocation': {'module_args': {'_raw_params': 'find /etc/hosts -xdev -type d -perm -0002 -uid +0', '_uses_shell': False, 'expand_argument_vars': True, 'stdin_add_newline': True, 'strip_empty_ends': True, 'argv': None, 'chdir': None, 'executable': None, 'creates': None, 'removes': None, 'stdin': None}}, 'stdout_lines': [], 'stderr_lines': [], 'failed': False, 'item': '/etc/hosts', 'ansible_loop_var': 'item'})

TASK [/stigforge/roles/ol9_stig : Ensure All World-Writable Directories Are Owned by root User - Ensure root Ownership on Local World Writable Directories] ***
skipping: [localhost]

TASK [/stigforge/roles/ol9_stig : Verify that All World-Writable Directories Have Sticky Bits Set - Define Excluded (Non-Local) File Systems and Paths] ***
ok: [localhost]

TASK [/stigforge/roles/ol9_stig : Verify that All World-Writable Directories Have Sticky Bits Set - Find Relevant Root Directories Ignoring Pre-Defined Excluded Paths] ***
ok: [localhost]

TASK [/stigforge/roles/ol9_stig : Verify that All World-Writable Directories Have Sticky Bits Set - Include Relevant Root Directories in a List of Paths to be Searched] ***
ok: [localhost] => (item={'path': '/opt', 'mode': '0755', 'isdir': True, 'ischr': False, 'isblk': False, 'isreg': False, 'isfifo': False, 'islnk': False, 'issock': False, 'uid': 0, 'gid': 0, 'size': 4096, 'inode': 13386576, 'dev': 61, 'nlink': 2, 'atime': 1785313815.2482193, 'mtime': 1729922950.0, 'ctime': 1785313815.2332191, 'gr_name': 'root', 'pw_name': 'root', 'wusr': True, 'rusr': True, 'xusr': True, 'wgrp': False, 'rgrp': True, 'xgrp': True, 'woth': False, 'roth': True, 'xoth': True, 'isuid': False, 'isgid': False})
ok: [localhost] => (item={'path': '/boot', 'mode': '0555', 'isdir': True, 'ischr': False, 'isblk': False, 'isreg': False, 'isfifo': False, 'islnk': False, 'issock': False, 'uid': 0, 'gid': 0, 'size': 4096, 'inode': 13385680, 'dev': 61, 'nlink': 2, 'atime': 1785313815.2462194, 'mtime': 1729922950.0, 'ctime': 1785313815.2328703, 'gr_name': 'root', 'pw_name': 'root', 'wusr': False, 'rusr': True, 'xusr': True, 'wgrp': False, 'rgrp': True, 'xgrp': True, 'woth': False, 'roth': True, 'xoth': True, 'isuid': False, 'isgid': False})
ok: [localhost] => (item={'path': '/usr', 'mode': '0755', 'isdir': True, 'ischr': False, 'isblk': False, 'isreg': False, 'isfifo': False, 'islnk': False, 'issock': False, 'uid': 0, 'gid': 0, 'size': 4096, 'inode': 13646785, 'dev': 61, 'nlink': 1, 'atime': 1785313864.1103764, 'mtime': 1784775719.0, 'ctime': 1785313915.8568203, 'gr_name': 'root', 'pw_name': 'root', 'wusr': True, 'rusr': True, 'xusr': True, 'wgrp': False, 'rgrp': True, 'xgrp': True, 'woth': False, 'roth': True, 'xoth': True, 'isuid': False, 'isgid': False})
ok: [localhost] => (item={'path': '/tmp', 'mode': '1777', 'isdir': True, 'ischr': False, 'isblk': False, 'isreg': False, 'isfifo': False, 'islnk': False, 'issock': False, 'uid': 0, 'gid': 0, 'size': 4096, 'inode': 13386590, 'dev': 61, 'nlink': 1, 'atime': 1785313977.0473266, 'mtime': 1785313977.0453267, 'ctime': 1785313977.0453267, 'gr_name': 'root', 'pw_name': 'root', 'wusr': True, 'rusr': True, 'xusr': True, 'wgrp': True, 'rgrp': True, 'xgrp': True, 'woth': True, 'roth': True, 'xoth': True, 'isuid': False, 'isgid': False})
ok: [localhost] => (item={'path': '/root', 'mode': '0550', 'isdir': True, 'ischr': False, 'isblk': False, 'isreg': False, 'isfifo': False, 'islnk': False, 'issock': False, 'uid': 0, 'gid': 0, 'size': 4096, 'inode': 13646753, 'dev': 61, 'nlink': 1, 'atime': 1785313969.0262222, 'mtime': 1785313941.2558606, 'ctime': 1785313941.2558606, 'gr_name': 'root', 'pw_name': 'root', 'wusr': False, 'rusr': True, 'xusr': True, 'wgrp': False, 'rgrp': True, 'xgrp': True, 'woth': False, 'roth': False, 'xoth': False, 'isuid': False, 'isgid': False})
ok: [localhost] => (item={'path': '/home', 'mode': '0755', 'isdir': True, 'ischr': False, 'isblk': False, 'isreg': False, 'isfifo': False, 'islnk': False, 'issock': False, 'uid': 0, 'gid': 0, 'size': 4096, 'inode': 13386571, 'dev': 61, 'nlink': 2, 'atime': 1785313815.2482193, 'mtime': 1729922950.0, 'ctime': 1785313815.2332191, 'gr_name': 'root', 'pw_name': 'root', 'wusr': True, 'rusr': True, 'xusr': True, 'wgrp': False, 'rgrp': True, 'xgrp': True, 'woth': False, 'roth': True, 'xoth': True, 'isuid': False, 'isgid': False})
ok: [localhost] => (item={'path': '/mnt', 'mode': '0755', 'isdir': True, 'ischr': False, 'isblk': False, 'isreg': False, 'isfifo': False, 'islnk': False, 'issock': False, 'uid': 0, 'gid': 0, 'size': 4096, 'inode': 13386575, 'dev': 61, 'nlink': 2, 'atime': 1785313815.2482193, 'mtime': 1729922950.0, 'ctime': 1785313815.2332191, 'gr_name': 'root', 'pw_name': 'root', 'wusr': True, 'rusr': True, 'xusr': True, 'wgrp': False, 'rgrp': True, 'xgrp': True, 'woth': False, 'roth': True, 'xoth': True, 'isuid': False, 'isgid': False})
ok: [localhost] => (item={'path': '/var', 'mode': '0755', 'isdir': True, 'ischr': False, 'isblk': False, 'isreg': False, 'isfifo': False, 'islnk': False, 'issock': False, 'uid': 0, 'gid': 0, 'size': 4096, 'inode': 13641162, 'dev': 61, 'nlink': 1, 'atime': 1785313863.501848, 'mtime': 1784775723.0, 'ctime': 1785313905.451688, 'gr_name': 'root', 'pw_name': 'root', 'wusr': True, 'rusr': True, 'xusr': True, 'wgrp': False, 'rgrp': True, 'xgrp': True, 'woth': False, 'roth': True, 'xoth': True, 'isuid': False, 'isgid': False})
ok: [localhost] => (item={'path': '/afs', 'mode': '0555', 'isdir': True, 'ischr': False, 'isblk': False, 'isreg': False, 'isfifo': False, 'islnk': False, 'issock': False, 'uid': 0, 'gid': 0, 'size': 4096, 'inode': 13385672, 'dev': 61, 'nlink': 2, 'atime': 1785313815.2462194, 'mtime': 1729922950.0, 'ctime': 1785313815.2328703, 'gr_name': 'root', 'pw_name': 'root', 'wusr': False, 'rusr': True, 'xusr': True, 'wgrp': False, 'rgrp': True, 'xgrp': True, 'woth': False, 'roth': True, 'xoth': True, 'isuid': False, 'isgid': False})
ok: [localhost] => (item={'path': '/srv', 'mode': '0755', 'isdir': True, 'ischr': False, 'isblk': False, 'isreg': False, 'isfifo': False, 'islnk': False, 'issock': False, 'uid': 0, 'gid': 0, 'size': 4096, 'inode': 13386588, 'dev': 61, 'nlink': 2, 'atime': 1785313815.2482193, 'mtime': 1729922950.0, 'ctime': 1785313815.2332191, 'gr_name': 'root', 'pw_name': 'root', 'wusr': True, 'rusr': True, 'xusr': True, 'wgrp': False, 'rgrp': True, 'xgrp': True, 'woth': False, 'roth': True, 'xoth': True, 'isuid': False, 'isgid': False})
ok: [localhost] => (item={'path': '/etc', 'mode': '0755', 'isdir': True, 'ischr': False, 'isblk': False, 'isreg': False, 'isfifo': False, 'islnk': False, 'issock': False, 'uid': 0, 'gid': 0, 'size': 4096, 'inode': 13646816, 'dev': 61, 'nlink': 1, 'atime': 1785313975.233303, 'mtime': 1785313971.3517077, 'ctime': 1785313971.3517077, 'gr_name': 'root', 'pw_name': 'root', 'wusr': True, 'rusr': True, 'xusr': True, 'wgrp': False, 'rgrp': True, 'xgrp': True, 'woth': False, 'roth': True, 'xoth': True, 'isuid': False, 'isgid': False})
ok: [localhost] => (item={'path': '/media', 'mode': '0755', 'isdir': True, 'ischr': False, 'isblk': False, 'isreg': False, 'isfifo': False, 'islnk': False, 'issock': False, 'uid': 0, 'gid': 0, 'size': 4096, 'inode': 13386574, 'dev': 61, 'nlink': 2, 'atime': 1785313815.2482193, 'mtime': 1729922950.0, 'ctime': 1785313815.2332191, 'gr_name': 'root', 'pw_name': 'root', 'wusr': True, 'rusr': True, 'xusr': True, 'wgrp': False, 'rgrp': True, 'xgrp': True, 'woth': False, 'roth': True, 'xoth': True, 'isuid': False, 'isgid': False})
ok: [localhost] => (item={'path': '/stigforge', 'mode': '0755', 'isdir': True, 'ischr': False, 'isblk': False, 'isreg': False, 'isfifo': False, 'islnk': False, 'issock': False, 'uid': 0, 'gid': 0, 'size': 4096, 'inode': 13646777, 'dev': 61, 'nlink': 1, 'atime': 1785313865.8578787, 'mtime': 1785313865.7807944, 'ctime': 1785313867.3168976, 'gr_name': 'root', 'pw_name': 'root', 'wusr': True, 'rusr': True, 'xusr': True, 'wgrp': False, 'rgrp': True, 'xgrp': True, 'woth': False, 'roth': True, 'xoth': True, 'isuid': False, 'isgid': False})

TASK [/stigforge/roles/ol9_stig : Verify that All World-Writable Directories Have Sticky Bits Set - Increment Search Paths List with Local Partitions Mount Points] ***
ok: [localhost] => (item={'mount': '/stigforge/artifacts', 'device': '/dev/nvme0n1p2', 'fstype': 'ext4', 'options': 'rw,relatime,bind', 'dump': 0, 'passno': 0, 'size_total': 1005867986944, 'size_available': 595630243840, 'block_size': 4096, 'block_total': 245573239, 'block_available': 145417540, 'block_used': 100155699, 'inode_total': 62447616, 'inode_available': 61342112, 'inode_used': 1105504, 'uuid': 'N/A'})
ok: [localhost] => (item={'mount': '/stigforge/roles', 'device': '/dev/nvme0n1p2', 'fstype': 'ext4', 'options': 'ro,relatime,bind', 'dump': 0, 'passno': 0, 'size_total': 1005867986944, 'size_available': 595630243840, 'block_size': 4096, 'block_total': 245573239, 'block_available': 145417540, 'block_used': 100155699, 'inode_total': 62447616, 'inode_available': 61342112, 'inode_used': 1105504, 'uuid': 'N/A'})
ok: [localhost] => (item={'mount': '/stigforge/policy', 'device': '/dev/nvme0n1p2', 'fstype': 'ext4', 'options': 'ro,relatime,bind', 'dump': 0, 'passno': 0, 'size_total': 1005867986944, 'size_available': 595630243840, 'block_size': 4096, 'block_total': 245573239, 'block_available': 145417540, 'block_used': 100155699, 'inode_total': 62447616, 'inode_available': 61342112, 'inode_used': 1105504, 'uuid': 'N/A'})
ok: [localhost] => (item={'mount': '/stigforge/generator', 'device': '/dev/nvme0n1p2', 'fstype': 'ext4', 'options': 'ro,relatime,bind', 'dump': 0, 'passno': 0, 'size_total': 1005867986944, 'size_available': 595630243840, 'block_size': 4096, 'block_total': 245573239, 'block_available': 145417540, 'block_used': 100155699, 'inode_total': 62447616, 'inode_available': 61342112, 'inode_used': 1105504, 'uuid': 'N/A'})
ok: [localhost] => (item={'mount': '/stigforge/pyproject.toml', 'device': '/dev/nvme0n1p2', 'fstype': 'ext4', 'options': 'ro,relatime,bind', 'dump': 0, 'passno': 0, 'size_total': 1005867986944, 'size_available': 595630243840, 'block_size': 4096, 'block_total': 245573239, 'block_available': 145417540, 'block_used': 100155699, 'inode_total': 62447616, 'inode_available': 61342112, 'inode_used': 1105504, 'uuid': 'N/A'})
ok: [localhost] => (item={'mount': '/etc/resolv.conf', 'device': '/dev/nvme0n1p2', 'fstype': 'ext4', 'options': 'rw,relatime,bind', 'dump': 0, 'passno': 0, 'size_total': 1005867986944, 'size_available': 595630243840, 'block_size': 4096, 'block_total': 245573239, 'block_available': 145417540, 'block_used': 100155699, 'inode_total': 62447616, 'inode_available': 61342112, 'inode_used': 1105504, 'uuid': 'N/A'})
ok: [localhost] => (item={'mount': '/etc/hostname', 'device': '/dev/nvme0n1p2', 'fstype': 'ext4', 'options': 'rw,relatime,bind', 'dump': 0, 'passno': 0, 'size_total': 1005867986944, 'size_available': 595630243840, 'block_size': 4096, 'block_total': 245573239, 'block_available': 145417540, 'block_used': 100155699, 'inode_total': 62447616, 'inode_available': 61342112, 'inode_used': 1105504, 'uuid': 'N/A'})
ok: [localhost] => (item={'mount': '/etc/hosts', 'device': '/dev/nvme0n1p2', 'fstype': 'ext4', 'options': 'rw,relatime,bind', 'dump': 0, 'passno': 0, 'size_total': 1005867986944, 'size_available': 595630243840, 'block_size': 4096, 'block_total': 245573239, 'block_available': 145417540, 'block_used': 100155699, 'inode_total': 62447616, 'inode_available': 61342112, 'inode_used': 1105504, 'uuid': 'N/A'})

TASK [/stigforge/roles/ol9_stig : Verify that All World-Writable Directories Have Sticky Bits Set - Increment Search Paths List with Local NFS File System Targets] ***
skipping: [localhost] => (item={'mount': '/stigforge/artifacts', 'device': '/dev/nvme0n1p2', 'fstype': 'ext4', 'options': 'rw,relatime,bind', 'dump': 0, 'passno': 0, 'size_total': 1005867986944, 'size_available': 595630243840, 'block_size': 4096, 'block_total': 245573239, 'block_available': 145417540, 'block_used': 100155699, 'inode_total': 62447616, 'inode_available': 61342112, 'inode_used': 1105504, 'uuid': 'N/A'}) 
skipping: [localhost] => (item={'mount': '/stigforge/roles', 'device': '/dev/nvme0n1p2', 'fstype': 'ext4', 'options': 'ro,relatime,bind', 'dump': 0, 'passno': 0, 'size_total': 1005867986944, 'size_available': 595630243840, 'block_size': 4096, 'block_total': 245573239, 'block_available': 145417540, 'block_used': 100155699, 'inode_total': 62447616, 'inode_available': 61342112, 'inode_used': 1105504, 'uuid': 'N/A'}) 
skipping: [localhost] => (item={'mount': '/stigforge/policy', 'device': '/dev/nvme0n1p2', 'fstype': 'ext4', 'options': 'ro,relatime,bind', 'dump': 0, 'passno': 0, 'size_total': 1005867986944, 'size_available': 595630243840, 'block_size': 4096, 'block_total': 245573239, 'block_available': 145417540, 'block_used': 100155699, 'inode_total': 62447616, 'inode_available': 61342112, 'inode_used': 1105504, 'uuid': 'N/A'}) 
skipping: [localhost] => (item={'mount': '/stigforge/generator', 'device': '/dev/nvme0n1p2', 'fstype': 'ext4', 'options': 'ro,relatime,bind', 'dump': 0, 'passno': 0, 'size_total': 1005867986944, 'size_available': 595630243840, 'block_size': 4096, 'block_total': 245573239, 'block_available': 145417540, 'block_used': 100155699, 'inode_total': 62447616, 'inode_available': 61342112, 'inode_used': 1105504, 'uuid': 'N/A'}) 
skipping: [localhost] => (item={'mount': '/stigforge/pyproject.toml', 'device': '/dev/nvme0n1p2', 'fstype': 'ext4', 'options': 'ro,relatime,bind', 'dump': 0, 'passno': 0, 'size_total': 1005867986944, 'size_available': 595630243840, 'block_size': 4096, 'block_total': 245573239, 'block_available': 145417540, 'block_used': 100155699, 'inode_total': 62447616, 'inode_available': 61342112, 'inode_used': 1105504, 'uuid': 'N/A'}) 
skipping: [localhost] => (item={'mount': '/etc/resolv.conf', 'device': '/dev/nvme0n1p2', 'fstype': 'ext4', 'options': 'rw,relatime,bind', 'dump': 0, 'passno': 0, 'size_total': 1005867986944, 'size_available': 595630243840, 'block_size': 4096, 'block_total': 245573239, 'block_available': 145417540, 'block_used': 100155699, 'inode_total': 62447616, 'inode_available': 61342112, 'inode_used': 1105504, 'uuid': 'N/A'}) 
skipping: [localhost] => (item={'mount': '/etc/hostname', 'device': '/dev/nvme0n1p2', 'fstype': 'ext4', 'options': 'rw,relatime,bind', 'dump': 0, 'passno': 0, 'size_total': 1005867986944, 'size_available': 595630243840, 'block_size': 4096, 'block_total': 245573239, 'block_available': 145417540, 'block_used': 100155699, 'inode_total': 62447616, 'inode_available': 61342112, 'inode_used': 1105504, 'uuid': 'N/A'}) 
skipping: [localhost] => (item={'mount': '/etc/hosts', 'device': '/dev/nvme0n1p2', 'fstype': 'ext4', 'options': 'rw,relatime,bind', 'dump': 0, 'passno': 0, 'size_total': 1005867986944, 'size_available': 595630243840, 'block_size': 4096, 'block_total': 245573239, 'block_available': 145417540, 'block_used': 100155699, 'inode_total': 62447616, 'inode_available': 61342112, 'inode_used': 1105504, 'uuid': 'N/A'}) 
skipping: [localhost]

TASK [/stigforge/roles/ol9_stig : Verify that All World-Writable Directories Have Sticky Bits Set - Define Rule Specific Facts] ***
ok: [localhost]

TASK [/stigforge/roles/ol9_stig : Verify that All World-Writable Directories Have Sticky Bits Set - Find All Uncompliant Directories in Local File Systems] ***
ok: [localhost] => (item=/root)
ok: [localhost] => (item=/home)
ok: [localhost] => (item=/var)
ok: [localhost] => (item=/opt)
ok: [localhost] => (item=/stigforge)
ok: [localhost] => (item=/stigforge/generator)
ok: [localhost] => (item=/etc)
ok: [localhost] => (item=/srv)
ok: [localhost] => (item=/afs)
ok: [localhost] => (item=/tmp)
ok: [localhost] => (item=/etc/resolv.conf)
ok: [localhost] => (item=/stigforge/artifacts)
ok: [localhost] => (item=/stigforge/policy)
ok: [localhost] => (item=/stigforge/pyproject.toml)
ok: [localhost] => (item=/media)
ok: [localhost] => (item=/etc/hostname)
ok: [localhost] => (item=/stigforge/roles)
ok: [localhost] => (item=/mnt)
ok: [localhost] => (item=/boot)
ok: [localhost] => (item=/usr)
ok: [localhost] => (item=/etc/hosts)

TASK [/stigforge/roles/ol9_stig : Verify that All World-Writable Directories Have Sticky Bits Set - Create List of World Writable Directories Without Sticky Bit] ***
ok: [localhost] => (item={'changed': False, 'stdout': '', 'stderr': '', 'rc': 0, 'cmd': ['find', '/root', '-xdev', '-type', 'd', '(', '-perm', '-0002', '-a', '!', '-perm', '-1000', ')'], 'start': '2026-07-29 08:32:57.395186', 'end': '2026-07-29 08:32:57.398190', 'delta': '0:00:00.003004', 'msg': '', 'invocation': {'module_args': {'_raw_params': 'find /root -xdev -type d ( -perm -0002 -a ! -perm -1000 )', '_uses_shell': False, 'expand_argument_vars': True, 'stdin_add_newline': True, 'strip_empty_ends': True, 'argv': None, 'chdir': None, 'executable': None, 'creates': None, 'removes': None, 'stdin': None}}, 'stdout_lines': [], 'stderr_lines': [], 'failed': False, 'item': '/root', 'ansible_loop_var': 'item'})
ok: [localhost] => (item={'changed': False, 'stdout': '', 'stderr': '', 'rc': 0, 'cmd': ['find', '/home', '-xdev', '-type', 'd', '(', '-perm', '-0002', '-a', '!', '-perm', '-1000', ')'], 'start': '2026-07-29 08:32:57.508021', 'end': '2026-07-29 08:32:57.510735', 'delta': '0:00:00.002714', 'msg': '', 'invocation': {'module_args': {'_raw_params': 'find /home -xdev -type d ( -perm -0002 -a ! -perm -1000 )', '_uses_shell': False, 'expand_argument_vars': True, 'stdin_add_newline': True, 'strip_empty_ends': True, 'argv': None, 'chdir': None, 'executable': None, 'creates': None, 'removes': None, 'stdin': None}}, 'stdout_lines': [], 'stderr_lines': [], 'failed': False, 'item': '/home', 'ansible_loop_var': 'item'})
ok: [localhost] => (item={'changed': False, 'stdout': '', 'stderr': '', 'rc': 0, 'cmd': ['find', '/var', '-xdev', '-type', 'd', '(', '-perm', '-0002', '-a', '!', '-perm', '-1000', ')'], 'start': '2026-07-29 08:32:57.620025', 'end': '2026-07-29 08:32:57.623161', 'delta': '0:00:00.003136', 'msg': '', 'invocation': {'module_args': {'_raw_params': 'find /var -xdev -type d ( -perm -0002 -a ! -perm -1000 )', '_uses_shell': False, 'expand_argument_vars': True, 'stdin_add_newline': True, 'strip_empty_ends': True, 'argv': None, 'chdir': None, 'executable': None, 'creates': None, 'removes': None, 'stdin': None}}, 'stdout_lines': [], 'stderr_lines': [], 'failed': False, 'item': '/var', 'ansible_loop_var': 'item'})
ok: [localhost] => (item={'changed': False, 'stdout': '', 'stderr': '', 'rc': 0, 'cmd': ['find', '/opt', '-xdev', '-type', 'd', '(', '-perm', '-0002', '-a', '!', '-perm', '-1000', ')'], 'start': '2026-07-29 08:32:57.731273', 'end': '2026-07-29 08:32:57.733733', 'delta': '0:00:00.002460', 'msg': '', 'invocation': {'module_args': {'_raw_params': 'find /opt -xdev -type d ( -perm -0002 -a ! -perm -1000 )', '_uses_shell': False, 'expand_argument_vars': True, 'stdin_add_newline': True, 'strip_empty_ends': True, 'argv': None, 'chdir': None, 'executable': None, 'creates': None, 'removes': None, 'stdin': None}}, 'stdout_lines': [], 'stderr_lines': [], 'failed': False, 'item': '/opt', 'ansible_loop_var': 'item'})
ok: [localhost] => (item={'changed': False, 'stdout': '', 'stderr': '', 'rc': 0, 'cmd': ['find', '/stigforge', '-xdev', '-type', 'd', '(', '-perm', '-0002', '-a', '!', '-perm', '-1000', ')'], 'start': '2026-07-29 08:32:57.840183', 'end': '2026-07-29 08:32:57.843332', 'delta': '0:00:00.003149', 'msg': '', 'invocation': {'module_args': {'_raw_params': 'find /stigforge -xdev -type d ( -perm -0002 -a ! -perm -1000 )', '_uses_shell': False, 'expand_argument_vars': True, 'stdin_add_newline': True, 'strip_empty_ends': True, 'argv': None, 'chdir': None, 'executable': None, 'creates': None, 'removes': None, 'stdin': None}}, 'stdout_lines': [], 'stderr_lines': [], 'failed': False, 'item': '/stigforge', 'ansible_loop_var': 'item'})
ok: [localhost] => (item={'changed': False, 'stdout': '', 'stderr': '', 'rc': 0, 'cmd': ['find', '/stigforge/generator', '-xdev', '-type', 'd', '(', '-perm', '-0002', '-a', '!', '-perm', '-1000', ')'], 'start': '2026-07-29 08:32:57.953150', 'end': '2026-07-29 08:32:57.955701', 'delta': '0:00:00.002551', 'msg': '', 'invocation': {'module_args': {'_raw_params': 'find /stigforge/generator -xdev -type d ( -perm -0002 -a ! -perm -1000 )', '_uses_shell': False, 'expand_argument_vars': True, 'stdin_add_newline': True, 'strip_empty_ends': True, 'argv': None, 'chdir': None, 'executable': None, 'creates': None, 'removes': None, 'stdin': None}}, 'stdout_lines': [], 'stderr_lines': [], 'failed': False, 'item': '/stigforge/generator', 'ansible_loop_var': 'item'})
ok: [localhost] => (item={'changed': False, 'stdout': '', 'stderr': '', 'rc': 0, 'cmd': ['find', '/etc', '-xdev', '-type', 'd', '(', '-perm', '-0002', '-a', '!', '-perm', '-1000', ')'], 'start': '2026-07-29 08:32:58.065903', 'end': '2026-07-29 08:32:58.070149', 'delta': '0:00:00.004246', 'msg': '', 'invocation': {'module_args': {'_raw_params': 'find /etc -xdev -type d ( -perm -0002 -a ! -perm -1000 )', '_uses_shell': False, 'expand_argument_vars': True, 'stdin_add_newline': True, 'strip_empty_ends': True, 'argv': None, 'chdir': None, 'executable': None, 'creates': None, 'removes': None, 'stdin': None}}, 'stdout_lines': [], 'stderr_lines': [], 'failed': False, 'item': '/etc', 'ansible_loop_var': 'item'})
ok: [localhost] => (item={'changed': False, 'stdout': '', 'stderr': '', 'rc': 0, 'cmd': ['find', '/srv', '-xdev', '-type', 'd', '(', '-perm', '-0002', '-a', '!', '-perm', '-1000', ')'], 'start': '2026-07-29 08:32:58.182827', 'end': '2026-07-29 08:32:58.185761', 'delta': '0:00:00.002934', 'msg': '', 'invocation': {'module_args': {'_raw_params': 'find /srv -xdev -type d ( -perm -0002 -a ! -perm -1000 )', '_uses_shell': False, 'expand_argument_vars': True, 'stdin_add_newline': True, 'strip_empty_ends': True, 'argv': None, 'chdir': None, 'executable': None, 'creates': None, 'removes': None, 'stdin': None}}, 'stdout_lines': [], 'stderr_lines': [], 'failed': False, 'item': '/srv', 'ansible_loop_var': 'item'})
ok: [localhost] => (item={'changed': False, 'stdout': '', 'stderr': '', 'rc': 0, 'cmd': ['find', '/afs', '-xdev', '-type', 'd', '(', '-perm', '-0002', '-a', '!', '-perm', '-1000', ')'], 'start': '2026-07-29 08:32:58.293195', 'end': '2026-07-29 08:32:58.295590', 'delta': '0:00:00.002395', 'msg': '', 'invocation': {'module_args': {'_raw_params': 'find /afs -xdev -type d ( -perm -0002 -a ! -perm -1000 )', '_uses_shell': False, 'expand_argument_vars': True, 'stdin_add_newline': True, 'strip_empty_ends': True, 'argv': None, 'chdir': None, 'executable': None, 'creates': None, 'removes': None, 'stdin': None}}, 'stdout_lines': [], 'stderr_lines': [], 'failed': False, 'item': '/afs', 'ansible_loop_var': 'item'})
ok: [localhost] => (item={'changed': False, 'stdout': '', 'stderr': '', 'rc': 0, 'cmd': ['find', '/tmp', '-xdev', '-type', 'd', '(', '-perm', '-0002', '-a', '!', '-perm', '-1000', ')'], 'start': '2026-07-29 08:32:58.404868', 'end': '2026-07-29 08:32:58.407524', 'delta': '0:00:00.002656', 'msg': '', 'invocation': {'module_args': {'_raw_params': 'find /tmp -xdev -type d ( -perm -0002 -a ! -perm -1000 )', '_uses_shell': False, 'expand_argument_vars': True, 'stdin_add_newline': True, 'strip_empty_ends': True, 'argv': None, 'chdir': None, 'executable': None, 'creates': None, 'removes': None, 'stdin': None}}, 'stdout_lines': [], 'stderr_lines': [], 'failed': False, 'item': '/tmp', 'ansible_loop_var': 'item'})
ok: [localhost] => (item={'changed': False, 'stdout': '', 'stderr': '', 'rc': 0, 'cmd': ['find', '/etc/resolv.conf', '-xdev', '-type', 'd', '(', '-perm', '-0002', '-a', '!', '-perm', '-1000', ')'], 'start': '2026-07-29 08:32:58.516055', 'end': '2026-07-29 08:32:58.518576', 'delta': '0:00:00.002521', 'msg': '', 'invocation': {'module_args': {'_raw_params': 'find /etc/resolv.conf -xdev -type d ( -perm -0002 -a ! -perm -1000 )', '_uses_shell': False, 'expand_argument_vars': True, 'stdin_add_newline': True, 'strip_empty_ends': True, 'argv': None, 'chdir': None, 'executable': None, 'creates': None, 'removes': None, 'stdin': None}}, 'stdout_lines': [], 'stderr_lines': [], 'failed': False, 'item': '/etc/resolv.conf', 'ansible_loop_var': 'item'})
ok: [localhost] => (item={'changed': False, 'stdout': '', 'stderr': '', 'rc': 0, 'cmd': ['find', '/stigforge/artifacts', '-xdev', '-type', 'd', '(', '-perm', '-0002', '-a', '!', '-perm', '-1000', ')'], 'start': '2026-07-29 08:32:58.624365', 'end': '2026-07-29 08:32:58.626589', 'delta': '0:00:00.002224', 'msg': '', 'invocation': {'module_args': {'_raw_params': 'find /stigforge/artifacts -xdev -type d ( -perm -0002 -a ! -perm -1000 )', '_uses_shell': False, 'expand_argument_vars': True, 'stdin_add_newline': True, 'strip_empty_ends': True, 'argv': None, 'chdir': None, 'executable': None, 'creates': None, 'removes': None, 'stdin': None}}, 'stdout_lines': [], 'stderr_lines': [], 'failed': False, 'item': '/stigforge/artifacts', 'ansible_loop_var': 'item'})
ok: [localhost] => (item={'changed': False, 'stdout': '', 'stderr': '', 'rc': 0, 'cmd': ['find', '/stigforge/policy', '-xdev', '-type', 'd', '(', '-perm', '-0002', '-a', '!', '-perm', '-1000', ')'], 'start': '2026-07-29 08:32:58.736555', 'end': '2026-07-29 08:32:58.739429', 'delta': '0:00:00.002874', 'msg': '', 'invocation': {'module_args': {'_raw_params': 'find /stigforge/policy -xdev -type d ( -perm -0002 -a ! -perm -1000 )', '_uses_shell': False, 'expand_argument_vars': True, 'stdin_add_newline': True, 'strip_empty_ends': True, 'argv': None, 'chdir': None, 'executable': None, 'creates': None, 'removes': None, 'stdin': None}}, 'stdout_lines': [], 'stderr_lines': [], 'failed': False, 'item': '/stigforge/policy', 'ansible_loop_var': 'item'})
ok: [localhost] => (item={'changed': False, 'stdout': '', 'stderr': '', 'rc': 0, 'cmd': ['find', '/stigforge/pyproject.toml', '-xdev', '-type', 'd', '(', '-perm', '-0002', '-a', '!', '-perm', '-1000', ')'], 'start': '2026-07-29 08:32:58.848096', 'end': '2026-07-29 08:32:58.850661', 'delta': '0:00:00.002565', 'msg': '', 'invocation': {'module_args': {'_raw_params': 'find /stigforge/pyproject.toml -xdev -type d ( -perm -0002 -a ! -perm -1000 )', '_uses_shell': False, 'expand_argument_vars': True, 'stdin_add_newline': True, 'strip_empty_ends': True, 'argv': None, 'chdir': None, 'executable': None, 'creates': None, 'removes': None, 'stdin': None}}, 'stdout_lines': [], 'stderr_lines': [], 'failed': False, 'item': '/stigforge/pyproject.toml', 'ansible_loop_var': 'item'})
ok: [localhost] => (item={'changed': False, 'stdout': '', 'stderr': '', 'rc': 0, 'cmd': ['find', '/media', '-xdev', '-type', 'd', '(', '-perm', '-0002', '-a', '!', '-perm', '-1000', ')'], 'start': '2026-07-29 08:32:58.959312', 'end': '2026-07-29 08:32:58.962010', 'delta': '0:00:00.002698', 'msg': '', 'invocation': {'module_args': {'_raw_params': 'find /media -xdev -type d ( -perm -0002 -a ! -perm -1000 )', '_uses_shell': False, 'expand_argument_vars': True, 'stdin_add_newline': True, 'strip_empty_ends': True, 'argv': None, 'chdir': None, 'executable': None, 'creates': None, 'removes': None, 'stdin': None}}, 'stdout_lines': [], 'stderr_lines': [], 'failed': False, 'item': '/media', 'ansible_loop_var': 'item'})
ok: [localhost] => (item={'changed': False, 'stdout': '', 'stderr': '', 'rc': 0, 'cmd': ['find', '/etc/hostname', '-xdev', '-type', 'd', '(', '-perm', '-0002', '-a', '!', '-perm', '-1000', ')'], 'start': '2026-07-29 08:32:59.070568', 'end': '2026-07-29 08:32:59.073356', 'delta': '0:00:00.002788', 'msg': '', 'invocation': {'module_args': {'_raw_params': 'find /etc/hostname -xdev -type d ( -perm -0002 -a ! -perm -1000 )', '_uses_shell': False, 'expand_argument_vars': True, 'stdin_add_newline': True, 'strip_empty_ends': True, 'argv': None, 'chdir': None, 'executable': None, 'creates': None, 'removes': None, 'stdin': None}}, 'stdout_lines': [], 'stderr_lines': [], 'failed': False, 'item': '/etc/hostname', 'ansible_loop_var': 'item'})
ok: [localhost] => (item={'changed': False, 'stdout': '', 'stderr': '', 'rc': 0, 'cmd': ['find', '/stigforge/roles', '-xdev', '-type', 'd', '(', '-perm', '-0002', '-a', '!', '-perm', '-1000', ')'], 'start': '2026-07-29 08:32:59.180781', 'end': '2026-07-29 08:32:59.184283', 'delta': '0:00:00.003502', 'msg': '', 'invocation': {'module_args': {'_raw_params': 'find /stigforge/roles -xdev -type d ( -perm -0002 -a ! -perm -1000 )', '_uses_shell': False, 'expand_argument_vars': True, 'stdin_add_newline': True, 'strip_empty_ends': True, 'argv': None, 'chdir': None, 'executable': None, 'creates': None, 'removes': None, 'stdin': None}}, 'stdout_lines': [], 'stderr_lines': [], 'failed': False, 'item': '/stigforge/roles', 'ansible_loop_var': 'item'})
ok: [localhost] => (item={'changed': False, 'stdout': '', 'stderr': '', 'rc': 0, 'cmd': ['find', '/mnt', '-xdev', '-type', 'd', '(', '-perm', '-0002', '-a', '!', '-perm', '-1000', ')'], 'start': '2026-07-29 08:32:59.294854', 'end': '2026-07-29 08:32:59.297930', 'delta': '0:00:00.003076', 'msg': '', 'invocation': {'module_args': {'_raw_params': 'find /mnt -xdev -type d ( -perm -0002 -a ! -perm -1000 )', '_uses_shell': False, 'expand_argument_vars': True, 'stdin_add_newline': True, 'strip_empty_ends': True, 'argv': None, 'chdir': None, 'executable': None, 'creates': None, 'removes': None, 'stdin': None}}, 'stdout_lines': [], 'stderr_lines': [], 'failed': False, 'item': '/mnt', 'ansible_loop_var': 'item'})
ok: [localhost] => (item={'changed': False, 'stdout': '', 'stderr': '', 'rc': 0, 'cmd': ['find', '/boot', '-xdev', '-type', 'd', '(', '-perm', '-0002', '-a', '!', '-perm', '-1000', ')'], 'start': '2026-07-29 08:32:59.410060', 'end': '2026-07-29 08:32:59.412646', 'delta': '0:00:00.002586', 'msg': '', 'invocation': {'module_args': {'_raw_params': 'find /boot -xdev -type d ( -perm -0002 -a ! -perm -1000 )', '_uses_shell': False, 'expand_argument_vars': True, 'stdin_add_newline': True, 'strip_empty_ends': True, 'argv': None, 'chdir': None, 'executable': None, 'creates': None, 'removes': None, 'stdin': None}}, 'stdout_lines': [], 'stderr_lines': [], 'failed': False, 'item': '/boot', 'ansible_loop_var': 'item'})
ok: [localhost] => (item={'changed': False, 'stdout': '', 'stderr': '', 'rc': 0, 'cmd': ['find', '/usr', '-xdev', '-type', 'd', '(', '-perm', '-0002', '-a', '!', '-perm', '-1000', ')'], 'start': '2026-07-29 08:32:59.523378', 'end': '2026-07-29 08:32:59.552479', 'delta': '0:00:00.029101', 'msg': '', 'invocation': {'module_args': {'_raw_params': 'find /usr -xdev -type d ( -perm -0002 -a ! -perm -1000 )', '_uses_shell': False, 'expand_argument_vars': True, 'stdin_add_newline': True, 'strip_empty_ends': True, 'argv': None, 'chdir': None, 'executable': None, 'creates': None, 'removes': None, 'stdin': None}}, 'stdout_lines': [], 'stderr_lines': [], 'failed': False, 'item': '/usr', 'ansible_loop_var': 'item'})
ok: [localhost] => (item={'changed': False, 'stdout': '', 'stderr': '', 'rc': 0, 'cmd': ['find', '/etc/hosts', '-xdev', '-type', 'd', '(', '-perm', '-0002', '-a', '!', '-perm', '-1000', ')'], 'start': '2026-07-29 08:32:59.662194', 'end': '2026-07-29 08:32:59.664431', 'delta': '0:00:00.002237', 'msg': '', 'invocation': {'module_args': {'_raw_params': 'find /etc/hosts -xdev -type d ( -perm -0002 -a ! -perm -1000 )', '_uses_shell': False, 'expand_argument_vars': True, 'stdin_add_newline': True, 'strip_empty_ends': True, 'argv': None, 'chdir': None, 'executable': None, 'creates': None, 'removes': None, 'stdin': None}}, 'stdout_lines': [], 'stderr_lines': [], 'failed': False, 'item': '/etc/hosts', 'ansible_loop_var': 'item'})

TASK [/stigforge/roles/ol9_stig : Verify that All World-Writable Directories Have Sticky Bits Set - Ensure Sticky Bit is Set on Local World Writable Directories] ***
skipping: [localhost]

TASK [/stigforge/roles/ol9_stig : List /etc/sysctl.d/*.conf files] *************
skipping: [localhost]

TASK [/stigforge/roles/ol9_stig : Comment out any occurrences of fs.protected_hardlinks from config files] ***
skipping: [localhost]

TASK [/stigforge/roles/ol9_stig : Ensure sysctl fs.protected_hardlinks is set to 1] ***
skipping: [localhost]

TASK [/stigforge/roles/ol9_stig : List /etc/sysctl.d/*.conf files] *************
skipping: [localhost]

TASK [/stigforge/roles/ol9_stig : Comment out any occurrences of fs.protected_symlinks from config files] ***
skipping: [localhost]

TASK [/stigforge/roles/ol9_stig : Ensure sysctl fs.protected_symlinks is set to 1] ***
skipping: [localhost]

TASK [/stigforge/roles/ol9_stig : Set the file_groupowner_backup_etc_group_newgroup variable if represented by gid] ***
ok: [localhost]

TASK [/stigforge/roles/ol9_stig : Test for existence /etc/group-] **************
ok: [localhost]

TASK [/stigforge/roles/ol9_stig : Ensure group owner on /etc/group-] ***********
ok: [localhost]

TASK [/stigforge/roles/ol9_stig : Set the file_groupowner_backup_etc_gshadow_newgroup variable if represented by gid] ***
ok: [localhost]

TASK [/stigforge/roles/ol9_stig : Test for existence /etc/gshadow-] ************
ok: [localhost]

TASK [/stigforge/roles/ol9_stig : Ensure group owner on /etc/gshadow-] *********
ok: [localhost]

TASK [/stigforge/roles/ol9_stig : Set the file_groupowner_backup_etc_passwd_newgroup variable if represented by gid] ***
ok: [localhost]

TASK [/stigforge/roles/ol9_stig : Test for existence /etc/passwd-] *************
ok: [localhost]

TASK [/stigforge/roles/ol9_stig : Ensure group owner on /etc/passwd-] **********
ok: [localhost]

TASK [/stigforge/roles/ol9_stig : Set the file_groupowner_backup_etc_shadow_newgroup variable if represented by gid] ***
ok: [localhost]

TASK [/stigforge/roles/ol9_stig : Test for existence /etc/shadow-] *************
ok: [localhost]

TASK [/stigforge/roles/ol9_stig : Ensure group owner on /etc/shadow-] **********
ok: [localhost]

TASK [/stigforge/roles/ol9_stig : Set the file_groupowner_etc_group_newgroup variable if represented by gid] ***
ok: [localhost]

TASK [/stigforge/roles/ol9_stig : Test for existence /etc/group] ***************
ok: [localhost]

TASK [/stigforge/roles/ol9_stig : Ensure group owner on /etc/group] ************
ok: [localhost]

TASK [/stigforge/roles/ol9_stig : Set the file_groupowner_etc_gshadow_newgroup variable if represented by gid] ***
ok: [localhost]

TASK [/stigforge/roles/ol9_stig : Test for existence /etc/gshadow] *************
ok: [localhost]

TASK [/stigforge/roles/ol9_stig : Ensure group owner on /etc/gshadow] **********
ok: [localhost]

TASK [/stigforge/roles/ol9_stig : Set the file_groupowner_etc_passwd_newgroup variable if represented by gid] ***
ok: [localhost]

TASK [/stigforge/roles/ol9_stig : Test for existence /etc/passwd] **************
ok: [localhost]

TASK [/stigforge/roles/ol9_stig : Ensure group owner on /etc/passwd] ***********
ok: [localhost]

TASK [/stigforge/roles/ol9_stig : Set the file_groupowner_etc_shadow_newgroup variable if represented by gid] ***
ok: [localhost]

TASK [/stigforge/roles/ol9_stig : Test for existence /etc/shadow] **************
ok: [localhost]

TASK [/stigforge/roles/ol9_stig : Ensure group owner on /etc/shadow] ***********
ok: [localhost]

TASK [/stigforge/roles/ol9_stig : Set the file_owner_backup_etc_group_newown variable if represented by uid] ***
ok: [localhost]

TASK [/stigforge/roles/ol9_stig : Test for existence /etc/group-] **************
ok: [localhost]

TASK [/stigforge/roles/ol9_stig : Ensure owner on /etc/group-] *****************
ok: [localhost]

TASK [/stigforge/roles/ol9_stig : Set the file_owner_backup_etc_gshadow_newown variable if represented by uid] ***
ok: [localhost]

TASK [/stigforge/roles/ol9_stig : Test for existence /etc/gshadow-] ************
ok: [localhost]

TASK [/stigforge/roles/ol9_stig : Ensure owner on /etc/gshadow-] ***************
ok: [localhost]

TASK [/stigforge/roles/ol9_stig : Set the file_owner_backup_etc_passwd_newown variable if represented by uid] ***
ok: [localhost]

TASK [/stigforge/roles/ol9_stig : Test for existence /etc/passwd-] *************
ok: [localhost]

TASK [/stigforge/roles/ol9_stig : Ensure owner on /etc/passwd-] ****************
ok: [localhost]

TASK [/stigforge/roles/ol9_stig : Set the file_owner_backup_etc_shadow_newown variable if represented by uid] ***
ok: [localhost]

TASK [/stigforge/roles/ol9_stig : Test for existence /etc/shadow-] *************
ok: [localhost]

TASK [/stigforge/roles/ol9_stig : Ensure owner on /etc/shadow-] ****************
ok: [localhost]

TASK [/stigforge/roles/ol9_stig : Set the file_owner_etc_group_newown variable if represented by uid] ***
ok: [localhost]

TASK [/stigforge/roles/ol9_stig : Test for existence /etc/group] ***************
ok: [localhost]

TASK [/stigforge/roles/ol9_stig : Ensure owner on /etc/group] ******************
ok: [localhost]

TASK [/stigforge/roles/ol9_stig : Set the file_owner_etc_gshadow_newown variable if represented by uid] ***
ok: [localhost]

TASK [/stigforge/roles/ol9_stig : Test for existence /etc/gshadow] *************
ok: [localhost]

TASK [/stigforge/roles/ol9_stig : Ensure owner on /etc/gshadow] ****************
ok: [localhost]

TASK [/stigforge/roles/ol9_stig : Set the file_owner_etc_passwd_newown variable if represented by uid] ***
ok: [localhost]

TASK [/stigforge/roles/ol9_stig : Test for existence /etc/passwd] **************
ok: [localhost]

TASK [/stigforge/roles/ol9_stig : Ensure owner on /etc/passwd] *****************
ok: [localhost]

TASK [/stigforge/roles/ol9_stig : Set the file_owner_etc_shadow_newown variable if represented by uid] ***
ok: [localhost]

TASK [/stigforge/roles/ol9_stig : Test for existence /etc/shadow] **************
ok: [localhost]

TASK [/stigforge/roles/ol9_stig : Ensure owner on /etc/shadow] *****************
ok: [localhost]

TASK [/stigforge/roles/ol9_stig : Test for existence /etc/group-] **************
ok: [localhost]

TASK [/stigforge/roles/ol9_stig : Ensure permission u-xs,g-xws,o-xwt on /etc/group-] ***
ok: [localhost]

TASK [/stigforge/roles/ol9_stig : Test for existence /etc/gshadow-] ************
ok: [localhost]

TASK [/stigforge/roles/ol9_stig : Ensure permission u-xwrs,g-xwrs,o-xwrt on /etc/gshadow-] ***
ok: [localhost]

TASK [/stigforge/roles/ol9_stig : Test for existence /etc/passwd-] *************
ok: [localhost]

TASK [/stigforge/roles/ol9_stig : Ensure permission u-xs,g-xws,o-xwt on /etc/passwd-] ***
ok: [localhost]

TASK [/stigforge/roles/ol9_stig : Test for existence /etc/shadow-] *************
ok: [localhost]

TASK [/stigforge/roles/ol9_stig : Ensure permission u-xwrs,g-xwrs,o-xwrt on /etc/shadow-] ***
ok: [localhost]

TASK [/stigforge/roles/ol9_stig : Test for existence /etc/group] ***************
ok: [localhost]

TASK [/stigforge/roles/ol9_stig : Ensure permission u-xs,g-xws,o-xwt on /etc/group] ***
ok: [localhost]

TASK [/stigforge/roles/ol9_stig : Test for existence /etc/gshadow] *************
ok: [localhost]

TASK [/stigforge/roles/ol9_stig : Ensure permission u-xwrs,g-xwrs,o-xwrt on /etc/gshadow] ***
ok: [localhost]

TASK [/stigforge/roles/ol9_stig : Test for existence /etc/passwd] **************
ok: [localhost]

TASK [/stigforge/roles/ol9_stig : Ensure permission u-xs,g-xws,o-xwt on /etc/passwd] ***
ok: [localhost]

TASK [/stigforge/roles/ol9_stig : Test for existence /etc/shadow] **************
ok: [localhost]

TASK [/stigforge/roles/ol9_stig : Ensure permission u-xwrs,g-xwrs,o-xwrt on /etc/shadow] ***
ok: [localhost]

TASK [/stigforge/roles/ol9_stig : Set the file_groupowner_var_log_newgroup variable if represented by gid] ***
ok: [localhost]

TASK [/stigforge/roles/ol9_stig : Ensure group owner on /var/log/] *************
ok: [localhost]

TASK [/stigforge/roles/ol9_stig : Set the file_groupowner_var_log_messages_newgroup variable if represented by gid] ***
ok: [localhost]

TASK [/stigforge/roles/ol9_stig : Test for existence /var/log/messages] ********
ok: [localhost]

TASK [/stigforge/roles/ol9_stig : Ensure group owner on /var/log/messages] *****
skipping: [localhost]

TASK [/stigforge/roles/ol9_stig : Set the file_owner_var_log_newown variable if represented by uid] ***
ok: [localhost]

TASK [/stigforge/roles/ol9_stig : Ensure owner on directory /var/log/] *********
ok: [localhost]

TASK [/stigforge/roles/ol9_stig : Set the file_owner_var_log_messages_newown variable if represented by uid] ***
ok: [localhost]

TASK [/stigforge/roles/ol9_stig : Test for existence /var/log/messages] ********
ok: [localhost]

TASK [/stigforge/roles/ol9_stig : Ensure owner on /var/log/messages] ***********
skipping: [localhost]

TASK [/stigforge/roles/ol9_stig : Find /var/log/ file(s)] **********************
ok: [localhost]

TASK [/stigforge/roles/ol9_stig : Set permissions for /var/log/ file(s)] *******
skipping: [localhost]

TASK [/stigforge/roles/ol9_stig : Test for existence /var/log/messages] ********
ok: [localhost]

TASK [/stigforge/roles/ol9_stig : Ensure permission u-xs,g-xws,o-xwrt on /var/log/messages] ***
skipping: [localhost]

TASK [/stigforge/roles/ol9_stig : Set the dir_group_ownership_library_dirs_newgroup variable if represented by gid] ***
ok: [localhost]

TASK [/stigforge/roles/ol9_stig : Ensure group owner on /lib/ recursively] *****
ok: [localhost]

TASK [/stigforge/roles/ol9_stig : Ensure group owner on /lib64/ recursively] ***
ok: [localhost]

TASK [/stigforge/roles/ol9_stig : Ensure group owner on /usr/lib/ recursively] ***
ok: [localhost]

TASK [/stigforge/roles/ol9_stig : Ensure group owner on /usr/lib64/ recursively] ***
ok: [localhost]

TASK [/stigforge/roles/ol9_stig : Set the dir_ownership_library_dirs_newown variable if represented by uid] ***
ok: [localhost]

TASK [/stigforge/roles/ol9_stig : Ensure owner on directory /lib/ recursively] ***
ok: [localhost]

TASK [/stigforge/roles/ol9_stig : Ensure owner on directory /lib64/ recursively] ***
ok: [localhost]

TASK [/stigforge/roles/ol9_stig : Ensure owner on directory /usr/lib/ recursively] ***
ok: [localhost]

TASK [/stigforge/roles/ol9_stig : Ensure owner on directory /usr/lib64/ recursively] ***
ok: [localhost]

TASK [/stigforge/roles/ol9_stig : Find /lib/ file(s) recursively] **************
ok: [localhost]

TASK [/stigforge/roles/ol9_stig : Set permissions for /lib/ file(s)] ***********
skipping: [localhost]

TASK [/stigforge/roles/ol9_stig : Find /lib64/ file(s) recursively] ************
ok: [localhost]

TASK [/stigforge/roles/ol9_stig : Set permissions for /lib64/ file(s)] *********
skipping: [localhost]

TASK [/stigforge/roles/ol9_stig : Find /usr/lib/ file(s) recursively] **********
ok: [localhost]

TASK [/stigforge/roles/ol9_stig : Set permissions for /usr/lib/ file(s)] *******
skipping: [localhost]

TASK [/stigforge/roles/ol9_stig : Find /usr/lib64/ file(s) recursively] ********
ok: [localhost]

TASK [/stigforge/roles/ol9_stig : Set permissions for /usr/lib64/ file(s)] *****
skipping: [localhost]

TASK [/stigforge/roles/ol9_stig : Retrieve the system command files and set their group ownership to root] ***
ok: [localhost] => (item=/bin)
ok: [localhost] => (item=/sbin)
ok: [localhost] => (item=/usr/bin)
ok: [localhost] => (item=/usr/sbin)
ok: [localhost] => (item=/usr/local/bin)
ok: [localhost] => (item=/usr/local/sbin)

TASK [/stigforge/roles/ol9_stig : Read list of system executables without root ownership] ***
ok: [localhost]

TASK [/stigforge/roles/ol9_stig : Set ownership to root of system executables] ***
skipping: [localhost]

TASK [/stigforge/roles/ol9_stig : Set the file_ownership_library_dirs_newown variable if represented by uid] ***
ok: [localhost]

TASK [/stigforge/roles/ol9_stig : Find /lib/ file(s) matching ^.*$ recursively] ***
ok: [localhost]

TASK [/stigforge/roles/ol9_stig : Ensure owner on /lib/ file(s) matching ^.*$] ***
skipping: [localhost]

TASK [/stigforge/roles/ol9_stig : Find /lib64/ file(s) matching ^.*$ recursively] ***
ok: [localhost]

TASK [/stigforge/roles/ol9_stig : Ensure owner on /lib64/ file(s) matching ^.*$] ***
skipping: [localhost]

TASK [/stigforge/roles/ol9_stig : Find /usr/lib/ file(s) matching ^.*$ recursively] ***
ok: [localhost]

TASK [/stigforge/roles/ol9_stig : Ensure owner on /usr/lib/ file(s) matching ^.*$] ***
skipping: [localhost]

TASK [/stigforge/roles/ol9_stig : Find /usr/lib64/ file(s) matching ^.*$ recursively] ***
ok: [localhost]

TASK [/stigforge/roles/ol9_stig : Ensure owner on /usr/lib64/ file(s) matching ^.*$] ***
skipping: [localhost]

TASK [/stigforge/roles/ol9_stig : Read list of world and group writable system executables] ***
ok: [localhost]

TASK [/stigforge/roles/ol9_stig : Remove world/group writability of system executables] ***
skipping: [localhost]

TASK [/stigforge/roles/ol9_stig : Find /lib/ file(s) recursively] **************
ok: [localhost]

TASK [/stigforge/roles/ol9_stig : Set permissions for /lib/ file(s)] ***********
skipping: [localhost]

TASK [/stigforge/roles/ol9_stig : Find /lib64/ file(s) recursively] ************
ok: [localhost]

TASK [/stigforge/roles/ol9_stig : Set permissions for /lib64/ file(s)] *********
skipping: [localhost]

TASK [/stigforge/roles/ol9_stig : Find /usr/lib/ file(s) recursively] **********
ok: [localhost]

TASK [/stigforge/roles/ol9_stig : Set permissions for /usr/lib/ file(s)] *******
skipping: [localhost]

TASK [/stigforge/roles/ol9_stig : Find /usr/lib64/ file(s) recursively] ********
ok: [localhost]

TASK [/stigforge/roles/ol9_stig : Set permissions for /usr/lib64/ file(s)] *****
skipping: [localhost]

TASK [/stigforge/roles/ol9_stig : Set the root_permissions_syslibrary_files_newgroup variable if represented by gid] ***
ok: [localhost]

TASK [/stigforge/roles/ol9_stig : Find /lib/ file(s) matching ^.*$ recursively] ***
ok: [localhost]

TASK [/stigforge/roles/ol9_stig : Ensure group owner on /lib/ file(s) matching ^.*$] ***
skipping: [localhost]

TASK [/stigforge/roles/ol9_stig : Find /lib64/ file(s) matching ^.*$ recursively] ***
ok: [localhost]

TASK [/stigforge/roles/ol9_stig : Ensure group owner on /lib64/ file(s) matching ^.*$] ***
skipping: [localhost]

TASK [/stigforge/roles/ol9_stig : Find /usr/lib/ file(s) matching ^.*$ recursively] ***
ok: [localhost]

TASK [/stigforge/roles/ol9_stig : Ensure group owner on /usr/lib/ file(s) matching ^.*$] ***
skipping: [localhost]

TASK [/stigforge/roles/ol9_stig : Find /usr/lib64/ file(s) matching ^.*$ recursively] ***
ok: [localhost]

TASK [/stigforge/roles/ol9_stig : Ensure group owner on /usr/lib64/ file(s) matching ^.*$] ***
skipping: [localhost]

TASK [/stigforge/roles/ol9_stig : Ensure kernel module 'cramfs' is disabled] ***
skipping: [localhost]

TASK [/stigforge/roles/ol9_stig : Ensure kernel module 'cramfs' is blacklisted] ***
skipping: [localhost]

TASK [/stigforge/roles/ol9_stig : Ensure kernel module 'usb-storage' is disabled] ***
skipping: [localhost]

TASK [/stigforge/roles/ol9_stig : Ensure kernel module 'usb-storage' is blacklisted] ***
skipping: [localhost]

TASK [/stigforge/roles/ol9_stig : Add nosuid Option to /boot/efi: Check information associated to mountpoint] ***
skipping: [localhost]

TASK [/stigforge/roles/ol9_stig : Add nosuid Option to /boot/efi: Create mount_info dictionary variable] ***
skipping: [localhost]

TASK [/stigforge/roles/ol9_stig : Add nosuid Option to /boot/efi: If /boot/efi not mounted, craft mount_info manually] ***
skipping: [localhost] => (item=['target', '/boot/efi']) 
skipping: [localhost] => (item=['source', '']) 
skipping: [localhost] => (item=['fstype', '']) 
skipping: [localhost] => (item=['options', 'defaults']) 
skipping: [localhost]

TASK [/stigforge/roles/ol9_stig : Add nosuid Option to /boot/efi: Make sure nosuid option is part of the to /boot/efi options] ***
skipping: [localhost]

TASK [/stigforge/roles/ol9_stig : Add nosuid Option to /boot/efi: Ensure /boot/efi is mounted with nosuid option] ***
skipping: [localhost]

TASK [/stigforge/roles/ol9_stig : Add nodev Option to /boot: Check information associated to mountpoint] ***
skipping: [localhost]

TASK [/stigforge/roles/ol9_stig : Add nodev Option to /boot: Create mount_info dictionary variable] ***
skipping: [localhost]

TASK [/stigforge/roles/ol9_stig : Add nodev Option to /boot: If /boot not mounted, craft mount_info manually] ***
skipping: [localhost] => (item=['target', '/boot']) 
skipping: [localhost] => (item=['source', '']) 
skipping: [localhost] => (item=['fstype', '']) 
skipping: [localhost] => (item=['options', 'defaults']) 
skipping: [localhost]

TASK [/stigforge/roles/ol9_stig : Add nodev Option to /boot: Make sure nodev option is part of the to /boot options] ***
skipping: [localhost]

TASK [/stigforge/roles/ol9_stig : Add nodev Option to /boot: Ensure /boot is mounted with nodev option] ***
skipping: [localhost]

TASK [/stigforge/roles/ol9_stig : Add nosuid Option to /boot: Check information associated to mountpoint] ***
skipping: [localhost]

TASK [/stigforge/roles/ol9_stig : Add nosuid Option to /boot: Create mount_info dictionary variable] ***
skipping: [localhost]

TASK [/stigforge/roles/ol9_stig : Add nosuid Option to /boot: If /boot not mounted, craft mount_info manually] ***
skipping: [localhost] => (item=['target', '/boot']) 
skipping: [localhost] => (item=['source', '']) 
skipping: [localhost] => (item=['fstype', '']) 
skipping: [localhost] => (item=['options', 'defaults']) 
skipping: [localhost]

TASK [/stigforge/roles/ol9_stig : Add nosuid Option to /boot: Make sure nosuid option is part of the to /boot options] ***
skipping: [localhost]

TASK [/stigforge/roles/ol9_stig : Add nosuid Option to /boot: Ensure /boot is mounted with nosuid option] ***
skipping: [localhost]

TASK [/stigforge/roles/ol9_stig : Add nodev Option to /dev/shm: Check information associated to mountpoint] ***
skipping: [localhost]

TASK [/stigforge/roles/ol9_stig : Add nodev Option to /dev/shm: Create mount_info dictionary variable] ***
skipping: [localhost]

TASK [/stigforge/roles/ol9_stig : Add nodev Option to /dev/shm: If /dev/shm not mounted, craft mount_info manually] ***
skipping: [localhost] => (item=['target', '/dev/shm']) 
skipping: [localhost] => (item=['source', 'tmpfs']) 
skipping: [localhost] => (item=['fstype', 'tmpfs']) 
skipping: [localhost] => (item=['options', 'defaults']) 
skipping: [localhost]

TASK [/stigforge/roles/ol9_stig : Add nodev Option to /dev/shm: Make sure nodev option is part of the to /dev/shm options] ***
skipping: [localhost]

TASK [/stigforge/roles/ol9_stig : Add nodev Option to /dev/shm: Ensure /dev/shm is mounted with nodev option] ***
skipping: [localhost]

TASK [/stigforge/roles/ol9_stig : Add noexec Option to /dev/shm: Check information associated to mountpoint] ***
skipping: [localhost]

TASK [/stigforge/roles/ol9_stig : Add noexec Option to /dev/shm: Create mount_info dictionary variable] ***
skipping: [localhost]

TASK [/stigforge/roles/ol9_stig : Add noexec Option to /dev/shm: If /dev/shm not mounted, craft mount_info manually] ***
skipping: [localhost] => (item=['target', '/dev/shm']) 
skipping: [localhost] => (item=['source', 'tmpfs']) 
skipping: [localhost] => (item=['fstype', 'tmpfs']) 
skipping: [localhost] => (item=['options', 'defaults']) 
skipping: [localhost]

TASK [/stigforge/roles/ol9_stig : Add noexec Option to /dev/shm: Make sure noexec option is part of the to /dev/shm options] ***
skipping: [localhost]

TASK [/stigforge/roles/ol9_stig : Add noexec Option to /dev/shm: Ensure /dev/shm is mounted with noexec option] ***
skipping: [localhost]

TASK [/stigforge/roles/ol9_stig : Add nosuid Option to /dev/shm: Check information associated to mountpoint] ***
skipping: [localhost]

TASK [/stigforge/roles/ol9_stig : Add nosuid Option to /dev/shm: Create mount_info dictionary variable] ***
skipping: [localhost]

TASK [/stigforge/roles/ol9_stig : Add nosuid Option to /dev/shm: If /dev/shm not mounted, craft mount_info manually] ***
skipping: [localhost] => (item=['target', '/dev/shm']) 
skipping: [localhost] => (item=['source', 'tmpfs']) 
skipping: [localhost] => (item=['fstype', 'tmpfs']) 
skipping: [localhost] => (item=['options', 'defaults']) 
skipping: [localhost]

TASK [/stigforge/roles/ol9_stig : Add nosuid Option to /dev/shm: Make sure nosuid option is part of the to /dev/shm options] ***
skipping: [localhost]

TASK [/stigforge/roles/ol9_stig : Add nosuid Option to /dev/shm: Ensure /dev/shm is mounted with nosuid option] ***
skipping: [localhost]

TASK [/stigforge/roles/ol9_stig : Add nodev Option to /home - Initialize variables] ***
skipping: [localhost]

TASK [/stigforge/roles/ol9_stig : Add nodev Option to /home - Get home directories from passwd] ***
skipping: [localhost]

TASK [/stigforge/roles/ol9_stig : Add nodev Option to /home - Filter home directories based on UID range] ***
skipping: [localhost] => (item={'user': 'root', 'data': ['x', '0', '0', 'root', '/root', '/bin/bash']}) 
skipping: [localhost] => (item={'user': 'bin', 'data': ['x', '1', '1', 'bin', '/bin', '/sbin/nologin']}) 
skipping: [localhost] => (item={'user': 'daemon', 'data': ['x', '2', '2', 'daemon', '/sbin', '/sbin/nologin']}) 
skipping: [localhost] => (item={'user': 'adm', 'data': ['x', '3', '4', 'adm', '/var/adm', '/sbin/nologin']}) 
skipping: [localhost] => (item={'user': 'lp', 'data': ['x', '4', '7', 'lp', '/var/spool/lpd', '/sbin/nologin']}) 
skipping: [localhost] => (item={'user': 'sync', 'data': ['x', '5', '0', 'sync', '/sbin', '/bin/sync']}) 
skipping: [localhost] => (item={'user': 'shutdown', 'data': ['x', '6', '0', 'shutdown', '/sbin', '/sbin/shutdown']}) 
skipping: [localhost] => (item={'user': 'halt', 'data': ['x', '7', '0', 'halt', '/sbin', '/sbin/halt']}) 
skipping: [localhost] => (item={'user': 'mail', 'data': ['x', '8', '12', 'mail', '/var/spool/mail', '/sbin/nologin']}) 
skipping: [localhost] => (item={'user': 'operator', 'data': ['x', '11', '0', 'operator', '/root', '/sbin/nologin']}) 
skipping: [localhost] => (item={'user': 'games', 'data': ['x', '12', '100', 'games', '/usr/games', '/sbin/nologin']}) 
skipping: [localhost] => (item={'user': 'ftp', 'data': ['x', '14', '50', 'FTP User', '/var/ftp', '/sbin/nologin']}) 
skipping: [localhost] => (item={'user': 'nobody', 'data': ['x', '65534', '65534', 'Kernel Overflow User', '/', '/sbin/nologin']}) 
skipping: [localhost] => (item={'user': 'systemd-coredump', 'data': ['x', '999', '999', 'systemd Core Dumper', '/', '/sbin/nologin']}) 
skipping: [localhost] => (item={'user': 'dbus', 'data': ['x', '81', '81', 'System message bus', '/', '/sbin/nologin']}) 
skipping: [localhost] => (item={'user': 'tss', 'data': ['x', '59', '59', 'Account used for TPM access', '/', '/sbin/nologin']}) 
skipping: [localhost] => (item={'user': 'sshd', 'data': ['x', '74', '74', 'Privilege-separated SSH', '/usr/share/empty.sshd', '/sbin/nologin']}) 
skipping: [localhost] => (item={'user': 'unbound', 'data': ['x', '998', '998', 'Unbound DNS resolver', '/var/lib/unbound', '/sbin/nologin']}) 
skipping: [localhost]

TASK [/stigforge/roles/ol9_stig : Add nodev Option to /home - Gather mount points] ***
skipping: [localhost]

TASK [/stigforge/roles/ol9_stig :  Add nodev Option to /home - Obtain mount point using df and shell] ***
skipping: [localhost]

TASK [/stigforge/roles/ol9_stig : Add nodev Option to /home - Set mount point for each home directory] ***
skipping: [localhost]

TASK [/stigforge/roles/ol9_stig : Add nodev Option to /home - Obtain full mount information for allowed mount point] ***
skipping: [localhost]

TASK [/stigforge/roles/ol9_stig : Add nodev Option to /home - Ensure mount option nodev is in fstab for allowed mount point] ***
skipping: [localhost]

TASK [/stigforge/roles/ol9_stig : Add noexec Option to /home - Initialize variables] ***
skipping: [localhost]

TASK [/stigforge/roles/ol9_stig : Add noexec Option to /home - Get home directories from passwd] ***
skipping: [localhost]

TASK [/stigforge/roles/ol9_stig : Add noexec Option to /home - Filter home directories based on UID range] ***
skipping: [localhost] => (item={'user': 'root', 'data': ['x', '0', '0', 'root', '/root', '/bin/bash']}) 
skipping: [localhost] => (item={'user': 'bin', 'data': ['x', '1', '1', 'bin', '/bin', '/sbin/nologin']}) 
skipping: [localhost] => (item={'user': 'daemon', 'data': ['x', '2', '2', 'daemon', '/sbin', '/sbin/nologin']}) 
skipping: [localhost] => (item={'user': 'adm', 'data': ['x', '3', '4', 'adm', '/var/adm', '/sbin/nologin']}) 
skipping: [localhost] => (item={'user': 'lp', 'data': ['x', '4', '7', 'lp', '/var/spool/lpd', '/sbin/nologin']}) 
skipping: [localhost] => (item={'user': 'sync', 'data': ['x', '5', '0', 'sync', '/sbin', '/bin/sync']}) 
skipping: [localhost] => (item={'user': 'shutdown', 'data': ['x', '6', '0', 'shutdown', '/sbin', '/sbin/shutdown']}) 
skipping: [localhost] => (item={'user': 'halt', 'data': ['x', '7', '0', 'halt', '/sbin', '/sbin/halt']}) 
skipping: [localhost] => (item={'user': 'mail', 'data': ['x', '8', '12', 'mail', '/var/spool/mail', '/sbin/nologin']}) 
skipping: [localhost] => (item={'user': 'operator', 'data': ['x', '11', '0', 'operator', '/root', '/sbin/nologin']}) 
skipping: [localhost] => (item={'user': 'games', 'data': ['x', '12', '100', 'games', '/usr/games', '/sbin/nologin']}) 
skipping: [localhost] => (item={'user': 'ftp', 'data': ['x', '14', '50', 'FTP User', '/var/ftp', '/sbin/nologin']}) 
skipping: [localhost] => (item={'user': 'nobody', 'data': ['x', '65534', '65534', 'Kernel Overflow User', '/', '/sbin/nologin']}) 
skipping: [localhost] => (item={'user': 'systemd-coredump', 'data': ['x', '999', '999', 'systemd Core Dumper', '/', '/sbin/nologin']}) 
skipping: [localhost] => (item={'user': 'dbus', 'data': ['x', '81', '81', 'System message bus', '/', '/sbin/nologin']}) 
skipping: [localhost] => (item={'user': 'tss', 'data': ['x', '59', '59', 'Account used for TPM access', '/', '/sbin/nologin']}) 
skipping: [localhost] => (item={'user': 'sshd', 'data': ['x', '74', '74', 'Privilege-separated SSH', '/usr/share/empty.sshd', '/sbin/nologin']}) 
skipping: [localhost] => (item={'user': 'unbound', 'data': ['x', '998', '998', 'Unbound DNS resolver', '/var/lib/unbound', '/sbin/nologin']}) 
skipping: [localhost]

TASK [/stigforge/roles/ol9_stig : Add noexec Option to /home - Gather mount points] ***
skipping: [localhost]

TASK [/stigforge/roles/ol9_stig :  Add noexec Option to /home - Obtain mount point using df and shell] ***
skipping: [localhost]

TASK [/stigforge/roles/ol9_stig : Add noexec Option to /home - Set mount point for each home directory] ***
skipping: [localhost]

TASK [/stigforge/roles/ol9_stig : Add noexec Option to /home - Obtain full mount information for allowed mount point] ***
skipping: [localhost]

TASK [/stigforge/roles/ol9_stig : Add noexec Option to /home - Ensure mount option noexec is in fstab for allowed mount point] ***
skipping: [localhost]

TASK [/stigforge/roles/ol9_stig : Add nosuid Option to /home - Initialize variables] ***
skipping: [localhost]

TASK [/stigforge/roles/ol9_stig : Add nosuid Option to /home - Get home directories from passwd] ***
skipping: [localhost]

TASK [/stigforge/roles/ol9_stig : Add nosuid Option to /home - Filter home directories based on UID range] ***
skipping: [localhost] => (item={'user': 'root', 'data': ['x', '0', '0', 'root', '/root', '/bin/bash']}) 
skipping: [localhost] => (item={'user': 'bin', 'data': ['x', '1', '1', 'bin', '/bin', '/sbin/nologin']}) 
skipping: [localhost] => (item={'user': 'daemon', 'data': ['x', '2', '2', 'daemon', '/sbin', '/sbin/nologin']}) 
skipping: [localhost] => (item={'user': 'adm', 'data': ['x', '3', '4', 'adm', '/var/adm', '/sbin/nologin']}) 
skipping: [localhost] => (item={'user': 'lp', 'data': ['x', '4', '7', 'lp', '/var/spool/lpd', '/sbin/nologin']}) 
skipping: [localhost] => (item={'user': 'sync', 'data': ['x', '5', '0', 'sync', '/sbin', '/bin/sync']}) 
skipping: [localhost] => (item={'user': 'shutdown', 'data': ['x', '6', '0', 'shutdown', '/sbin', '/sbin/shutdown']}) 
skipping: [localhost] => (item={'user': 'halt', 'data': ['x', '7', '0', 'halt', '/sbin', '/sbin/halt']}) 
skipping: [localhost] => (item={'user': 'mail', 'data': ['x', '8', '12', 'mail', '/var/spool/mail', '/sbin/nologin']}) 
skipping: [localhost] => (item={'user': 'operator', 'data': ['x', '11', '0', 'operator', '/root', '/sbin/nologin']}) 
skipping: [localhost] => (item={'user': 'games', 'data': ['x', '12', '100', 'games', '/usr/games', '/sbin/nologin']}) 
skipping: [localhost] => (item={'user': 'ftp', 'data': ['x', '14', '50', 'FTP User', '/var/ftp', '/sbin/nologin']}) 
skipping: [localhost] => (item={'user': 'nobody', 'data': ['x', '65534', '65534', 'Kernel Overflow User', '/', '/sbin/nologin']}) 
skipping: [localhost] => (item={'user': 'systemd-coredump', 'data': ['x', '999', '999', 'systemd Core Dumper', '/', '/sbin/nologin']}) 
skipping: [localhost] => (item={'user': 'dbus', 'data': ['x', '81', '81', 'System message bus', '/', '/sbin/nologin']}) 
skipping: [localhost] => (item={'user': 'tss', 'data': ['x', '59', '59', 'Account used for TPM access', '/', '/sbin/nologin']}) 
skipping: [localhost] => (item={'user': 'sshd', 'data': ['x', '74', '74', 'Privilege-separated SSH', '/usr/share/empty.sshd', '/sbin/nologin']}) 
skipping: [localhost] => (item={'user': 'unbound', 'data': ['x', '998', '998', 'Unbound DNS resolver', '/var/lib/unbound', '/sbin/nologin']}) 
skipping: [localhost]

TASK [/stigforge/roles/ol9_stig : Add nosuid Option to /home - Gather mount points] ***
skipping: [localhost]

TASK [/stigforge/roles/ol9_stig :  Add nosuid Option to /home - Obtain mount point using df and shell] ***
skipping: [localhost]

TASK [/stigforge/roles/ol9_stig : Add nosuid Option to /home - Set mount point for each home directory] ***
skipping: [localhost]

TASK [/stigforge/roles/ol9_stig : Add nosuid Option to /home - Obtain full mount information for allowed mount point] ***
skipping: [localhost]

TASK [/stigforge/roles/ol9_stig : Add nosuid Option to /home - Ensure mount option nosuid is in fstab for allowed mount point] ***
skipping: [localhost]

TASK [/stigforge/roles/ol9_stig : Add nodev Option to Non-Root Local Partitions: Refresh facts] ***
skipping: [localhost]

TASK [/stigforge/roles/ol9_stig : Add nodev Option to Non-Root Local Partitions: Define excluded (non-local) file systems] ***
skipping: [localhost]

TASK [/stigforge/roles/ol9_stig : Add nodev Option to Non-Root Local Partitions: Ensure non-root local partitions are mounted with nodev option] ***
skipping: [localhost] => (item={'mount': '/stigforge/artifacts', 'device': '/dev/nvme0n1p2', 'fstype': 'ext4', 'options': 'rw,relatime,bind', 'dump': 0, 'passno': 0, 'size_total': 1005867986944, 'size_available': 595630243840, 'block_size': 4096, 'block_total': 245573239, 'block_available': 145417540, 'block_used': 100155699, 'inode_total': 62447616, 'inode_available': 61342112, 'inode_used': 1105504, 'uuid': 'N/A'}) 
skipping: [localhost] => (item={'mount': '/stigforge/roles', 'device': '/dev/nvme0n1p2', 'fstype': 'ext4', 'options': 'ro,relatime,bind', 'dump': 0, 'passno': 0, 'size_total': 1005867986944, 'size_available': 595630243840, 'block_size': 4096, 'block_total': 245573239, 'block_available': 145417540, 'block_used': 100155699, 'inode_total': 62447616, 'inode_available': 61342112, 'inode_used': 1105504, 'uuid': 'N/A'}) 
skipping: [localhost] => (item={'mount': '/stigforge/policy', 'device': '/dev/nvme0n1p2', 'fstype': 'ext4', 'options': 'ro,relatime,bind', 'dump': 0, 'passno': 0, 'size_total': 1005867986944, 'size_available': 595630243840, 'block_size': 4096, 'block_total': 245573239, 'block_available': 145417540, 'block_used': 100155699, 'inode_total': 62447616, 'inode_available': 61342112, 'inode_used': 1105504, 'uuid': 'N/A'}) 
skipping: [localhost] => (item={'mount': '/stigforge/generator', 'device': '/dev/nvme0n1p2', 'fstype': 'ext4', 'options': 'ro,relatime,bind', 'dump': 0, 'passno': 0, 'size_total': 1005867986944, 'size_available': 595630243840, 'block_size': 4096, 'block_total': 245573239, 'block_available': 145417540, 'block_used': 100155699, 'inode_total': 62447616, 'inode_available': 61342112, 'inode_used': 1105504, 'uuid': 'N/A'}) 
skipping: [localhost] => (item={'mount': '/stigforge/pyproject.toml', 'device': '/dev/nvme0n1p2', 'fstype': 'ext4', 'options': 'ro,relatime,bind', 'dump': 0, 'passno': 0, 'size_total': 1005867986944, 'size_available': 595630243840, 'block_size': 4096, 'block_total': 245573239, 'block_available': 145417540, 'block_used': 100155699, 'inode_total': 62447616, 'inode_available': 61342112, 'inode_used': 1105504, 'uuid': 'N/A'}) 
skipping: [localhost] => (item={'mount': '/etc/resolv.conf', 'device': '/dev/nvme0n1p2', 'fstype': 'ext4', 'options': 'rw,relatime,bind', 'dump': 0, 'passno': 0, 'size_total': 1005867986944, 'size_available': 595630243840, 'block_size': 4096, 'block_total': 245573239, 'block_available': 145417540, 'block_used': 100155699, 'inode_total': 62447616, 'inode_available': 61342112, 'inode_used': 1105504, 'uuid': 'N/A'}) 
skipping: [localhost] => (item={'mount': '/etc/hostname', 'device': '/dev/nvme0n1p2', 'fstype': 'ext4', 'options': 'rw,relatime,bind', 'dump': 0, 'passno': 0, 'size_total': 1005867986944, 'size_available': 595630243840, 'block_size': 4096, 'block_total': 245573239, 'block_available': 145417540, 'block_used': 100155699, 'inode_total': 62447616, 'inode_available': 61342112, 'inode_used': 1105504, 'uuid': 'N/A'}) 
skipping: [localhost] => (item={'mount': '/etc/hosts', 'device': '/dev/nvme0n1p2', 'fstype': 'ext4', 'options': 'rw,relatime,bind', 'dump': 0, 'passno': 0, 'size_total': 1005867986944, 'size_available': 595630243840, 'block_size': 4096, 'block_total': 245573239, 'block_available': 145417540, 'block_used': 100155699, 'inode_total': 62447616, 'inode_available': 61342112, 'inode_used': 1105504, 'uuid': 'N/A'}) 
skipping: [localhost]

TASK [/stigforge/roles/ol9_stig : Add nodev Option to Non-Root Local Partitions: Ensure non-root local partitions are present with nodev option in /etc/fstab] ***
skipping: [localhost]

TASK [/stigforge/roles/ol9_stig : Ensure permission nodev are set on var_removable_partition] ***
skipping: [localhost]

TASK [/stigforge/roles/ol9_stig : Ensure permission noexec are set on var_removable_partition] ***
skipping: [localhost]

TASK [/stigforge/roles/ol9_stig : Ensure permission nosuid are set on var_removable_partition] ***
skipping: [localhost]

TASK [/stigforge/roles/ol9_stig : Add nodev Option to /tmp: Check information associated to mountpoint] ***
skipping: [localhost]

TASK [/stigforge/roles/ol9_stig : Add nodev Option to /tmp: Create mount_info dictionary variable] ***
skipping: [localhost]

TASK [/stigforge/roles/ol9_stig : Add nodev Option to /tmp: If /tmp not mounted, craft mount_info manually] ***
skipping: [localhost] => (item=['target', '/tmp']) 
skipping: [localhost] => (item=['source', '']) 
skipping: [localhost] => (item=['fstype', '']) 
skipping: [localhost] => (item=['options', 'defaults']) 
skipping: [localhost]

TASK [/stigforge/roles/ol9_stig : Add nodev Option to /tmp: Make sure nodev option is part of the to /tmp options] ***
skipping: [localhost]

TASK [/stigforge/roles/ol9_stig : Add nodev Option to /tmp: Ensure /tmp is mounted with nodev option] ***
skipping: [localhost]

TASK [/stigforge/roles/ol9_stig : Add noexec Option to /tmp: Check information associated to mountpoint] ***
skipping: [localhost]

TASK [/stigforge/roles/ol9_stig : Add noexec Option to /tmp: Create mount_info dictionary variable] ***
skipping: [localhost]

TASK [/stigforge/roles/ol9_stig : Add noexec Option to /tmp: If /tmp not mounted, craft mount_info manually] ***
skipping: [localhost] => (item=['target', '/tmp']) 
skipping: [localhost] => (item=['source', '']) 
skipping: [localhost] => (item=['fstype', '']) 
skipping: [localhost] => (item=['options', 'defaults']) 
skipping: [localhost]

TASK [/stigforge/roles/ol9_stig : Add noexec Option to /tmp: Make sure noexec option is part of the to /tmp options] ***
skipping: [localhost]

TASK [/stigforge/roles/ol9_stig : Add noexec Option to /tmp: Ensure /tmp is mounted with noexec option] ***
skipping: [localhost]

TASK [/stigforge/roles/ol9_stig : Add nosuid Option to /tmp: Check information associated to mountpoint] ***
skipping: [localhost]

TASK [/stigforge/roles/ol9_stig : Add nosuid Option to /tmp: Create mount_info dictionary variable] ***
skipping: [localhost]

TASK [/stigforge/roles/ol9_stig : Add nosuid Option to /tmp: If /tmp not mounted, craft mount_info manually] ***
skipping: [localhost] => (item=['target', '/tmp']) 
skipping: [localhost] => (item=['source', '']) 
skipping: [localhost] => (item=['fstype', '']) 
skipping: [localhost] => (item=['options', 'defaults']) 
skipping: [localhost]

TASK [/stigforge/roles/ol9_stig : Add nosuid Option to /tmp: Make sure nosuid option is part of the to /tmp options] ***
skipping: [localhost]

TASK [/stigforge/roles/ol9_stig : Add nosuid Option to /tmp: Ensure /tmp is mounted with nosuid option] ***
skipping: [localhost]

TASK [/stigforge/roles/ol9_stig : Add nodev Option to /var/log/audit: Check information associated to mountpoint] ***
skipping: [localhost]

TASK [/stigforge/roles/ol9_stig : Add nodev Option to /var/log/audit: Create mount_info dictionary variable] ***
skipping: [localhost]

TASK [/stigforge/roles/ol9_stig : Add nodev Option to /var/log/audit: If /var/log/audit not mounted, craft mount_info manually] ***
skipping: [localhost] => (item=['target', '/var/log/audit']) 
skipping: [localhost] => (item=['source', '']) 
skipping: [localhost] => (item=['fstype', '']) 
skipping: [localhost] => (item=['options', 'defaults']) 
skipping: [localhost]

TASK [/stigforge/roles/ol9_stig : Add nodev Option to /var/log/audit: Make sure nodev option is part of the to /var/log/audit options] ***
skipping: [localhost]

TASK [/stigforge/roles/ol9_stig : Add nodev Option to /var/log/audit: Ensure /var/log/audit is mounted with nodev option] ***
skipping: [localhost]

TASK [/stigforge/roles/ol9_stig : Add noexec Option to /var/log/audit: Check information associated to mountpoint] ***
skipping: [localhost]

TASK [/stigforge/roles/ol9_stig : Add noexec Option to /var/log/audit: Create mount_info dictionary variable] ***
skipping: [localhost]

TASK [/stigforge/roles/ol9_stig : Add noexec Option to /var/log/audit: If /var/log/audit not mounted, craft mount_info manually] ***
skipping: [localhost] => (item=['target', '/var/log/audit']) 
skipping: [localhost] => (item=['source', '']) 
skipping: [localhost] => (item=['fstype', '']) 
skipping: [localhost] => (item=['options', 'defaults']) 
skipping: [localhost]

TASK [/stigforge/roles/ol9_stig : Add noexec Option to /var/log/audit: Make sure noexec option is part of the to /var/log/audit options] ***
skipping: [localhost]

TASK [/stigforge/roles/ol9_stig : Add noexec Option to /var/log/audit: Ensure /var/log/audit is mounted with noexec option] ***
skipping: [localhost]

TASK [/stigforge/roles/ol9_stig : Add nosuid Option to /var/log/audit: Check information associated to mountpoint] ***
skipping: [localhost]

TASK [/stigforge/roles/ol9_stig : Add nosuid Option to /var/log/audit: Create mount_info dictionary variable] ***
skipping: [localhost]

TASK [/stigforge/roles/ol9_stig : Add nosuid Option to /var/log/audit: If /var/log/audit not mounted, craft mount_info manually] ***
skipping: [localhost] => (item=['target', '/var/log/audit']) 
skipping: [localhost] => (item=['source', '']) 
skipping: [localhost] => (item=['fstype', '']) 
skipping: [localhost] => (item=['options', 'defaults']) 
skipping: [localhost]

TASK [/stigforge/roles/ol9_stig : Add nosuid Option to /var/log/audit: Make sure nosuid option is part of the to /var/log/audit options] ***
skipping: [localhost]

TASK [/stigforge/roles/ol9_stig : Add nosuid Option to /var/log/audit: Ensure /var/log/audit is mounted with nosuid option] ***
skipping: [localhost]

TASK [/stigforge/roles/ol9_stig : Add nodev Option to /var/log: Check information associated to mountpoint] ***
skipping: [localhost]

TASK [/stigforge/roles/ol9_stig : Add nodev Option to /var/log: Create mount_info dictionary variable] ***
skipping: [localhost]

TASK [/stigforge/roles/ol9_stig : Add nodev Option to /var/log: If /var/log not mounted, craft mount_info manually] ***
skipping: [localhost] => (item=['target', '/var/log']) 
skipping: [localhost] => (item=['source', '']) 
skipping: [localhost] => (item=['fstype', '']) 
skipping: [localhost] => (item=['options', 'defaults']) 
skipping: [localhost]

TASK [/stigforge/roles/ol9_stig : Add nodev Option to /var/log: Make sure nodev option is part of the to /var/log options] ***
skipping: [localhost]

TASK [/stigforge/roles/ol9_stig : Add nodev Option to /var/log: Ensure /var/log is mounted with nodev option] ***
skipping: [localhost]

TASK [/stigforge/roles/ol9_stig : Add noexec Option to /var/log: Check information associated to mountpoint] ***
skipping: [localhost]

TASK [/stigforge/roles/ol9_stig : Add noexec Option to /var/log: Create mount_info dictionary variable] ***
skipping: [localhost]

TASK [/stigforge/roles/ol9_stig : Add noexec Option to /var/log: If /var/log not mounted, craft mount_info manually] ***
skipping: [localhost] => (item=['target', '/var/log']) 
skipping: [localhost] => (item=['source', '']) 
skipping: [localhost] => (item=['fstype', '']) 
skipping: [localhost] => (item=['options', 'defaults']) 
skipping: [localhost]

TASK [/stigforge/roles/ol9_stig : Add noexec Option to /var/log: Make sure noexec option is part of the to /var/log options] ***
skipping: [localhost]

TASK [/stigforge/roles/ol9_stig : Add noexec Option to /var/log: Ensure /var/log is mounted with noexec option] ***
skipping: [localhost]

TASK [/stigforge/roles/ol9_stig : Add nosuid Option to /var/log: Check information associated to mountpoint] ***
skipping: [localhost]

TASK [/stigforge/roles/ol9_stig : Add nosuid Option to /var/log: Create mount_info dictionary variable] ***
skipping: [localhost]

TASK [/stigforge/roles/ol9_stig : Add nosuid Option to /var/log: If /var/log not mounted, craft mount_info manually] ***
skipping: [localhost] => (item=['target', '/var/log']) 
skipping: [localhost] => (item=['source', '']) 
skipping: [localhost] => (item=['fstype', '']) 
skipping: [localhost] => (item=['options', 'defaults']) 
skipping: [localhost]

TASK [/stigforge/roles/ol9_stig : Add nosuid Option to /var/log: Make sure nosuid option is part of the to /var/log options] ***
skipping: [localhost]

TASK [/stigforge/roles/ol9_stig : Add nosuid Option to /var/log: Ensure /var/log is mounted with nosuid option] ***
skipping: [localhost]

TASK [/stigforge/roles/ol9_stig : Add nodev Option to /var: Check information associated to mountpoint] ***
skipping: [localhost]

TASK [/stigforge/roles/ol9_stig : Add nodev Option to /var: Create mount_info dictionary variable] ***
skipping: [localhost]

TASK [/stigforge/roles/ol9_stig : Add nodev Option to /var: If /var not mounted, craft mount_info manually] ***
skipping: [localhost] => (item=['target', '/var']) 
skipping: [localhost] => (item=['source', '']) 
skipping: [localhost] => (item=['fstype', '']) 
skipping: [localhost] => (item=['options', 'defaults']) 
skipping: [localhost]

TASK [/stigforge/roles/ol9_stig : Add nodev Option to /var: Make sure nodev option is part of the to /var options] ***
skipping: [localhost]

TASK [/stigforge/roles/ol9_stig : Add nodev Option to /var: Ensure /var is mounted with nodev option] ***
skipping: [localhost]

TASK [/stigforge/roles/ol9_stig : Add nodev Option to /var/tmp: Check information associated to mountpoint] ***
skipping: [localhost]

TASK [/stigforge/roles/ol9_stig : Add nodev Option to /var/tmp: Create mount_info dictionary variable] ***
skipping: [localhost]

TASK [/stigforge/roles/ol9_stig : Add nodev Option to /var/tmp: If /var/tmp not mounted, craft mount_info manually] ***
skipping: [localhost] => (item=['target', '/var/tmp']) 
skipping: [localhost] => (item=['source', '']) 
skipping: [localhost] => (item=['fstype', '']) 
skipping: [localhost] => (item=['options', 'defaults']) 
skipping: [localhost]

TASK [/stigforge/roles/ol9_stig : Add nodev Option to /var/tmp: Make sure nodev option is part of the to /var/tmp options] ***
skipping: [localhost]

TASK [/stigforge/roles/ol9_stig : Add nodev Option to /var/tmp: Ensure /var/tmp is mounted with nodev option] ***
skipping: [localhost]

TASK [/stigforge/roles/ol9_stig : Add noexec Option to /var/tmp: Check information associated to mountpoint] ***
skipping: [localhost]

TASK [/stigforge/roles/ol9_stig : Add noexec Option to /var/tmp: Create mount_info dictionary variable] ***
skipping: [localhost]

TASK [/stigforge/roles/ol9_stig : Add noexec Option to /var/tmp: If /var/tmp not mounted, craft mount_info manually] ***
skipping: [localhost] => (item=['target', '/var/tmp']) 
skipping: [localhost] => (item=['source', '']) 
skipping: [localhost] => (item=['fstype', '']) 
skipping: [localhost] => (item=['options', 'defaults']) 
skipping: [localhost]

TASK [/stigforge/roles/ol9_stig : Add noexec Option to /var/tmp: Make sure noexec option is part of the to /var/tmp options] ***
skipping: [localhost]

TASK [/stigforge/roles/ol9_stig : Add noexec Option to /var/tmp: Ensure /var/tmp is mounted with noexec option] ***
skipping: [localhost]

TASK [/stigforge/roles/ol9_stig : Add nosuid Option to /var/tmp: Check information associated to mountpoint] ***
skipping: [localhost]

TASK [/stigforge/roles/ol9_stig : Add nosuid Option to /var/tmp: Create mount_info dictionary variable] ***
skipping: [localhost]

TASK [/stigforge/roles/ol9_stig : Add nosuid Option to /var/tmp: If /var/tmp not mounted, craft mount_info manually] ***
skipping: [localhost] => (item=['target', '/var/tmp']) 
skipping: [localhost] => (item=['source', '']) 
skipping: [localhost] => (item=['fstype', '']) 
skipping: [localhost] => (item=['options', 'defaults']) 
skipping: [localhost]

TASK [/stigforge/roles/ol9_stig : Add nosuid Option to /var/tmp: Make sure nosuid option is part of the to /var/tmp options] ***
skipping: [localhost]

TASK [/stigforge/roles/ol9_stig : Add nosuid Option to /var/tmp: Ensure /var/tmp is mounted with nosuid option] ***
skipping: [localhost]

TASK [/stigforge/roles/ol9_stig : List /etc/sysctl.d/*.conf files] *************
skipping: [localhost]

TASK [/stigforge/roles/ol9_stig : Comment out any occurrences of kernel.core_pattern from config files] ***
skipping: [localhost]

TASK [/stigforge/roles/ol9_stig : Ensure sysctl kernel.core_pattern is set to |/bin/false] ***
skipping: [localhost]

TASK [/stigforge/roles/ol9_stig : List /etc/sysctl.d/*.conf files] *************
skipping: [localhost]

TASK [/stigforge/roles/ol9_stig : Comment out any occurrences of kernel.dmesg_restrict from config files] ***
skipping: [localhost]

TASK [/stigforge/roles/ol9_stig : Ensure sysctl kernel.dmesg_restrict is set to 1] ***
skipping: [localhost]

TASK [/stigforge/roles/ol9_stig : List /etc/sysctl.d/*.conf files] *************
skipping: [localhost]

TASK [/stigforge/roles/ol9_stig : Comment out any occurrences of kernel.kexec_load_disabled from config files] ***
skipping: [localhost]

TASK [/stigforge/roles/ol9_stig : Ensure sysctl kernel.kexec_load_disabled is set to 1] ***
skipping: [localhost]

TASK [/stigforge/roles/ol9_stig : List /etc/sysctl.d/*.conf files] *************
skipping: [localhost]

TASK [/stigforge/roles/ol9_stig : Comment out any occurrences of kernel.perf_event_paranoid from config files] ***
skipping: [localhost]

TASK [/stigforge/roles/ol9_stig : Ensure sysctl kernel.perf_event_paranoid is set to 2] ***
skipping: [localhost]

TASK [/stigforge/roles/ol9_stig : List /etc/sysctl.d/*.conf files] *************
skipping: [localhost]

TASK [/stigforge/roles/ol9_stig : Comment out any occurrences of kernel.unprivileged_bpf_disabled from config files] ***
skipping: [localhost]

TASK [/stigforge/roles/ol9_stig : Ensure sysctl kernel.unprivileged_bpf_disabled is set to 1] ***
skipping: [localhost]

TASK [/stigforge/roles/ol9_stig : List /etc/sysctl.d/*.conf files] *************
skipping: [localhost]

TASK [/stigforge/roles/ol9_stig : Comment out any occurrences of kernel.yama.ptrace_scope from config files] ***
skipping: [localhost]

TASK [/stigforge/roles/ol9_stig : Ensure sysctl kernel.yama.ptrace_scope is set to 1] ***
skipping: [localhost]

TASK [/stigforge/roles/ol9_stig : List /etc/sysctl.d/*.conf files] *************
skipping: [localhost]

TASK [/stigforge/roles/ol9_stig : Comment out any occurrences of net.core.bpf_jit_harden from config files] ***
skipping: [localhost]

TASK [/stigforge/roles/ol9_stig : Ensure sysctl net.core.bpf_jit_harden is set to 2] ***
skipping: [localhost]

TASK [/stigforge/roles/ol9_stig : List /etc/sysctl.d/*.conf files] *************
skipping: [localhost]

TASK [/stigforge/roles/ol9_stig : Comment out any occurrences of user.max_user_namespaces from config files] ***
skipping: [localhost]

TASK [/stigforge/roles/ol9_stig : Ensure sysctl user.max_user_namespaces is set to 0] ***
skipping: [localhost]

TASK [/stigforge/roles/ol9_stig : Disable acquiring, saving, and processing core dumps - Collect systemd Socket Units Present in the System] ***
skipping: [localhost]

TASK [/stigforge/roles/ol9_stig : Disable acquiring, saving, and processing core dumps - Ensure systemd-coredump.socket is Masked] ***
skipping: [localhost]

TASK [/stigforge/roles/ol9_stig : Disable core dump backtraces - Search for a section in files] ***
[WARNING]: Skipped '/etc/systemd/coredump.conf.d' path due to this access
issue: '/etc/systemd/coredump.conf.d' is not a directory
ok: [localhost] => (item={'path': '/etc/systemd', 'pattern': 'coredump\\.conf'})
ok: [localhost] => (item={'path': '/etc/systemd/coredump.conf.d', 'pattern': '.*\\.conf'})

TASK [/stigforge/roles/ol9_stig : Disable core dump backtraces - Count number of files which contain the correct section] ***
ok: [localhost]

TASK [/stigforge/roles/ol9_stig : Disable core dump backtraces - Add missing configuration to correct section] ***
skipping: [localhost]

TASK [/stigforge/roles/ol9_stig : Disable core dump backtraces - Add configuration to new remediation file] ***
changed: [localhost]

TASK [/stigforge/roles/ol9_stig : Disable storing core dump - Search for a section in files] ***
ok: [localhost] => (item={'path': '/etc/systemd', 'pattern': 'coredump\\.conf'})
ok: [localhost] => (item={'path': '/etc/systemd/coredump.conf.d', 'pattern': '.*\\.conf'})

TASK [/stigforge/roles/ol9_stig : Disable storing core dump - Count number of files which contain the correct section] ***
ok: [localhost]

TASK [/stigforge/roles/ol9_stig : Disable storing core dump - Add missing configuration to correct section] ***
changed: [localhost] => (item=/etc/systemd/coredump.conf.d/complianceascode_hardening.conf)

TASK [/stigforge/roles/ol9_stig : Disable storing core dump - Add configuration to new remediation file] ***
skipping: [localhost]

TASK [/stigforge/roles/ol9_stig : Disable Core Dumps for All Users - Set dirs, files and regex variables] ***
ok: [localhost]

TASK [/stigforge/roles/ol9_stig : Disable Core Dumps for All Users - Find valid drop-ins for core limit] ***
ok: [localhost]

TASK [/stigforge/roles/ol9_stig : Disable Core Dumps for All Users - Find all drop-ins with any core limit] ***
ok: [localhost]

TASK [/stigforge/roles/ol9_stig : Disable Core Dumps for All Users - Get invalid drop-ins] ***
ok: [localhost]

TASK [/stigforge/roles/ol9_stig : Disable Core Dumps for All Users - Comment invalid * hard core lines in drop-ins] ***
skipping: [localhost]

TASK [/stigforge/roles/ol9_stig : Disable Core Dumps for All Users - Check if main limits.conf contains correct core limit] ***
ok: [localhost]

TASK [/stigforge/roles/ol9_stig : Disable Core Dumps for All Users - Set fact if configuration is valid] ***
ok: [localhost]

TASK [/stigforge/roles/ol9_stig : Disable Core Dumps for All Users - Ensure drop-in directory exists] ***
ok: [localhost]

TASK [/stigforge/roles/ol9_stig : Disable Core Dumps for All Users - Deploy 10-ssg-hardening.conf drop-in with correct core limit] ***
changed: [localhost]

TASK [/stigforge/roles/ol9_stig : Update grub defaults and the bootloader menu] ***
skipping: [localhost]

TASK [/stigforge/roles/ol9_stig : List /etc/sysctl.d/*.conf files] *************
skipping: [localhost]

TASK [/stigforge/roles/ol9_stig : Comment out any occurrences of kernel.kptr_restrict from config files] ***
skipping: [localhost]

TASK [/stigforge/roles/ol9_stig : Ensure sysctl kernel.kptr_restrict is set] ***
skipping: [localhost]

TASK [/stigforge/roles/ol9_stig : List /etc/sysctl.d/*.conf files] *************
skipping: [localhost]

TASK [/stigforge/roles/ol9_stig : Comment out any occurrences of kernel.randomize_va_space from config files] ***
skipping: [localhost]

TASK [/stigforge/roles/ol9_stig : Ensure sysctl kernel.randomize_va_space is set to 2] ***
skipping: [localhost]

TASK [/stigforge/roles/ol9_stig : Update grub defaults and the bootloader menu] ***
skipping: [localhost]

TASK [/stigforge/roles/ol9_stig : Update grub defaults and the bootloader menu] ***
skipping: [localhost]

TASK [/stigforge/roles/ol9_stig : Check for duplicate values] ******************
skipping: [localhost]

TASK [/stigforge/roles/ol9_stig : Deduplicate values from /etc/selinux/config] ***
skipping: [localhost]

TASK [/stigforge/roles/ol9_stig : Insert correct line to /etc/selinux/config] ***
skipping: [localhost]

TASK [/stigforge/roles/ol9_stig : Check for duplicate values] ******************
skipping: [localhost]

TASK [/stigforge/roles/ol9_stig : Deduplicate values from /etc/selinux/config] ***
skipping: [localhost]

TASK [/stigforge/roles/ol9_stig : Insert correct line to /etc/selinux/config] ***
skipping: [localhost]

TASK [/stigforge/roles/ol9_stig :  - Mark system to relabel SELinux on next boot] ***
skipping: [localhost]

TASK [/stigforge/roles/ol9_stig : Set the file_groupowner_cron_d_newgroup variable if represented by gid] ***
skipping: [localhost]

TASK [/stigforge/roles/ol9_stig : Ensure group owner on /etc/cron.d/] **********
skipping: [localhost]

TASK [/stigforge/roles/ol9_stig : Set the file_groupowner_cron_daily_newgroup variable if represented by gid] ***
skipping: [localhost]

TASK [/stigforge/roles/ol9_stig : Ensure group owner on /etc/cron.daily/] ******
skipping: [localhost]

TASK [/stigforge/roles/ol9_stig : Set the file_groupowner_cron_deny_newgroup variable if represented by gid] ***
skipping: [localhost]

TASK [/stigforge/roles/ol9_stig : Test for existence /etc/cron.deny] ***********
skipping: [localhost]

TASK [/stigforge/roles/ol9_stig : Ensure group owner on /etc/cron.deny] ********
skipping: [localhost]

TASK [/stigforge/roles/ol9_stig : Set the file_groupowner_cron_hourly_newgroup variable if represented by gid] ***
skipping: [localhost]

TASK [/stigforge/roles/ol9_stig : Ensure group owner on /etc/cron.hourly/] *****
skipping: [localhost]

TASK [/stigforge/roles/ol9_stig : Set the file_groupowner_cron_monthly_newgroup variable if represented by gid] ***
skipping: [localhost]

TASK [/stigforge/roles/ol9_stig : Ensure group owner on /etc/cron.monthly/] ****
skipping: [localhost]

TASK [/stigforge/roles/ol9_stig : Set the file_groupowner_cron_weekly_newgroup variable if represented by gid] ***
skipping: [localhost]

TASK [/stigforge/roles/ol9_stig : Ensure group owner on /etc/cron.weekly/] *****
skipping: [localhost]

TASK [/stigforge/roles/ol9_stig : Set the file_groupowner_crontab_newgroup variable if represented by gid] ***
skipping: [localhost]

TASK [/stigforge/roles/ol9_stig : Test for existence /etc/crontab] *************
skipping: [localhost]

TASK [/stigforge/roles/ol9_stig : Ensure group owner on /etc/crontab] **********
skipping: [localhost]

TASK [/stigforge/roles/ol9_stig : Set the file_owner_cron_d_newown variable if represented by uid] ***
skipping: [localhost]

TASK [/stigforge/roles/ol9_stig : Ensure owner on directory /etc/cron.d/] ******
skipping: [localhost]

TASK [/stigforge/roles/ol9_stig : Set the file_owner_cron_daily_newown variable if represented by uid] ***
skipping: [localhost]

TASK [/stigforge/roles/ol9_stig : Ensure owner on directory /etc/cron.daily/] ***
skipping: [localhost]

TASK [/stigforge/roles/ol9_stig : Set the file_owner_cron_deny_newown variable if represented by uid] ***
skipping: [localhost]

TASK [/stigforge/roles/ol9_stig : Test for existence /etc/cron.deny] ***********
skipping: [localhost]

TASK [/stigforge/roles/ol9_stig : Ensure owner on /etc/cron.deny] **************
skipping: [localhost]

TASK [/stigforge/roles/ol9_stig : Set the file_owner_cron_hourly_newown variable if represented by uid] ***
skipping: [localhost]

TASK [/stigforge/roles/ol9_stig : Ensure owner on directory /etc/cron.hourly/] ***
skipping: [localhost]

TASK [/stigforge/roles/ol9_stig : Set the file_owner_cron_monthly_newown variable if represented by uid] ***
skipping: [localhost]

TASK [/stigforge/roles/ol9_stig : Ensure owner on directory /etc/cron.monthly/] ***
skipping: [localhost]

TASK [/stigforge/roles/ol9_stig : Set the file_owner_cron_weekly_newown variable if represented by uid] ***
skipping: [localhost]

TASK [/stigforge/roles/ol9_stig : Ensure owner on directory /etc/cron.weekly/] ***
skipping: [localhost]

TASK [/stigforge/roles/ol9_stig : Set the file_owner_crontab_newown variable if represented by uid] ***
skipping: [localhost]

TASK [/stigforge/roles/ol9_stig : Test for existence /etc/crontab] *************
skipping: [localhost]

TASK [/stigforge/roles/ol9_stig : Ensure owner on /etc/crontab] ****************
skipping: [localhost]

TASK [/stigforge/roles/ol9_stig : Find /etc/cron.d/ file(s)] *******************
skipping: [localhost]

TASK [/stigforge/roles/ol9_stig : Set permissions for /etc/cron.d/ file(s)] ****
skipping: [localhost]

TASK [/stigforge/roles/ol9_stig : Find /etc/cron.daily/ file(s)] ***************
skipping: [localhost]

TASK [/stigforge/roles/ol9_stig : Set permissions for /etc/cron.daily/ file(s)] ***
skipping: [localhost]

TASK [/stigforge/roles/ol9_stig : Find /etc/cron.hourly/ file(s)] **************
skipping: [localhost]

TASK [/stigforge/roles/ol9_stig : Set permissions for /etc/cron.hourly/ file(s)] ***
skipping: [localhost]

TASK [/stigforge/roles/ol9_stig : Find /etc/cron.monthly/ file(s)] *************
skipping: [localhost]

TASK [/stigforge/roles/ol9_stig : Set permissions for /etc/cron.monthly/ file(s)] ***
skipping: [localhost]

TASK [/stigforge/roles/ol9_stig : Find /etc/cron.weekly/ file(s)] **************
skipping: [localhost]

TASK [/stigforge/roles/ol9_stig : Set permissions for /etc/cron.weekly/ file(s)] ***
skipping: [localhost]

TASK [/stigforge/roles/ol9_stig : Test for existence /etc/crontab] *************
skipping: [localhost]

TASK [/stigforge/roles/ol9_stig : Ensure permission u-xs,g-xwrs,o-xwrt on /etc/crontab] ***
skipping: [localhost]

TASK [/stigforge/roles/ol9_stig : Check for duplicate values] ******************
skipping: [localhost]

TASK [/stigforge/roles/ol9_stig : Deduplicate values from /etc/aliases] ********
skipping: [localhost]

TASK [/stigforge/roles/ol9_stig : Insert correct line to /etc/aliases] *********
skipping: [localhost]

TASK [/stigforge/roles/ol9_stig : Check if newaliases command is available] ****
skipping: [localhost]

TASK [/stigforge/roles/ol9_stig : Update postfix aliases] **********************
skipping: [localhost]

TASK [/stigforge/roles/ol9_stig : Check for duplicate values] ******************
skipping: [localhost]

TASK [/stigforge/roles/ol9_stig : Deduplicate values from /etc/postfix/main.cf] ***
skipping: [localhost]

TASK [/stigforge/roles/ol9_stig : Insert correct line to /etc/postfix/main.cf] ***
skipping: [localhost]

TASK [/stigforge/roles/ol9_stig : Get nfs and nfs4 mount points, that don't have sec=krb5:krb5i:krb5p] ***
skipping: [localhost]

TASK [/stigforge/roles/ol9_stig : Add sec=krb5:krb5i:krb5p to nfs and nfs4 mount points] ***
skipping: [localhost]

TASK [/stigforge/roles/ol9_stig : Get nfs and nfs4 mount points, that don't have nodev] ***
skipping: [localhost]

TASK [/stigforge/roles/ol9_stig : Add nodev to nfs and nfs4 mount points] ******
skipping: [localhost]

TASK [/stigforge/roles/ol9_stig : Get nfs and nfs4 mount points, that don't have noexec] ***
skipping: [localhost]

TASK [/stigforge/roles/ol9_stig : Add noexec to nfs and nfs4 mount points] *****
skipping: [localhost]

TASK [/stigforge/roles/ol9_stig : Get nfs and nfs4 mount points, that don't have nosuid] ***
skipping: [localhost]

TASK [/stigforge/roles/ol9_stig : Add nosuid to nfs and nfs4 mount points] *****
skipping: [localhost]

TASK [/stigforge/roles/ol9_stig : Check for duplicate values] ******************
skipping: [localhost]

TASK [/stigforge/roles/ol9_stig : Deduplicate values from /etc/chrony.conf] ****
skipping: [localhost]

TASK [/stigforge/roles/ol9_stig : Insert correct line to /etc/chrony.conf] *****
skipping: [localhost]

TASK [/stigforge/roles/ol9_stig : Check for duplicate values] ******************
skipping: [localhost]

TASK [/stigforge/roles/ol9_stig : Deduplicate values from /etc/chrony.conf] ****
skipping: [localhost]

TASK [/stigforge/roles/ol9_stig : Insert correct line to /etc/chrony.conf] *****
skipping: [localhost]

TASK [/stigforge/roles/ol9_stig : Configure Time Service Maxpoll Interval - Check That /etc/ntp.conf Exist] ***
skipping: [localhost]

TASK [/stigforge/roles/ol9_stig : Configure Time Service Maxpoll Interval - Update the maxpoll Values in /etc/ntp.conf] ***
skipping: [localhost]

TASK [/stigforge/roles/ol9_stig : Configure Time Service Maxpoll Interval - Set the maxpoll Values in /etc/ntp.conf] ***
skipping: [localhost]

TASK [/stigforge/roles/ol9_stig : Configure Time Service Maxpoll Interval - Check That /etc/chrony.conf Exist] ***
skipping: [localhost]

TASK [/stigforge/roles/ol9_stig : Configure Time Service Maxpoll Interval - Update the maxpoll Values in /etc/chrony.conf] ***
skipping: [localhost]

TASK [/stigforge/roles/ol9_stig : Configure Time Service Maxpoll Interval - Set the maxpoll Values in /etc/chrony.conf] ***
skipping: [localhost]

TASK [/stigforge/roles/ol9_stig : Configure Time Service Maxpoll Interval - Get Conf Files from /etc/chrony.d/] ***
skipping: [localhost]

TASK [/stigforge/roles/ol9_stig : Configure Time Service Maxpoll Interval - Update the maxpoll Values in /etc/chrony.d/] ***
skipping: [localhost]

TASK [/stigforge/roles/ol9_stig : Configure Time Service Maxpoll Interval - Set the maxpoll Values in /etc/chrony.d/] ***
skipping: [localhost]

TASK [/stigforge/roles/ol9_stig : Remove Host-Based Authentication Files - Define Excluded (Non-Local) File Systems and Paths] ***
ok: [localhost]

TASK [/stigforge/roles/ol9_stig : Remove Host-Based Authentication Files - Find Relevant Root Directories Ignoring Pre-Defined Excluded Paths] ***
ok: [localhost]

TASK [/stigforge/roles/ol9_stig : Remove Host-Based Authentication Files - Include Relevant Root Directories in a List of Paths to be Searched] ***
ok: [localhost] => (item={'path': '/opt', 'mode': '0755', 'isdir': True, 'ischr': False, 'isblk': False, 'isreg': False, 'isfifo': False, 'islnk': False, 'issock': False, 'uid': 0, 'gid': 0, 'size': 4096, 'inode': 13386576, 'dev': 61, 'nlink': 2, 'atime': 1785313815.2482193, 'mtime': 1729922950.0, 'ctime': 1785313815.2332191, 'gr_name': 'root', 'pw_name': 'root', 'wusr': True, 'rusr': True, 'xusr': True, 'wgrp': False, 'rgrp': True, 'xgrp': True, 'woth': False, 'roth': True, 'xoth': True, 'isuid': False, 'isgid': False})
ok: [localhost] => (item={'path': '/boot', 'mode': '0555', 'isdir': True, 'ischr': False, 'isblk': False, 'isreg': False, 'isfifo': False, 'islnk': False, 'issock': False, 'uid': 0, 'gid': 0, 'size': 4096, 'inode': 13385680, 'dev': 61, 'nlink': 2, 'atime': 1785313815.2462194, 'mtime': 1729922950.0, 'ctime': 1785313815.2328703, 'gr_name': 'root', 'pw_name': 'root', 'wusr': False, 'rusr': True, 'xusr': True, 'wgrp': False, 'rgrp': True, 'xgrp': True, 'woth': False, 'roth': True, 'xoth': True, 'isuid': False, 'isgid': False})
ok: [localhost] => (item={'path': '/usr', 'mode': '0755', 'isdir': True, 'ischr': False, 'isblk': False, 'isreg': False, 'isfifo': False, 'islnk': False, 'issock': False, 'uid': 0, 'gid': 0, 'size': 4096, 'inode': 13646785, 'dev': 61, 'nlink': 1, 'atime': 1785313864.1103764, 'mtime': 1784775719.0, 'ctime': 1785313915.8568203, 'gr_name': 'root', 'pw_name': 'root', 'wusr': True, 'rusr': True, 'xusr': True, 'wgrp': False, 'rgrp': True, 'xgrp': True, 'woth': False, 'roth': True, 'xoth': True, 'isuid': False, 'isgid': False})
ok: [localhost] => (item={'path': '/tmp', 'mode': '1777', 'isdir': True, 'ischr': False, 'isblk': False, 'isreg': False, 'isfifo': False, 'islnk': False, 'issock': False, 'uid': 0, 'gid': 0, 'size': 4096, 'inode': 13386590, 'dev': 61, 'nlink': 1, 'atime': 1785314001.5616457, 'mtime': 1785314001.5606458, 'ctime': 1785314001.5606458, 'gr_name': 'root', 'pw_name': 'root', 'wusr': True, 'rusr': True, 'xusr': True, 'wgrp': True, 'rgrp': True, 'xgrp': True, 'woth': True, 'roth': True, 'xoth': True, 'isuid': False, 'isgid': False})
ok: [localhost] => (item={'path': '/root', 'mode': '0550', 'isdir': True, 'ischr': False, 'isblk': False, 'isreg': False, 'isfifo': False, 'islnk': False, 'issock': False, 'uid': 0, 'gid': 0, 'size': 4096, 'inode': 13646753, 'dev': 61, 'nlink': 1, 'atime': 1785313969.0262222, 'mtime': 1785313941.2558606, 'ctime': 1785313941.2558606, 'gr_name': 'root', 'pw_name': 'root', 'wusr': False, 'rusr': True, 'xusr': True, 'wgrp': False, 'rgrp': True, 'xgrp': True, 'woth': False, 'roth': False, 'xoth': False, 'isuid': False, 'isgid': False})
ok: [localhost] => (item={'path': '/home', 'mode': '0755', 'isdir': True, 'ischr': False, 'isblk': False, 'isreg': False, 'isfifo': False, 'islnk': False, 'issock': False, 'uid': 0, 'gid': 0, 'size': 4096, 'inode': 13386571, 'dev': 61, 'nlink': 2, 'atime': 1785313815.2482193, 'mtime': 1729922950.0, 'ctime': 1785313815.2332191, 'gr_name': 'root', 'pw_name': 'root', 'wusr': True, 'rusr': True, 'xusr': True, 'wgrp': False, 'rgrp': True, 'xgrp': True, 'woth': False, 'roth': True, 'xoth': True, 'isuid': False, 'isgid': False})
ok: [localhost] => (item={'path': '/mnt', 'mode': '0755', 'isdir': True, 'ischr': False, 'isblk': False, 'isreg': False, 'isfifo': False, 'islnk': False, 'issock': False, 'uid': 0, 'gid': 0, 'size': 4096, 'inode': 13386575, 'dev': 61, 'nlink': 2, 'atime': 1785313815.2482193, 'mtime': 1729922950.0, 'ctime': 1785313815.2332191, 'gr_name': 'root', 'pw_name': 'root', 'wusr': True, 'rusr': True, 'xusr': True, 'wgrp': False, 'rgrp': True, 'xgrp': True, 'woth': False, 'roth': True, 'xoth': True, 'isuid': False, 'isgid': False})
ok: [localhost] => (item={'path': '/var', 'mode': '0755', 'isdir': True, 'ischr': False, 'isblk': False, 'isreg': False, 'isfifo': False, 'islnk': False, 'issock': False, 'uid': 0, 'gid': 0, 'size': 4096, 'inode': 13641162, 'dev': 61, 'nlink': 1, 'atime': 1785313863.501848, 'mtime': 1784775723.0, 'ctime': 1785313905.451688, 'gr_name': 'root', 'pw_name': 'root', 'wusr': True, 'rusr': True, 'xusr': True, 'wgrp': False, 'rgrp': True, 'xgrp': True, 'woth': False, 'roth': True, 'xoth': True, 'isuid': False, 'isgid': False})
ok: [localhost] => (item={'path': '/afs', 'mode': '0555', 'isdir': True, 'ischr': False, 'isblk': False, 'isreg': False, 'isfifo': False, 'islnk': False, 'issock': False, 'uid': 0, 'gid': 0, 'size': 4096, 'inode': 13385672, 'dev': 61, 'nlink': 2, 'atime': 1785313815.2462194, 'mtime': 1729922950.0, 'ctime': 1785313815.2328703, 'gr_name': 'root', 'pw_name': 'root', 'wusr': False, 'rusr': True, 'xusr': True, 'wgrp': False, 'rgrp': True, 'xgrp': True, 'woth': False, 'roth': True, 'xoth': True, 'isuid': False, 'isgid': False})
ok: [localhost] => (item={'path': '/srv', 'mode': '0755', 'isdir': True, 'ischr': False, 'isblk': False, 'isreg': False, 'isfifo': False, 'islnk': False, 'issock': False, 'uid': 0, 'gid': 0, 'size': 4096, 'inode': 13386588, 'dev': 61, 'nlink': 2, 'atime': 1785313815.2482193, 'mtime': 1729922950.0, 'ctime': 1785313815.2332191, 'gr_name': 'root', 'pw_name': 'root', 'wusr': True, 'rusr': True, 'xusr': True, 'wgrp': False, 'rgrp': True, 'xgrp': True, 'woth': False, 'roth': True, 'xoth': True, 'isuid': False, 'isgid': False})
ok: [localhost] => (item={'path': '/etc', 'mode': '0755', 'isdir': True, 'ischr': False, 'isblk': False, 'isreg': False, 'isfifo': False, 'islnk': False, 'issock': False, 'uid': 0, 'gid': 0, 'size': 4096, 'inode': 13646816, 'dev': 61, 'nlink': 1, 'atime': 1785313975.233303, 'mtime': 1785313971.3517077, 'ctime': 1785313971.3517077, 'gr_name': 'root', 'pw_name': 'root', 'wusr': True, 'rusr': True, 'xusr': True, 'wgrp': False, 'rgrp': True, 'xgrp': True, 'woth': False, 'roth': True, 'xoth': True, 'isuid': False, 'isgid': False})
ok: [localhost] => (item={'path': '/media', 'mode': '0755', 'isdir': True, 'ischr': False, 'isblk': False, 'isreg': False, 'isfifo': False, 'islnk': False, 'issock': False, 'uid': 0, 'gid': 0, 'size': 4096, 'inode': 13386574, 'dev': 61, 'nlink': 2, 'atime': 1785313815.2482193, 'mtime': 1729922950.0, 'ctime': 1785313815.2332191, 'gr_name': 'root', 'pw_name': 'root', 'wusr': True, 'rusr': True, 'xusr': True, 'wgrp': False, 'rgrp': True, 'xgrp': True, 'woth': False, 'roth': True, 'xoth': True, 'isuid': False, 'isgid': False})
ok: [localhost] => (item={'path': '/stigforge', 'mode': '0755', 'isdir': True, 'ischr': False, 'isblk': False, 'isreg': False, 'isfifo': False, 'islnk': False, 'issock': False, 'uid': 0, 'gid': 0, 'size': 4096, 'inode': 13646777, 'dev': 61, 'nlink': 1, 'atime': 1785313865.8578787, 'mtime': 1785313865.7807944, 'ctime': 1785313867.3168976, 'gr_name': 'root', 'pw_name': 'root', 'wusr': True, 'rusr': True, 'xusr': True, 'wgrp': False, 'rgrp': True, 'xgrp': True, 'woth': False, 'roth': True, 'xoth': True, 'isuid': False, 'isgid': False})

TASK [/stigforge/roles/ol9_stig : Remove Host-Based Authentication Files - Increment Search Paths List with Local Partitions Mount Points] ***
ok: [localhost] => (item={'mount': '/stigforge/artifacts', 'device': '/dev/nvme0n1p2', 'fstype': 'ext4', 'options': 'rw,relatime,bind', 'dump': 0, 'passno': 0, 'size_total': 1005867986944, 'size_available': 595630243840, 'block_size': 4096, 'block_total': 245573239, 'block_available': 145417540, 'block_used': 100155699, 'inode_total': 62447616, 'inode_available': 61342112, 'inode_used': 1105504, 'uuid': 'N/A'})
ok: [localhost] => (item={'mount': '/stigforge/roles', 'device': '/dev/nvme0n1p2', 'fstype': 'ext4', 'options': 'ro,relatime,bind', 'dump': 0, 'passno': 0, 'size_total': 1005867986944, 'size_available': 595630243840, 'block_size': 4096, 'block_total': 245573239, 'block_available': 145417540, 'block_used': 100155699, 'inode_total': 62447616, 'inode_available': 61342112, 'inode_used': 1105504, 'uuid': 'N/A'})
ok: [localhost] => (item={'mount': '/stigforge/policy', 'device': '/dev/nvme0n1p2', 'fstype': 'ext4', 'options': 'ro,relatime,bind', 'dump': 0, 'passno': 0, 'size_total': 1005867986944, 'size_available': 595630243840, 'block_size': 4096, 'block_total': 245573239, 'block_available': 145417540, 'block_used': 100155699, 'inode_total': 62447616, 'inode_available': 61342112, 'inode_used': 1105504, 'uuid': 'N/A'})
ok: [localhost] => (item={'mount': '/stigforge/generator', 'device': '/dev/nvme0n1p2', 'fstype': 'ext4', 'options': 'ro,relatime,bind', 'dump': 0, 'passno': 0, 'size_total': 1005867986944, 'size_available': 595630243840, 'block_size': 4096, 'block_total': 245573239, 'block_available': 145417540, 'block_used': 100155699, 'inode_total': 62447616, 'inode_available': 61342112, 'inode_used': 1105504, 'uuid': 'N/A'})
ok: [localhost] => (item={'mount': '/stigforge/pyproject.toml', 'device': '/dev/nvme0n1p2', 'fstype': 'ext4', 'options': 'ro,relatime,bind', 'dump': 0, 'passno': 0, 'size_total': 1005867986944, 'size_available': 595630243840, 'block_size': 4096, 'block_total': 245573239, 'block_available': 145417540, 'block_used': 100155699, 'inode_total': 62447616, 'inode_available': 61342112, 'inode_used': 1105504, 'uuid': 'N/A'})
ok: [localhost] => (item={'mount': '/etc/resolv.conf', 'device': '/dev/nvme0n1p2', 'fstype': 'ext4', 'options': 'rw,relatime,bind', 'dump': 0, 'passno': 0, 'size_total': 1005867986944, 'size_available': 595630243840, 'block_size': 4096, 'block_total': 245573239, 'block_available': 145417540, 'block_used': 100155699, 'inode_total': 62447616, 'inode_available': 61342112, 'inode_used': 1105504, 'uuid': 'N/A'})
ok: [localhost] => (item={'mount': '/etc/hostname', 'device': '/dev/nvme0n1p2', 'fstype': 'ext4', 'options': 'rw,relatime,bind', 'dump': 0, 'passno': 0, 'size_total': 1005867986944, 'size_available': 595630243840, 'block_size': 4096, 'block_total': 245573239, 'block_available': 145417540, 'block_used': 100155699, 'inode_total': 62447616, 'inode_available': 61342112, 'inode_used': 1105504, 'uuid': 'N/A'})
ok: [localhost] => (item={'mount': '/etc/hosts', 'device': '/dev/nvme0n1p2', 'fstype': 'ext4', 'options': 'rw,relatime,bind', 'dump': 0, 'passno': 0, 'size_total': 1005867986944, 'size_available': 595630243840, 'block_size': 4096, 'block_total': 245573239, 'block_available': 145417540, 'block_used': 100155699, 'inode_total': 62447616, 'inode_available': 61342112, 'inode_used': 1105504, 'uuid': 'N/A'})

TASK [/stigforge/roles/ol9_stig : Remove Host-Based Authentication Files - Increment Search Paths List with Local NFS File System Targets] ***
skipping: [localhost] => (item={'mount': '/stigforge/artifacts', 'device': '/dev/nvme0n1p2', 'fstype': 'ext4', 'options': 'rw,relatime,bind', 'dump': 0, 'passno': 0, 'size_total': 1005867986944, 'size_available': 595630243840, 'block_size': 4096, 'block_total': 245573239, 'block_available': 145417540, 'block_used': 100155699, 'inode_total': 62447616, 'inode_available': 61342112, 'inode_used': 1105504, 'uuid': 'N/A'}) 
skipping: [localhost] => (item={'mount': '/stigforge/roles', 'device': '/dev/nvme0n1p2', 'fstype': 'ext4', 'options': 'ro,relatime,bind', 'dump': 0, 'passno': 0, 'size_total': 1005867986944, 'size_available': 595630243840, 'block_size': 4096, 'block_total': 245573239, 'block_available': 145417540, 'block_used': 100155699, 'inode_total': 62447616, 'inode_available': 61342112, 'inode_used': 1105504, 'uuid': 'N/A'}) 
skipping: [localhost] => (item={'mount': '/stigforge/policy', 'device': '/dev/nvme0n1p2', 'fstype': 'ext4', 'options': 'ro,relatime,bind', 'dump': 0, 'passno': 0, 'size_total': 1005867986944, 'size_available': 595630243840, 'block_size': 4096, 'block_total': 245573239, 'block_available': 145417540, 'block_used': 100155699, 'inode_total': 62447616, 'inode_available': 61342112, 'inode_used': 1105504, 'uuid': 'N/A'}) 
skipping: [localhost] => (item={'mount': '/stigforge/generator', 'device': '/dev/nvme0n1p2', 'fstype': 'ext4', 'options': 'ro,relatime,bind', 'dump': 0, 'passno': 0, 'size_total': 1005867986944, 'size_available': 595630243840, 'block_size': 4096, 'block_total': 245573239, 'block_available': 145417540, 'block_used': 100155699, 'inode_total': 62447616, 'inode_available': 61342112, 'inode_used': 1105504, 'uuid': 'N/A'}) 
skipping: [localhost] => (item={'mount': '/stigforge/pyproject.toml', 'device': '/dev/nvme0n1p2', 'fstype': 'ext4', 'options': 'ro,relatime,bind', 'dump': 0, 'passno': 0, 'size_total': 1005867986944, 'size_available': 595630243840, 'block_size': 4096, 'block_total': 245573239, 'block_available': 145417540, 'block_used': 100155699, 'inode_total': 62447616, 'inode_available': 61342112, 'inode_used': 1105504, 'uuid': 'N/A'}) 
skipping: [localhost] => (item={'mount': '/etc/resolv.conf', 'device': '/dev/nvme0n1p2', 'fstype': 'ext4', 'options': 'rw,relatime,bind', 'dump': 0, 'passno': 0, 'size_total': 1005867986944, 'size_available': 595630243840, 'block_size': 4096, 'block_total': 245573239, 'block_available': 145417540, 'block_used': 100155699, 'inode_total': 62447616, 'inode_available': 61342112, 'inode_used': 1105504, 'uuid': 'N/A'}) 
skipping: [localhost] => (item={'mount': '/etc/hostname', 'device': '/dev/nvme0n1p2', 'fstype': 'ext4', 'options': 'rw,relatime,bind', 'dump': 0, 'passno': 0, 'size_total': 1005867986944, 'size_available': 595630243840, 'block_size': 4096, 'block_total': 245573239, 'block_available': 145417540, 'block_used': 100155699, 'inode_total': 62447616, 'inode_available': 61342112, 'inode_used': 1105504, 'uuid': 'N/A'}) 
skipping: [localhost] => (item={'mount': '/etc/hosts', 'device': '/dev/nvme0n1p2', 'fstype': 'ext4', 'options': 'rw,relatime,bind', 'dump': 0, 'passno': 0, 'size_total': 1005867986944, 'size_available': 595630243840, 'block_size': 4096, 'block_total': 245573239, 'block_available': 145417540, 'block_used': 100155699, 'inode_total': 62447616, 'inode_available': 61342112, 'inode_used': 1105504, 'uuid': 'N/A'}) 
skipping: [localhost]

TASK [/stigforge/roles/ol9_stig : Remove Host-Based Authentication Files - Define Rule Specific Facts] ***
ok: [localhost]

TASK [/stigforge/roles/ol9_stig : Remove Host-Based Authentication Files - Find All shosts.equiv Files in Local File Systems] ***
ok: [localhost] => (item=/root)
ok: [localhost] => (item=/home)
ok: [localhost] => (item=/var)
ok: [localhost] => (item=/opt)
ok: [localhost] => (item=/stigforge)
ok: [localhost] => (item=/stigforge/generator)
ok: [localhost] => (item=/etc)
ok: [localhost] => (item=/srv)
ok: [localhost] => (item=/afs)
ok: [localhost] => (item=/tmp)
ok: [localhost] => (item=/etc/resolv.conf)
ok: [localhost] => (item=/stigforge/artifacts)
ok: [localhost] => (item=/stigforge/policy)
ok: [localhost] => (item=/stigforge/pyproject.toml)
ok: [localhost] => (item=/media)
ok: [localhost] => (item=/etc/hostname)
ok: [localhost] => (item=/stigforge/roles)
ok: [localhost] => (item=/mnt)
ok: [localhost] => (item=/boot)
ok: [localhost] => (item=/usr)
ok: [localhost] => (item=/etc/hosts)

TASK [/stigforge/roles/ol9_stig : Remove Host-Based Authentication Files - Create List of shosts.equiv Files Present in Local File Systems] ***
ok: [localhost] => (item={'changed': False, 'stdout': '', 'stderr': '', 'rc': 0, 'cmd': ['find', '/root', '-xdev', '-type', 'f', '-name', 'shosts.equiv'], 'start': '2026-07-29 08:33:21.909909', 'end': '2026-07-29 08:33:21.913096', 'delta': '0:00:00.003187', 'msg': '', 'invocation': {'module_args': {'_raw_params': 'find /root -xdev -type f -name "shosts.equiv"', '_uses_shell': False, 'expand_argument_vars': True, 'stdin_add_newline': True, 'strip_empty_ends': True, 'argv': None, 'chdir': None, 'executable': None, 'creates': None, 'removes': None, 'stdin': None}}, 'stdout_lines': [], 'stderr_lines': [], 'failed': False, 'item': '/root', 'ansible_loop_var': 'item'})
ok: [localhost] => (item={'changed': False, 'stdout': '', 'stderr': '', 'rc': 0, 'cmd': ['find', '/home', '-xdev', '-type', 'f', '-name', 'shosts.equiv'], 'start': '2026-07-29 08:33:22.026137', 'end': '2026-07-29 08:33:22.028761', 'delta': '0:00:00.002624', 'msg': '', 'invocation': {'module_args': {'_raw_params': 'find /home -xdev -type f -name "shosts.equiv"', '_uses_shell': False, 'expand_argument_vars': True, 'stdin_add_newline': True, 'strip_empty_ends': True, 'argv': None, 'chdir': None, 'executable': None, 'creates': None, 'removes': None, 'stdin': None}}, 'stdout_lines': [], 'stderr_lines': [], 'failed': False, 'item': '/home', 'ansible_loop_var': 'item'})
ok: [localhost] => (item={'changed': False, 'stdout': '', 'stderr': '', 'rc': 0, 'cmd': ['find', '/var', '-xdev', '-type', 'f', '-name', 'shosts.equiv'], 'start': '2026-07-29 08:33:22.144869', 'end': '2026-07-29 08:33:22.148346', 'delta': '0:00:00.003477', 'msg': '', 'invocation': {'module_args': {'_raw_params': 'find /var -xdev -type f -name "shosts.equiv"', '_uses_shell': False, 'expand_argument_vars': True, 'stdin_add_newline': True, 'strip_empty_ends': True, 'argv': None, 'chdir': None, 'executable': None, 'creates': None, 'removes': None, 'stdin': None}}, 'stdout_lines': [], 'stderr_lines': [], 'failed': False, 'item': '/var', 'ansible_loop_var': 'item'})
ok: [localhost] => (item={'changed': False, 'stdout': '', 'stderr': '', 'rc': 0, 'cmd': ['find', '/opt', '-xdev', '-type', 'f', '-name', 'shosts.equiv'], 'start': '2026-07-29 08:33:22.259985', 'end': '2026-07-29 08:33:22.262515', 'delta': '0:00:00.002530', 'msg': '', 'invocation': {'module_args': {'_raw_params': 'find /opt -xdev -type f -name "shosts.equiv"', '_uses_shell': False, 'expand_argument_vars': True, 'stdin_add_newline': True, 'strip_empty_ends': True, 'argv': None, 'chdir': None, 'executable': None, 'creates': None, 'removes': None, 'stdin': None}}, 'stdout_lines': [], 'stderr_lines': [], 'failed': False, 'item': '/opt', 'ansible_loop_var': 'item'})
ok: [localhost] => (item={'changed': False, 'stdout': '', 'stderr': '', 'rc': 0, 'cmd': ['find', '/stigforge', '-xdev', '-type', 'f', '-name', 'shosts.equiv'], 'start': '2026-07-29 08:33:22.371716', 'end': '2026-07-29 08:33:22.374719', 'delta': '0:00:00.003003', 'msg': '', 'invocation': {'module_args': {'_raw_params': 'find /stigforge -xdev -type f -name "shosts.equiv"', '_uses_shell': False, 'expand_argument_vars': True, 'stdin_add_newline': True, 'strip_empty_ends': True, 'argv': None, 'chdir': None, 'executable': None, 'creates': None, 'removes': None, 'stdin': None}}, 'stdout_lines': [], 'stderr_lines': [], 'failed': False, 'item': '/stigforge', 'ansible_loop_var': 'item'})
ok: [localhost] => (item={'changed': False, 'stdout': '', 'stderr': '', 'rc': 0, 'cmd': ['find', '/stigforge/generator', '-xdev', '-type', 'f', '-name', 'shosts.equiv'], 'start': '2026-07-29 08:33:22.482845', 'end': '2026-07-29 08:33:22.485654', 'delta': '0:00:00.002809', 'msg': '', 'invocation': {'module_args': {'_raw_params': 'find /stigforge/generator -xdev -type f -name "shosts.equiv"', '_uses_shell': False, 'expand_argument_vars': True, 'stdin_add_newline': True, 'strip_empty_ends': True, 'argv': None, 'chdir': None, 'executable': None, 'creates': None, 'removes': None, 'stdin': None}}, 'stdout_lines': [], 'stderr_lines': [], 'failed': False, 'item': '/stigforge/generator', 'ansible_loop_var': 'item'})
ok: [localhost] => (item={'changed': False, 'stdout': '', 'stderr': '', 'rc': 0, 'cmd': ['find', '/etc', '-xdev', '-type', 'f', '-name', 'shosts.equiv'], 'start': '2026-07-29 08:33:22.602220', 'end': '2026-07-29 08:33:22.606370', 'delta': '0:00:00.004150', 'msg': '', 'invocation': {'module_args': {'_raw_params': 'find /etc -xdev -type f -name "shosts.equiv"', '_uses_shell': False, 'expand_argument_vars': True, 'stdin_add_newline': True, 'strip_empty_ends': True, 'argv': None, 'chdir': None, 'executable': None, 'creates': None, 'removes': None, 'stdin': None}}, 'stdout_lines': [], 'stderr_lines': [], 'failed': False, 'item': '/etc', 'ansible_loop_var': 'item'})
ok: [localhost] => (item={'changed': False, 'stdout': '', 'stderr': '', 'rc': 0, 'cmd': ['find', '/srv', '-xdev', '-type', 'f', '-name', 'shosts.equiv'], 'start': '2026-07-29 08:33:22.716716', 'end': '2026-07-29 08:33:22.719579', 'delta': '0:00:00.002863', 'msg': '', 'invocation': {'module_args': {'_raw_params': 'find /srv -xdev -type f -name "shosts.equiv"', '_uses_shell': False, 'expand_argument_vars': True, 'stdin_add_newline': True, 'strip_empty_ends': True, 'argv': None, 'chdir': None, 'executable': None, 'creates': None, 'removes': None, 'stdin': None}}, 'stdout_lines': [], 'stderr_lines': [], 'failed': False, 'item': '/srv', 'ansible_loop_var': 'item'})
ok: [localhost] => (item={'changed': False, 'stdout': '', 'stderr': '', 'rc': 0, 'cmd': ['find', '/afs', '-xdev', '-type', 'f', '-name', 'shosts.equiv'], 'start': '2026-07-29 08:33:22.830551', 'end': '2026-07-29 08:33:22.832880', 'delta': '0:00:00.002329', 'msg': '', 'invocation': {'module_args': {'_raw_params': 'find /afs -xdev -type f -name "shosts.equiv"', '_uses_shell': False, 'expand_argument_vars': True, 'stdin_add_newline': True, 'strip_empty_ends': True, 'argv': None, 'chdir': None, 'executable': None, 'creates': None, 'removes': None, 'stdin': None}}, 'stdout_lines': [], 'stderr_lines': [], 'failed': False, 'item': '/afs', 'ansible_loop_var': 'item'})
ok: [localhost] => (item={'changed': False, 'stdout': '', 'stderr': '', 'rc': 0, 'cmd': ['find', '/tmp', '-xdev', '-type', 'f', '-name', 'shosts.equiv'], 'start': '2026-07-29 08:33:22.970185', 'end': '2026-07-29 08:33:22.972741', 'delta': '0:00:00.002556', 'msg': '', 'invocation': {'module_args': {'_raw_params': 'find /tmp -xdev -type f -name "shosts.equiv"', '_uses_shell': False, 'expand_argument_vars': True, 'stdin_add_newline': True, 'strip_empty_ends': True, 'argv': None, 'chdir': None, 'executable': None, 'creates': None, 'removes': None, 'stdin': None}}, 'stdout_lines': [], 'stderr_lines': [], 'failed': False, 'item': '/tmp', 'ansible_loop_var': 'item'})
ok: [localhost] => (item={'changed': False, 'stdout': '', 'stderr': '', 'rc': 0, 'cmd': ['find', '/etc/resolv.conf', '-xdev', '-type', 'f', '-name', 'shosts.equiv'], 'start': '2026-07-29 08:33:23.077594', 'end': '2026-07-29 08:33:23.080468', 'delta': '0:00:00.002874', 'msg': '', 'invocation': {'module_args': {'_raw_params': 'find /etc/resolv.conf -xdev -type f -name "shosts.equiv"', '_uses_shell': False, 'expand_argument_vars': True, 'stdin_add_newline': True, 'strip_empty_ends': True, 'argv': None, 'chdir': None, 'executable': None, 'creates': None, 'removes': None, 'stdin': None}}, 'stdout_lines': [], 'stderr_lines': [], 'failed': False, 'item': '/etc/resolv.conf', 'ansible_loop_var': 'item'})
ok: [localhost] => (item={'changed': False, 'stdout': '', 'stderr': '', 'rc': 0, 'cmd': ['find', '/stigforge/artifacts', '-xdev', '-type', 'f', '-name', 'shosts.equiv'], 'start': '2026-07-29 08:33:23.192199', 'end': '2026-07-29 08:33:23.194776', 'delta': '0:00:00.002577', 'msg': '', 'invocation': {'module_args': {'_raw_params': 'find /stigforge/artifacts -xdev -type f -name "shosts.equiv"', '_uses_shell': False, 'expand_argument_vars': True, 'stdin_add_newline': True, 'strip_empty_ends': True, 'argv': None, 'chdir': None, 'executable': None, 'creates': None, 'removes': None, 'stdin': None}}, 'stdout_lines': [], 'stderr_lines': [], 'failed': False, 'item': '/stigforge/artifacts', 'ansible_loop_var': 'item'})
ok: [localhost] => (item={'changed': False, 'stdout': '', 'stderr': '', 'rc': 0, 'cmd': ['find', '/stigforge/policy', '-xdev', '-type', 'f', '-name', 'shosts.equiv'], 'start': '2026-07-29 08:33:23.305820', 'end': '2026-07-29 08:33:23.308588', 'delta': '0:00:00.002768', 'msg': '', 'invocation': {'module_args': {'_raw_params': 'find /stigforge/policy -xdev -type f -name "shosts.equiv"', '_uses_shell': False, 'expand_argument_vars': True, 'stdin_add_newline': True, 'strip_empty_ends': True, 'argv': None, 'chdir': None, 'executable': None, 'creates': None, 'removes': None, 'stdin': None}}, 'stdout_lines': [], 'stderr_lines': [], 'failed': False, 'item': '/stigforge/policy', 'ansible_loop_var': 'item'})
ok: [localhost] => (item={'changed': False, 'stdout': '', 'stderr': '', 'rc': 0, 'cmd': ['find', '/stigforge/pyproject.toml', '-xdev', '-type', 'f', '-name', 'shosts.equiv'], 'start': '2026-07-29 08:33:23.416923', 'end': '2026-07-29 08:33:23.419686', 'delta': '0:00:00.002763', 'msg': '', 'invocation': {'module_args': {'_raw_params': 'find /stigforge/pyproject.toml -xdev -type f -name "shosts.equiv"', '_uses_shell': False, 'expand_argument_vars': True, 'stdin_add_newline': True, 'strip_empty_ends': True, 'argv': None, 'chdir': None, 'executable': None, 'creates': None, 'removes': None, 'stdin': None}}, 'stdout_lines': [], 'stderr_lines': [], 'failed': False, 'item': '/stigforge/pyproject.toml', 'ansible_loop_var': 'item'})
ok: [localhost] => (item={'changed': False, 'stdout': '', 'stderr': '', 'rc': 0, 'cmd': ['find', '/media', '-xdev', '-type', 'f', '-name', 'shosts.equiv'], 'start': '2026-07-29 08:33:23.526606', 'end': '2026-07-29 08:33:23.529405', 'delta': '0:00:00.002799', 'msg': '', 'invocation': {'module_args': {'_raw_params': 'find /media -xdev -type f -name "shosts.equiv"', '_uses_shell': False, 'expand_argument_vars': True, 'stdin_add_newline': True, 'strip_empty_ends': True, 'argv': None, 'chdir': None, 'executable': None, 'creates': None, 'removes': None, 'stdin': None}}, 'stdout_lines': [], 'stderr_lines': [], 'failed': False, 'item': '/media', 'ansible_loop_var': 'item'})
ok: [localhost] => (item={'changed': False, 'stdout': '', 'stderr': '', 'rc': 0, 'cmd': ['find', '/etc/hostname', '-xdev', '-type', 'f', '-name', 'shosts.equiv'], 'start': '2026-07-29 08:33:23.639183', 'end': '2026-07-29 08:33:23.641867', 'delta': '0:00:00.002684', 'msg': '', 'invocation': {'module_args': {'_raw_params': 'find /etc/hostname -xdev -type f -name "shosts.equiv"', '_uses_shell': False, 'expand_argument_vars': True, 'stdin_add_newline': True, 'strip_empty_ends': True, 'argv': None, 'chdir': None, 'executable': None, 'creates': None, 'removes': None, 'stdin': None}}, 'stdout_lines': [], 'stderr_lines': [], 'failed': False, 'item': '/etc/hostname', 'ansible_loop_var': 'item'})
ok: [localhost] => (item={'changed': False, 'stdout': '', 'stderr': '', 'rc': 0, 'cmd': ['find', '/stigforge/roles', '-xdev', '-type', 'f', '-name', 'shosts.equiv'], 'start': '2026-07-29 08:33:23.754682', 'end': '2026-07-29 08:33:23.758364', 'delta': '0:00:00.003682', 'msg': '', 'invocation': {'module_args': {'_raw_params': 'find /stigforge/roles -xdev -type f -name "shosts.equiv"', '_uses_shell': False, 'expand_argument_vars': True, 'stdin_add_newline': True, 'strip_empty_ends': True, 'argv': None, 'chdir': None, 'executable': None, 'creates': None, 'removes': None, 'stdin': None}}, 'stdout_lines': [], 'stderr_lines': [], 'failed': False, 'item': '/stigforge/roles', 'ansible_loop_var': 'item'})
ok: [localhost] => (item={'changed': False, 'stdout': '', 'stderr': '', 'rc': 0, 'cmd': ['find', '/mnt', '-xdev', '-type', 'f', '-name', 'shosts.equiv'], 'start': '2026-07-29 08:33:23.869973', 'end': '2026-07-29 08:33:23.872971', 'delta': '0:00:00.002998', 'msg': '', 'invocation': {'module_args': {'_raw_params': 'find /mnt -xdev -type f -name "shosts.equiv"', '_uses_shell': False, 'expand_argument_vars': True, 'stdin_add_newline': True, 'strip_empty_ends': True, 'argv': None, 'chdir': None, 'executable': None, 'creates': None, 'removes': None, 'stdin': None}}, 'stdout_lines': [], 'stderr_lines': [], 'failed': False, 'item': '/mnt', 'ansible_loop_var': 'item'})
ok: [localhost] => (item={'changed': False, 'stdout': '', 'stderr': '', 'rc': 0, 'cmd': ['find', '/boot', '-xdev', '-type', 'f', '-name', 'shosts.equiv'], 'start': '2026-07-29 08:33:23.982682', 'end': '2026-07-29 08:33:23.985441', 'delta': '0:00:00.002759', 'msg': '', 'invocation': {'module_args': {'_raw_params': 'find /boot -xdev -type f -name "shosts.equiv"', '_uses_shell': False, 'expand_argument_vars': True, 'stdin_add_newline': True, 'strip_empty_ends': True, 'argv': None, 'chdir': None, 'executable': None, 'creates': None, 'removes': None, 'stdin': None}}, 'stdout_lines': [], 'stderr_lines': [], 'failed': False, 'item': '/boot', 'ansible_loop_var': 'item'})
ok: [localhost] => (item={'changed': False, 'stdout': '', 'stderr': '', 'rc': 0, 'cmd': ['find', '/usr', '-xdev', '-type', 'f', '-name', 'shosts.equiv'], 'start': '2026-07-29 08:33:24.095645', 'end': '2026-07-29 08:33:24.131294', 'delta': '0:00:00.035649', 'msg': '', 'invocation': {'module_args': {'_raw_params': 'find /usr -xdev -type f -name "shosts.equiv"', '_uses_shell': False, 'expand_argument_vars': True, 'stdin_add_newline': True, 'strip_empty_ends': True, 'argv': None, 'chdir': None, 'executable': None, 'creates': None, 'removes': None, 'stdin': None}}, 'stdout_lines': [], 'stderr_lines': [], 'failed': False, 'item': '/usr', 'ansible_loop_var': 'item'})
ok: [localhost] => (item={'changed': False, 'stdout': '', 'stderr': '', 'rc': 0, 'cmd': ['find', '/etc/hosts', '-xdev', '-type', 'f', '-name', 'shosts.equiv'], 'start': '2026-07-29 08:33:24.245026', 'end': '2026-07-29 08:33:24.247513', 'delta': '0:00:00.002487', 'msg': '', 'invocation': {'module_args': {'_raw_params': 'find /etc/hosts -xdev -type f -name "shosts.equiv"', '_uses_shell': False, 'expand_argument_vars': True, 'stdin_add_newline': True, 'strip_empty_ends': True, 'argv': None, 'chdir': None, 'executable': None, 'creates': None, 'removes': None, 'stdin': None}}, 'stdout_lines': [], 'stderr_lines': [], 'failed': False, 'item': '/etc/hosts', 'ansible_loop_var': 'item'})

TASK [/stigforge/roles/ol9_stig : Remove Host-Based Authentication Files - Ensure No shosts.equiv Files Are Present in the System] ***
ok: [localhost] => (item=/shosts.equiv)

TASK [/stigforge/roles/ol9_stig : Remove User Host-Based Authentication Files - Define Excluded (Non-Local) File Systems and Paths] ***
ok: [localhost]

TASK [/stigforge/roles/ol9_stig : Remove User Host-Based Authentication Files - Find Relevant Root Directories Ignoring Pre-Defined Excluded Paths] ***
ok: [localhost]

TASK [/stigforge/roles/ol9_stig : Remove User Host-Based Authentication Files - Include Relevant Root Directories in a List of Paths to be Searched] ***
ok: [localhost] => (item={'path': '/opt', 'mode': '0755', 'isdir': True, 'ischr': False, 'isblk': False, 'isreg': False, 'isfifo': False, 'islnk': False, 'issock': False, 'uid': 0, 'gid': 0, 'size': 4096, 'inode': 13386576, 'dev': 61, 'nlink': 2, 'atime': 1785313815.2482193, 'mtime': 1729922950.0, 'ctime': 1785313815.2332191, 'gr_name': 'root', 'pw_name': 'root', 'wusr': True, 'rusr': True, 'xusr': True, 'wgrp': False, 'rgrp': True, 'xgrp': True, 'woth': False, 'roth': True, 'xoth': True, 'isuid': False, 'isgid': False})
ok: [localhost] => (item={'path': '/boot', 'mode': '0555', 'isdir': True, 'ischr': False, 'isblk': False, 'isreg': False, 'isfifo': False, 'islnk': False, 'issock': False, 'uid': 0, 'gid': 0, 'size': 4096, 'inode': 13385680, 'dev': 61, 'nlink': 2, 'atime': 1785313815.2462194, 'mtime': 1729922950.0, 'ctime': 1785313815.2328703, 'gr_name': 'root', 'pw_name': 'root', 'wusr': False, 'rusr': True, 'xusr': True, 'wgrp': False, 'rgrp': True, 'xgrp': True, 'woth': False, 'roth': True, 'xoth': True, 'isuid': False, 'isgid': False})
ok: [localhost] => (item={'path': '/usr', 'mode': '0755', 'isdir': True, 'ischr': False, 'isblk': False, 'isreg': False, 'isfifo': False, 'islnk': False, 'issock': False, 'uid': 0, 'gid': 0, 'size': 4096, 'inode': 13646785, 'dev': 61, 'nlink': 1, 'atime': 1785313864.1103764, 'mtime': 1784775719.0, 'ctime': 1785313915.8568203, 'gr_name': 'root', 'pw_name': 'root', 'wusr': True, 'rusr': True, 'xusr': True, 'wgrp': False, 'rgrp': True, 'xgrp': True, 'woth': False, 'roth': True, 'xoth': True, 'isuid': False, 'isgid': False})
ok: [localhost] => (item={'path': '/tmp', 'mode': '1777', 'isdir': True, 'ischr': False, 'isblk': False, 'isreg': False, 'isfifo': False, 'islnk': False, 'issock': False, 'uid': 0, 'gid': 0, 'size': 4096, 'inode': 13386590, 'dev': 61, 'nlink': 1, 'atime': 1785314004.5646849, 'mtime': 1785314004.563685, 'ctime': 1785314004.563685, 'gr_name': 'root', 'pw_name': 'root', 'wusr': True, 'rusr': True, 'xusr': True, 'wgrp': True, 'rgrp': True, 'xgrp': True, 'woth': True, 'roth': True, 'xoth': True, 'isuid': False, 'isgid': False})
ok: [localhost] => (item={'path': '/root', 'mode': '0550', 'isdir': True, 'ischr': False, 'isblk': False, 'isreg': False, 'isfifo': False, 'islnk': False, 'issock': False, 'uid': 0, 'gid': 0, 'size': 4096, 'inode': 13646753, 'dev': 61, 'nlink': 1, 'atime': 1785313969.0262222, 'mtime': 1785313941.2558606, 'ctime': 1785313941.2558606, 'gr_name': 'root', 'pw_name': 'root', 'wusr': False, 'rusr': True, 'xusr': True, 'wgrp': False, 'rgrp': True, 'xgrp': True, 'woth': False, 'roth': False, 'xoth': False, 'isuid': False, 'isgid': False})
ok: [localhost] => (item={'path': '/home', 'mode': '0755', 'isdir': True, 'ischr': False, 'isblk': False, 'isreg': False, 'isfifo': False, 'islnk': False, 'issock': False, 'uid': 0, 'gid': 0, 'size': 4096, 'inode': 13386571, 'dev': 61, 'nlink': 2, 'atime': 1785313815.2482193, 'mtime': 1729922950.0, 'ctime': 1785313815.2332191, 'gr_name': 'root', 'pw_name': 'root', 'wusr': True, 'rusr': True, 'xusr': True, 'wgrp': False, 'rgrp': True, 'xgrp': True, 'woth': False, 'roth': True, 'xoth': True, 'isuid': False, 'isgid': False})
ok: [localhost] => (item={'path': '/mnt', 'mode': '0755', 'isdir': True, 'ischr': False, 'isblk': False, 'isreg': False, 'isfifo': False, 'islnk': False, 'issock': False, 'uid': 0, 'gid': 0, 'size': 4096, 'inode': 13386575, 'dev': 61, 'nlink': 2, 'atime': 1785313815.2482193, 'mtime': 1729922950.0, 'ctime': 1785313815.2332191, 'gr_name': 'root', 'pw_name': 'root', 'wusr': True, 'rusr': True, 'xusr': True, 'wgrp': False, 'rgrp': True, 'xgrp': True, 'woth': False, 'roth': True, 'xoth': True, 'isuid': False, 'isgid': False})
ok: [localhost] => (item={'path': '/var', 'mode': '0755', 'isdir': True, 'ischr': False, 'isblk': False, 'isreg': False, 'isfifo': False, 'islnk': False, 'issock': False, 'uid': 0, 'gid': 0, 'size': 4096, 'inode': 13641162, 'dev': 61, 'nlink': 1, 'atime': 1785313863.501848, 'mtime': 1784775723.0, 'ctime': 1785313905.451688, 'gr_name': 'root', 'pw_name': 'root', 'wusr': True, 'rusr': True, 'xusr': True, 'wgrp': False, 'rgrp': True, 'xgrp': True, 'woth': False, 'roth': True, 'xoth': True, 'isuid': False, 'isgid': False})
ok: [localhost] => (item={'path': '/afs', 'mode': '0555', 'isdir': True, 'ischr': False, 'isblk': False, 'isreg': False, 'isfifo': False, 'islnk': False, 'issock': False, 'uid': 0, 'gid': 0, 'size': 4096, 'inode': 13385672, 'dev': 61, 'nlink': 2, 'atime': 1785313815.2462194, 'mtime': 1729922950.0, 'ctime': 1785313815.2328703, 'gr_name': 'root', 'pw_name': 'root', 'wusr': False, 'rusr': True, 'xusr': True, 'wgrp': False, 'rgrp': True, 'xgrp': True, 'woth': False, 'roth': True, 'xoth': True, 'isuid': False, 'isgid': False})
ok: [localhost] => (item={'path': '/srv', 'mode': '0755', 'isdir': True, 'ischr': False, 'isblk': False, 'isreg': False, 'isfifo': False, 'islnk': False, 'issock': False, 'uid': 0, 'gid': 0, 'size': 4096, 'inode': 13386588, 'dev': 61, 'nlink': 2, 'atime': 1785313815.2482193, 'mtime': 1729922950.0, 'ctime': 1785313815.2332191, 'gr_name': 'root', 'pw_name': 'root', 'wusr': True, 'rusr': True, 'xusr': True, 'wgrp': False, 'rgrp': True, 'xgrp': True, 'woth': False, 'roth': True, 'xoth': True, 'isuid': False, 'isgid': False})
ok: [localhost] => (item={'path': '/etc', 'mode': '0755', 'isdir': True, 'ischr': False, 'isblk': False, 'isreg': False, 'isfifo': False, 'islnk': False, 'issock': False, 'uid': 0, 'gid': 0, 'size': 4096, 'inode': 13646816, 'dev': 61, 'nlink': 1, 'atime': 1785313975.233303, 'mtime': 1785313971.3517077, 'ctime': 1785313971.3517077, 'gr_name': 'root', 'pw_name': 'root', 'wusr': True, 'rusr': True, 'xusr': True, 'wgrp': False, 'rgrp': True, 'xgrp': True, 'woth': False, 'roth': True, 'xoth': True, 'isuid': False, 'isgid': False})
ok: [localhost] => (item={'path': '/media', 'mode': '0755', 'isdir': True, 'ischr': False, 'isblk': False, 'isreg': False, 'isfifo': False, 'islnk': False, 'issock': False, 'uid': 0, 'gid': 0, 'size': 4096, 'inode': 13386574, 'dev': 61, 'nlink': 2, 'atime': 1785313815.2482193, 'mtime': 1729922950.0, 'ctime': 1785313815.2332191, 'gr_name': 'root', 'pw_name': 'root', 'wusr': True, 'rusr': True, 'xusr': True, 'wgrp': False, 'rgrp': True, 'xgrp': True, 'woth': False, 'roth': True, 'xoth': True, 'isuid': False, 'isgid': False})
ok: [localhost] => (item={'path': '/stigforge', 'mode': '0755', 'isdir': True, 'ischr': False, 'isblk': False, 'isreg': False, 'isfifo': False, 'islnk': False, 'issock': False, 'uid': 0, 'gid': 0, 'size': 4096, 'inode': 13646777, 'dev': 61, 'nlink': 1, 'atime': 1785313865.8578787, 'mtime': 1785313865.7807944, 'ctime': 1785313867.3168976, 'gr_name': 'root', 'pw_name': 'root', 'wusr': True, 'rusr': True, 'xusr': True, 'wgrp': False, 'rgrp': True, 'xgrp': True, 'woth': False, 'roth': True, 'xoth': True, 'isuid': False, 'isgid': False})

TASK [/stigforge/roles/ol9_stig : Remove User Host-Based Authentication Files - Increment Search Paths List with Local Partitions Mount Points] ***
ok: [localhost] => (item={'mount': '/stigforge/artifacts', 'device': '/dev/nvme0n1p2', 'fstype': 'ext4', 'options': 'rw,relatime,bind', 'dump': 0, 'passno': 0, 'size_total': 1005867986944, 'size_available': 595630243840, 'block_size': 4096, 'block_total': 245573239, 'block_available': 145417540, 'block_used': 100155699, 'inode_total': 62447616, 'inode_available': 61342112, 'inode_used': 1105504, 'uuid': 'N/A'})
ok: [localhost] => (item={'mount': '/stigforge/roles', 'device': '/dev/nvme0n1p2', 'fstype': 'ext4', 'options': 'ro,relatime,bind', 'dump': 0, 'passno': 0, 'size_total': 1005867986944, 'size_available': 595630243840, 'block_size': 4096, 'block_total': 245573239, 'block_available': 145417540, 'block_used': 100155699, 'inode_total': 62447616, 'inode_available': 61342112, 'inode_used': 1105504, 'uuid': 'N/A'})
ok: [localhost] => (item={'mount': '/stigforge/policy', 'device': '/dev/nvme0n1p2', 'fstype': 'ext4', 'options': 'ro,relatime,bind', 'dump': 0, 'passno': 0, 'size_total': 1005867986944, 'size_available': 595630243840, 'block_size': 4096, 'block_total': 245573239, 'block_available': 145417540, 'block_used': 100155699, 'inode_total': 62447616, 'inode_available': 61342112, 'inode_used': 1105504, 'uuid': 'N/A'})
ok: [localhost] => (item={'mount': '/stigforge/generator', 'device': '/dev/nvme0n1p2', 'fstype': 'ext4', 'options': 'ro,relatime,bind', 'dump': 0, 'passno': 0, 'size_total': 1005867986944, 'size_available': 595630243840, 'block_size': 4096, 'block_total': 245573239, 'block_available': 145417540, 'block_used': 100155699, 'inode_total': 62447616, 'inode_available': 61342112, 'inode_used': 1105504, 'uuid': 'N/A'})
ok: [localhost] => (item={'mount': '/stigforge/pyproject.toml', 'device': '/dev/nvme0n1p2', 'fstype': 'ext4', 'options': 'ro,relatime,bind', 'dump': 0, 'passno': 0, 'size_total': 1005867986944, 'size_available': 595630243840, 'block_size': 4096, 'block_total': 245573239, 'block_available': 145417540, 'block_used': 100155699, 'inode_total': 62447616, 'inode_available': 61342112, 'inode_used': 1105504, 'uuid': 'N/A'})
ok: [localhost] => (item={'mount': '/etc/resolv.conf', 'device': '/dev/nvme0n1p2', 'fstype': 'ext4', 'options': 'rw,relatime,bind', 'dump': 0, 'passno': 0, 'size_total': 1005867986944, 'size_available': 595630243840, 'block_size': 4096, 'block_total': 245573239, 'block_available': 145417540, 'block_used': 100155699, 'inode_total': 62447616, 'inode_available': 61342112, 'inode_used': 1105504, 'uuid': 'N/A'})
ok: [localhost] => (item={'mount': '/etc/hostname', 'device': '/dev/nvme0n1p2', 'fstype': 'ext4', 'options': 'rw,relatime,bind', 'dump': 0, 'passno': 0, 'size_total': 1005867986944, 'size_available': 595630243840, 'block_size': 4096, 'block_total': 245573239, 'block_available': 145417540, 'block_used': 100155699, 'inode_total': 62447616, 'inode_available': 61342112, 'inode_used': 1105504, 'uuid': 'N/A'})
ok: [localhost] => (item={'mount': '/etc/hosts', 'device': '/dev/nvme0n1p2', 'fstype': 'ext4', 'options': 'rw,relatime,bind', 'dump': 0, 'passno': 0, 'size_total': 1005867986944, 'size_available': 595630243840, 'block_size': 4096, 'block_total': 245573239, 'block_available': 145417540, 'block_used': 100155699, 'inode_total': 62447616, 'inode_available': 61342112, 'inode_used': 1105504, 'uuid': 'N/A'})

TASK [/stigforge/roles/ol9_stig : Remove User Host-Based Authentication Files - Increment Search Paths List with Local NFS File System Targets] ***
skipping: [localhost] => (item={'mount': '/stigforge/artifacts', 'device': '/dev/nvme0n1p2', 'fstype': 'ext4', 'options': 'rw,relatime,bind', 'dump': 0, 'passno': 0, 'size_total': 1005867986944, 'size_available': 595630243840, 'block_size': 4096, 'block_total': 245573239, 'block_available': 145417540, 'block_used': 100155699, 'inode_total': 62447616, 'inode_available': 61342112, 'inode_used': 1105504, 'uuid': 'N/A'}) 
skipping: [localhost] => (item={'mount': '/stigforge/roles', 'device': '/dev/nvme0n1p2', 'fstype': 'ext4', 'options': 'ro,relatime,bind', 'dump': 0, 'passno': 0, 'size_total': 1005867986944, 'size_available': 595630243840, 'block_size': 4096, 'block_total': 245573239, 'block_available': 145417540, 'block_used': 100155699, 'inode_total': 62447616, 'inode_available': 61342112, 'inode_used': 1105504, 'uuid': 'N/A'}) 
skipping: [localhost] => (item={'mount': '/stigforge/policy', 'device': '/dev/nvme0n1p2', 'fstype': 'ext4', 'options': 'ro,relatime,bind', 'dump': 0, 'passno': 0, 'size_total': 1005867986944, 'size_available': 595630243840, 'block_size': 4096, 'block_total': 245573239, 'block_available': 145417540, 'block_used': 100155699, 'inode_total': 62447616, 'inode_available': 61342112, 'inode_used': 1105504, 'uuid': 'N/A'}) 
skipping: [localhost] => (item={'mount': '/stigforge/generator', 'device': '/dev/nvme0n1p2', 'fstype': 'ext4', 'options': 'ro,relatime,bind', 'dump': 0, 'passno': 0, 'size_total': 1005867986944, 'size_available': 595630243840, 'block_size': 4096, 'block_total': 245573239, 'block_available': 145417540, 'block_used': 100155699, 'inode_total': 62447616, 'inode_available': 61342112, 'inode_used': 1105504, 'uuid': 'N/A'}) 
skipping: [localhost] => (item={'mount': '/stigforge/pyproject.toml', 'device': '/dev/nvme0n1p2', 'fstype': 'ext4', 'options': 'ro,relatime,bind', 'dump': 0, 'passno': 0, 'size_total': 1005867986944, 'size_available': 595630243840, 'block_size': 4096, 'block_total': 245573239, 'block_available': 145417540, 'block_used': 100155699, 'inode_total': 62447616, 'inode_available': 61342112, 'inode_used': 1105504, 'uuid': 'N/A'}) 
skipping: [localhost] => (item={'mount': '/etc/resolv.conf', 'device': '/dev/nvme0n1p2', 'fstype': 'ext4', 'options': 'rw,relatime,bind', 'dump': 0, 'passno': 0, 'size_total': 1005867986944, 'size_available': 595630243840, 'block_size': 4096, 'block_total': 245573239, 'block_available': 145417540, 'block_used': 100155699, 'inode_total': 62447616, 'inode_available': 61342112, 'inode_used': 1105504, 'uuid': 'N/A'}) 
skipping: [localhost] => (item={'mount': '/etc/hostname', 'device': '/dev/nvme0n1p2', 'fstype': 'ext4', 'options': 'rw,relatime,bind', 'dump': 0, 'passno': 0, 'size_total': 1005867986944, 'size_available': 595630243840, 'block_size': 4096, 'block_total': 245573239, 'block_available': 145417540, 'block_used': 100155699, 'inode_total': 62447616, 'inode_available': 61342112, 'inode_used': 1105504, 'uuid': 'N/A'}) 
skipping: [localhost] => (item={'mount': '/etc/hosts', 'device': '/dev/nvme0n1p2', 'fstype': 'ext4', 'options': 'rw,relatime,bind', 'dump': 0, 'passno': 0, 'size_total': 1005867986944, 'size_available': 595630243840, 'block_size': 4096, 'block_total': 245573239, 'block_available': 145417540, 'block_used': 100155699, 'inode_total': 62447616, 'inode_available': 61342112, 'inode_used': 1105504, 'uuid': 'N/A'}) 
skipping: [localhost]

TASK [/stigforge/roles/ol9_stig : Remove User Host-Based Authentication Files - Define Rule Specific Facts] ***
ok: [localhost]

TASK [/stigforge/roles/ol9_stig : Remove User Host-Based Authentication Files - Find All .shosts Files in Local File Systems] ***
ok: [localhost] => (item=/root)
ok: [localhost] => (item=/home)
ok: [localhost] => (item=/var)
ok: [localhost] => (item=/opt)
ok: [localhost] => (item=/stigforge)
ok: [localhost] => (item=/stigforge/generator)
ok: [localhost] => (item=/etc)
ok: [localhost] => (item=/srv)
ok: [localhost] => (item=/afs)
ok: [localhost] => (item=/tmp)
ok: [localhost] => (item=/etc/resolv.conf)
ok: [localhost] => (item=/stigforge/artifacts)
ok: [localhost] => (item=/stigforge/policy)
ok: [localhost] => (item=/stigforge/pyproject.toml)
ok: [localhost] => (item=/media)
ok: [localhost] => (item=/etc/hostname)
ok: [localhost] => (item=/stigforge/roles)
ok: [localhost] => (item=/mnt)
ok: [localhost] => (item=/boot)
ok: [localhost] => (item=/usr)
ok: [localhost] => (item=/etc/hosts)

TASK [/stigforge/roles/ol9_stig : Remove User Host-Based Authentication Files - Create List of .shosts Files Present in Local File Systems] ***
ok: [localhost] => (item={'changed': False, 'stdout': '', 'stderr': '', 'rc': 0, 'cmd': ['find', '/root', '-xdev', '-type', 'f', '-name', '.shosts'], 'start': '2026-07-29 08:33:24.919074', 'end': '2026-07-29 08:33:24.921756', 'delta': '0:00:00.002682', 'msg': '', 'invocation': {'module_args': {'_raw_params': 'find /root -xdev -type f -name ".shosts"', '_uses_shell': False, 'expand_argument_vars': True, 'stdin_add_newline': True, 'strip_empty_ends': True, 'argv': None, 'chdir': None, 'executable': None, 'creates': None, 'removes': None, 'stdin': None}}, 'stdout_lines': [], 'stderr_lines': [], 'failed': False, 'item': '/root', 'ansible_loop_var': 'item'})
ok: [localhost] => (item={'changed': False, 'stdout': '', 'stderr': '', 'rc': 0, 'cmd': ['find', '/home', '-xdev', '-type', 'f', '-name', '.shosts'], 'start': '2026-07-29 08:33:25.031915', 'end': '2026-07-29 08:33:25.034444', 'delta': '0:00:00.002529', 'msg': '', 'invocation': {'module_args': {'_raw_params': 'find /home -xdev -type f -name ".shosts"', '_uses_shell': False, 'expand_argument_vars': True, 'stdin_add_newline': True, 'strip_empty_ends': True, 'argv': None, 'chdir': None, 'executable': None, 'creates': None, 'removes': None, 'stdin': None}}, 'stdout_lines': [], 'stderr_lines': [], 'failed': False, 'item': '/home', 'ansible_loop_var': 'item'})
ok: [localhost] => (item={'changed': False, 'stdout': '', 'stderr': '', 'rc': 0, 'cmd': ['find', '/var', '-xdev', '-type', 'f', '-name', '.shosts'], 'start': '2026-07-29 08:33:25.151282', 'end': '2026-07-29 08:33:25.154441', 'delta': '0:00:00.003159', 'msg': '', 'invocation': {'module_args': {'_raw_params': 'find /var -xdev -type f -name ".shosts"', '_uses_shell': False, 'expand_argument_vars': True, 'stdin_add_newline': True, 'strip_empty_ends': True, 'argv': None, 'chdir': None, 'executable': None, 'creates': None, 'removes': None, 'stdin': None}}, 'stdout_lines': [], 'stderr_lines': [], 'failed': False, 'item': '/var', 'ansible_loop_var': 'item'})
ok: [localhost] => (item={'changed': False, 'stdout': '', 'stderr': '', 'rc': 0, 'cmd': ['find', '/opt', '-xdev', '-type', 'f', '-name', '.shosts'], 'start': '2026-07-29 08:33:25.275730', 'end': '2026-07-29 08:33:25.278802', 'delta': '0:00:00.003072', 'msg': '', 'invocation': {'module_args': {'_raw_params': 'find /opt -xdev -type f -name ".shosts"', '_uses_shell': False, 'expand_argument_vars': True, 'stdin_add_newline': True, 'strip_empty_ends': True, 'argv': None, 'chdir': None, 'executable': None, 'creates': None, 'removes': None, 'stdin': None}}, 'stdout_lines': [], 'stderr_lines': [], 'failed': False, 'item': '/opt', 'ansible_loop_var': 'item'})
ok: [localhost] => (item={'changed': False, 'stdout': '', 'stderr': '', 'rc': 0, 'cmd': ['find', '/stigforge', '-xdev', '-type', 'f', '-name', '.shosts'], 'start': '2026-07-29 08:33:25.397208', 'end': '2026-07-29 08:33:25.399773', 'delta': '0:00:00.002565', 'msg': '', 'invocation': {'module_args': {'_raw_params': 'find /stigforge -xdev -type f -name ".shosts"', '_uses_shell': False, 'expand_argument_vars': True, 'stdin_add_newline': True, 'strip_empty_ends': True, 'argv': None, 'chdir': None, 'executable': None, 'creates': None, 'removes': None, 'stdin': None}}, 'stdout_lines': [], 'stderr_lines': [], 'failed': False, 'item': '/stigforge', 'ansible_loop_var': 'item'})
ok: [localhost] => (item={'changed': False, 'stdout': '', 'stderr': '', 'rc': 0, 'cmd': ['find', '/stigforge/generator', '-xdev', '-type', 'f', '-name', '.shosts'], 'start': '2026-07-29 08:33:25.519206', 'end': '2026-07-29 08:33:25.522007', 'delta': '0:00:00.002801', 'msg': '', 'invocation': {'module_args': {'_raw_params': 'find /stigforge/generator -xdev -type f -name ".shosts"', '_uses_shell': False, 'expand_argument_vars': True, 'stdin_add_newline': True, 'strip_empty_ends': True, 'argv': None, 'chdir': None, 'executable': None, 'creates': None, 'removes': None, 'stdin': None}}, 'stdout_lines': [], 'stderr_lines': [], 'failed': False, 'item': '/stigforge/generator', 'ansible_loop_var': 'item'})
ok: [localhost] => (item={'changed': False, 'stdout': '', 'stderr': '', 'rc': 0, 'cmd': ['find', '/etc', '-xdev', '-type', 'f', '-name', '.shosts'], 'start': '2026-07-29 08:33:25.636217', 'end': '2026-07-29 08:33:25.641257', 'delta': '0:00:00.005040', 'msg': '', 'invocation': {'module_args': {'_raw_params': 'find /etc -xdev -type f -name ".shosts"', '_uses_shell': False, 'expand_argument_vars': True, 'stdin_add_newline': True, 'strip_empty_ends': True, 'argv': None, 'chdir': None, 'executable': None, 'creates': None, 'removes': None, 'stdin': None}}, 'stdout_lines': [], 'stderr_lines': [], 'failed': False, 'item': '/etc', 'ansible_loop_var': 'item'})
ok: [localhost] => (item={'changed': False, 'stdout': '', 'stderr': '', 'rc': 0, 'cmd': ['find', '/srv', '-xdev', '-type', 'f', '-name', '.shosts'], 'start': '2026-07-29 08:33:25.754131', 'end': '2026-07-29 08:33:25.756600', 'delta': '0:00:00.002469', 'msg': '', 'invocation': {'module_args': {'_raw_params': 'find /srv -xdev -type f -name ".shosts"', '_uses_shell': False, 'expand_argument_vars': True, 'stdin_add_newline': True, 'strip_empty_ends': True, 'argv': None, 'chdir': None, 'executable': None, 'creates': None, 'removes': None, 'stdin': None}}, 'stdout_lines': [], 'stderr_lines': [], 'failed': False, 'item': '/srv', 'ansible_loop_var': 'item'})
ok: [localhost] => (item={'changed': False, 'stdout': '', 'stderr': '', 'rc': 0, 'cmd': ['find', '/afs', '-xdev', '-type', 'f', '-name', '.shosts'], 'start': '2026-07-29 08:33:25.868678', 'end': '2026-07-29 08:33:25.871639', 'delta': '0:00:00.002961', 'msg': '', 'invocation': {'module_args': {'_raw_params': 'find /afs -xdev -type f -name ".shosts"', '_uses_shell': False, 'expand_argument_vars': True, 'stdin_add_newline': True, 'strip_empty_ends': True, 'argv': None, 'chdir': None, 'executable': None, 'creates': None, 'removes': None, 'stdin': None}}, 'stdout_lines': [], 'stderr_lines': [], 'failed': False, 'item': '/afs', 'ansible_loop_var': 'item'})
ok: [localhost] => (item={'changed': False, 'stdout': '', 'stderr': '', 'rc': 0, 'cmd': ['find', '/tmp', '-xdev', '-type', 'f', '-name', '.shosts'], 'start': '2026-07-29 08:33:25.982398', 'end': '2026-07-29 08:33:25.985632', 'delta': '0:00:00.003234', 'msg': '', 'invocation': {'module_args': {'_raw_params': 'find /tmp -xdev -type f -name ".shosts"', '_uses_shell': False, 'expand_argument_vars': True, 'stdin_add_newline': True, 'strip_empty_ends': True, 'argv': None, 'chdir': None, 'executable': None, 'creates': None, 'removes': None, 'stdin': None}}, 'stdout_lines': [], 'stderr_lines': [], 'failed': False, 'item': '/tmp', 'ansible_loop_var': 'item'})
ok: [localhost] => (item={'changed': False, 'stdout': '', 'stderr': '', 'rc': 0, 'cmd': ['find', '/etc/resolv.conf', '-xdev', '-type', 'f', '-name', '.shosts'], 'start': '2026-07-29 08:33:26.094034', 'end': '2026-07-29 08:33:26.096603', 'delta': '0:00:00.002569', 'msg': '', 'invocation': {'module_args': {'_raw_params': 'find /etc/resolv.conf -xdev -type f -name ".shosts"', '_uses_shell': False, 'expand_argument_vars': True, 'stdin_add_newline': True, 'strip_empty_ends': True, 'argv': None, 'chdir': None, 'executable': None, 'creates': None, 'removes': None, 'stdin': None}}, 'stdout_lines': [], 'stderr_lines': [], 'failed': False, 'item': '/etc/resolv.conf', 'ansible_loop_var': 'item'})
ok: [localhost] => (item={'changed': False, 'stdout': '', 'stderr': '', 'rc': 0, 'cmd': ['find', '/stigforge/artifacts', '-xdev', '-type', 'f', '-name', '.shosts'], 'start': '2026-07-29 08:33:26.208281', 'end': '2026-07-29 08:33:26.210988', 'delta': '0:00:00.002707', 'msg': '', 'invocation': {'module_args': {'_raw_params': 'find /stigforge/artifacts -xdev -type f -name ".shosts"', '_uses_shell': False, 'expand_argument_vars': True, 'stdin_add_newline': True, 'strip_empty_ends': True, 'argv': None, 'chdir': None, 'executable': None, 'creates': None, 'removes': None, 'stdin': None}}, 'stdout_lines': [], 'stderr_lines': [], 'failed': False, 'item': '/stigforge/artifacts', 'ansible_loop_var': 'item'})
ok: [localhost] => (item={'changed': False, 'stdout': '', 'stderr': '', 'rc': 0, 'cmd': ['find', '/stigforge/policy', '-xdev', '-type', 'f', '-name', '.shosts'], 'start': '2026-07-29 08:33:26.319301', 'end': '2026-07-29 08:33:26.321779', 'delta': '0:00:00.002478', 'msg': '', 'invocation': {'module_args': {'_raw_params': 'find /stigforge/policy -xdev -type f -name ".shosts"', '_uses_shell': False, 'expand_argument_vars': True, 'stdin_add_newline': True, 'strip_empty_ends': True, 'argv': None, 'chdir': None, 'executable': None, 'creates': None, 'removes': None, 'stdin': None}}, 'stdout_lines': [], 'stderr_lines': [], 'failed': False, 'item': '/stigforge/policy', 'ansible_loop_var': 'item'})
ok: [localhost] => (item={'changed': False, 'stdout': '', 'stderr': '', 'rc': 0, 'cmd': ['find', '/stigforge/pyproject.toml', '-xdev', '-type', 'f', '-name', '.shosts'], 'start': '2026-07-29 08:33:26.435132', 'end': '2026-07-29 08:33:26.437665', 'delta': '0:00:00.002533', 'msg': '', 'invocation': {'module_args': {'_raw_params': 'find /stigforge/pyproject.toml -xdev -type f -name ".shosts"', '_uses_shell': False, 'expand_argument_vars': True, 'stdin_add_newline': True, 'strip_empty_ends': True, 'argv': None, 'chdir': None, 'executable': None, 'creates': None, 'removes': None, 'stdin': None}}, 'stdout_lines': [], 'stderr_lines': [], 'failed': False, 'item': '/stigforge/pyproject.toml', 'ansible_loop_var': 'item'})
ok: [localhost] => (item={'changed': False, 'stdout': '', 'stderr': '', 'rc': 0, 'cmd': ['find', '/media', '-xdev', '-type', 'f', '-name', '.shosts'], 'start': '2026-07-29 08:33:26.550344', 'end': '2026-07-29 08:33:26.552748', 'delta': '0:00:00.002404', 'msg': '', 'invocation': {'module_args': {'_raw_params': 'find /media -xdev -type f -name ".shosts"', '_uses_shell': False, 'expand_argument_vars': True, 'stdin_add_newline': True, 'strip_empty_ends': True, 'argv': None, 'chdir': None, 'executable': None, 'creates': None, 'removes': None, 'stdin': None}}, 'stdout_lines': [], 'stderr_lines': [], 'failed': False, 'item': '/media', 'ansible_loop_var': 'item'})
ok: [localhost] => (item={'changed': False, 'stdout': '', 'stderr': '', 'rc': 0, 'cmd': ['find', '/etc/hostname', '-xdev', '-type', 'f', '-name', '.shosts'], 'start': '2026-07-29 08:33:26.665321', 'end': '2026-07-29 08:33:26.667953', 'delta': '0:00:00.002632', 'msg': '', 'invocation': {'module_args': {'_raw_params': 'find /etc/hostname -xdev -type f -name ".shosts"', '_uses_shell': False, 'expand_argument_vars': True, 'stdin_add_newline': True, 'strip_empty_ends': True, 'argv': None, 'chdir': None, 'executable': None, 'creates': None, 'removes': None, 'stdin': None}}, 'stdout_lines': [], 'stderr_lines': [], 'failed': False, 'item': '/etc/hostname', 'ansible_loop_var': 'item'})
ok: [localhost] => (item={'changed': False, 'stdout': '', 'stderr': '', 'rc': 0, 'cmd': ['find', '/stigforge/roles', '-xdev', '-type', 'f', '-name', '.shosts'], 'start': '2026-07-29 08:33:26.775685', 'end': '2026-07-29 08:33:26.779002', 'delta': '0:00:00.003317', 'msg': '', 'invocation': {'module_args': {'_raw_params': 'find /stigforge/roles -xdev -type f -name ".shosts"', '_uses_shell': False, 'expand_argument_vars': True, 'stdin_add_newline': True, 'strip_empty_ends': True, 'argv': None, 'chdir': None, 'executable': None, 'creates': None, 'removes': None, 'stdin': None}}, 'stdout_lines': [], 'stderr_lines': [], 'failed': False, 'item': '/stigforge/roles', 'ansible_loop_var': 'item'})
ok: [localhost] => (item={'changed': False, 'stdout': '', 'stderr': '', 'rc': 0, 'cmd': ['find', '/mnt', '-xdev', '-type', 'f', '-name', '.shosts'], 'start': '2026-07-29 08:33:26.886586', 'end': '2026-07-29 08:33:26.888719', 'delta': '0:00:00.002133', 'msg': '', 'invocation': {'module_args': {'_raw_params': 'find /mnt -xdev -type f -name ".shosts"', '_uses_shell': False, 'expand_argument_vars': True, 'stdin_add_newline': True, 'strip_empty_ends': True, 'argv': None, 'chdir': None, 'executable': None, 'creates': None, 'removes': None, 'stdin': None}}, 'stdout_lines': [], 'stderr_lines': [], 'failed': False, 'item': '/mnt', 'ansible_loop_var': 'item'})
ok: [localhost] => (item={'changed': False, 'stdout': '', 'stderr': '', 'rc': 0, 'cmd': ['find', '/boot', '-xdev', '-type', 'f', '-name', '.shosts'], 'start': '2026-07-29 08:33:27.000012', 'end': '2026-07-29 08:33:27.002613', 'delta': '0:00:00.002601', 'msg': '', 'invocation': {'module_args': {'_raw_params': 'find /boot -xdev -type f -name ".shosts"', '_uses_shell': False, 'expand_argument_vars': True, 'stdin_add_newline': True, 'strip_empty_ends': True, 'argv': None, 'chdir': None, 'executable': None, 'creates': None, 'removes': None, 'stdin': None}}, 'stdout_lines': [], 'stderr_lines': [], 'failed': False, 'item': '/boot', 'ansible_loop_var': 'item'})
ok: [localhost] => (item={'changed': False, 'stdout': '', 'stderr': '', 'rc': 0, 'cmd': ['find', '/usr', '-xdev', '-type', 'f', '-name', '.shosts'], 'start': '2026-07-29 08:33:27.121601', 'end': '2026-07-29 08:33:27.154136', 'delta': '0:00:00.032535', 'msg': '', 'invocation': {'module_args': {'_raw_params': 'find /usr -xdev -type f -name ".shosts"', '_uses_shell': False, 'expand_argument_vars': True, 'stdin_add_newline': True, 'strip_empty_ends': True, 'argv': None, 'chdir': None, 'executable': None, 'creates': None, 'removes': None, 'stdin': None}}, 'stdout_lines': [], 'stderr_lines': [], 'failed': False, 'item': '/usr', 'ansible_loop_var': 'item'})
ok: [localhost] => (item={'changed': False, 'stdout': '', 'stderr': '', 'rc': 0, 'cmd': ['find', '/etc/hosts', '-xdev', '-type', 'f', '-name', '.shosts'], 'start': '2026-07-29 08:33:27.262898', 'end': '2026-07-29 08:33:27.265667', 'delta': '0:00:00.002769', 'msg': '', 'invocation': {'module_args': {'_raw_params': 'find /etc/hosts -xdev -type f -name ".shosts"', '_uses_shell': False, 'expand_argument_vars': True, 'stdin_add_newline': True, 'strip_empty_ends': True, 'argv': None, 'chdir': None, 'executable': None, 'creates': None, 'removes': None, 'stdin': None}}, 'stdout_lines': [], 'stderr_lines': [], 'failed': False, 'item': '/etc/hosts', 'ansible_loop_var': 'item'})

TASK [/stigforge/roles/ol9_stig : Remove User Host-Based Authentication Files - Ensure No .shosts Files Are Present in the System] ***
ok: [localhost] => (item=/.shosts)

TASK [/stigforge/roles/ol9_stig : Ensure tftp systemd Service Uses Secure Mode - Find valid drop-ins] ***
skipping: [localhost]

TASK [/stigforge/roles/ol9_stig : Ensure tftp systemd Service Uses Secure Mode - Find all drop-in files] ***
skipping: [localhost]

TASK [/stigforge/roles/ol9_stig : Ensure tftp systemd Service Uses Secure Mode - Get invalid drop-ins] ***
skipping: [localhost]

TASK [/stigforge/roles/ol9_stig : Ensure tftp systemd Service Uses Secure Mode - Comment all ExecStart in invalid drop-ins] ***
skipping: [localhost]

TASK [/stigforge/roles/ol9_stig : Ensure tftp systemd Service Uses Secure Mode - Check if a valid drop-in exists] ***
skipping: [localhost]

TASK [/stigforge/roles/ol9_stig : Ensure tftp systemd Service Uses Secure Mode - Check if tftp.service contains valid ExecStart] ***
skipping: [localhost]

TASK [/stigforge/roles/ol9_stig : Ensure tftp systemd Service Uses Secure Mode - Check if a valid tftp.service exists] ***
skipping: [localhost]

TASK [/stigforge/roles/ol9_stig : Ensure tftp systemd Service Uses Secure Mode - Recalculate global config validity] ***
skipping: [localhost]

TASK [/stigforge/roles/ol9_stig : Ensure drop-in directory exists] *************
skipping: [localhost]

TASK [/stigforge/roles/ol9_stig : Deploy 10-ssg-hardening.conf drop-in] ********
skipping: [localhost]

TASK [/stigforge/roles/ol9_stig : Reload systemd and restart tftp service] *****
skipping: [localhost]

TASK [/stigforge/roles/ol9_stig : Set the file_groupowner_sshd_config_newgroup variable if represented by gid] ***
skipping: [localhost]

TASK [/stigforge/roles/ol9_stig : Test for existence /etc/ssh/sshd_config] *****
skipping: [localhost]

TASK [/stigforge/roles/ol9_stig : Ensure group owner on /etc/ssh/sshd_config] ***
skipping: [localhost]

TASK [/stigforge/roles/ol9_stig : Set the file_owner_sshd_config_newown variable if represented by uid] ***
skipping: [localhost]

TASK [/stigforge/roles/ol9_stig : Test for existence /etc/ssh/sshd_config] *****
skipping: [localhost]

TASK [/stigforge/roles/ol9_stig : Ensure owner on /etc/ssh/sshd_config] ********
skipping: [localhost]

TASK [/stigforge/roles/ol9_stig : Test for existence /etc/ssh/sshd_config] *****
skipping: [localhost]

TASK [/stigforge/roles/ol9_stig : Ensure permission u-xs,g-xwrs,o-xwrt on /etc/ssh/sshd_config] ***
skipping: [localhost]

TASK [/stigforge/roles/ol9_stig : Find root:root-owned keys] *******************
skipping: [localhost]

TASK [/stigforge/roles/ol9_stig : Set permissions for root:root-owned keys] ****
skipping: [localhost]

TASK [/stigforge/roles/ol9_stig : Find root:ssh_keys-owned keys] ***************
skipping: [localhost]

TASK [/stigforge/roles/ol9_stig : Set permissions for root:ssh_keys-owned keys] ***
skipping: [localhost]

TASK [/stigforge/roles/ol9_stig : Find /etc/ssh/ file(s)] **********************
skipping: [localhost]

TASK [/stigforge/roles/ol9_stig : Set permissions for /etc/ssh/ file(s)] *******
skipping: [localhost]

TASK [/stigforge/roles/ol9_stig : Find sshd_config included files] *************
skipping: [localhost]

TASK [/stigforge/roles/ol9_stig : Comment conf from included files] ************
skipping: [localhost]

TASK [/stigforge/roles/ol9_stig : Deduplicate values from /etc/ssh/sshd_config] ***
skipping: [localhost]

TASK [/stigforge/roles/ol9_stig : Check if /etc/ssh/sshd_config.d exists] ******
skipping: [localhost]

TASK [/stigforge/roles/ol9_stig : Check if the parameter ClientAliveCountMax is present in /etc/ssh/sshd_config.d] ***
skipping: [localhost]

TASK [/stigforge/roles/ol9_stig : Remove parameter from files in /etc/ssh/sshd_config.d] ***
skipping: [localhost]

TASK [/stigforge/roles/ol9_stig : Insert correct line to /etc/ssh/sshd_config.d/00-complianceascode-hardening.conf] ***
skipping: [localhost]

TASK [/stigforge/roles/ol9_stig : Set SSH Client Alive Count Max - set file mode for /etc/ssh/sshd_config.d/00-complianceascode-hardening.conf] ***
skipping: [localhost]

TASK [/stigforge/roles/ol9_stig : Find sshd_config included files] *************
skipping: [localhost]

TASK [/stigforge/roles/ol9_stig : Comment conf from included files] ************
skipping: [localhost]

TASK [/stigforge/roles/ol9_stig : Deduplicate values from /etc/ssh/sshd_config] ***
skipping: [localhost]

TASK [/stigforge/roles/ol9_stig : Check if /etc/ssh/sshd_config.d exists] ******
skipping: [localhost]

TASK [/stigforge/roles/ol9_stig : Check if the parameter ClientAliveInterval is present in /etc/ssh/sshd_config.d] ***
skipping: [localhost]

TASK [/stigforge/roles/ol9_stig : Remove parameter from files in /etc/ssh/sshd_config.d] ***
skipping: [localhost]

TASK [/stigforge/roles/ol9_stig : Insert correct line to /etc/ssh/sshd_config.d/00-complianceascode-hardening.conf] ***
skipping: [localhost]

TASK [/stigforge/roles/ol9_stig : Set SSH Client Alive Interval - set file mode for /etc/ssh/sshd_config.d/00-complianceascode-hardening.conf] ***
skipping: [localhost]

TASK [/stigforge/roles/ol9_stig : Find sshd_config included files] *************
skipping: [localhost]

TASK [/stigforge/roles/ol9_stig : Comment conf from included files] ************
skipping: [localhost]

TASK [/stigforge/roles/ol9_stig : Deduplicate values from /etc/ssh/sshd_config] ***
skipping: [localhost]

TASK [/stigforge/roles/ol9_stig : Check if /etc/ssh/sshd_config.d exists] ******
skipping: [localhost]

TASK [/stigforge/roles/ol9_stig : Check if the parameter HostbasedAuthentication is present in /etc/ssh/sshd_config.d] ***
skipping: [localhost]

TASK [/stigforge/roles/ol9_stig : Remove parameter from files in /etc/ssh/sshd_config.d] ***
skipping: [localhost]

TASK [/stigforge/roles/ol9_stig : Insert correct line to /etc/ssh/sshd_config.d/01-complianceascode-reinforce-os-defaults.conf] ***
skipping: [localhost]

TASK [/stigforge/roles/ol9_stig : Disable Host-Based Authentication - set file mode for /etc/ssh/sshd_config.d/01-complianceascode-reinforce-os-defaults.conf] ***
skipping: [localhost]

TASK [/stigforge/roles/ol9_stig : Find sshd_config included files] *************
skipping: [localhost]

TASK [/stigforge/roles/ol9_stig : Comment conf from included files] ************
skipping: [localhost]

TASK [/stigforge/roles/ol9_stig : Deduplicate values from /etc/ssh/sshd_config] ***
skipping: [localhost]

TASK [/stigforge/roles/ol9_stig : Check if /etc/ssh/sshd_config.d exists] ******
skipping: [localhost]

TASK [/stigforge/roles/ol9_stig : Check if the parameter Compression is present in /etc/ssh/sshd_config.d] ***
skipping: [localhost]

TASK [/stigforge/roles/ol9_stig : Remove parameter from files in /etc/ssh/sshd_config.d] ***
skipping: [localhost]

TASK [/stigforge/roles/ol9_stig : Insert correct line to /etc/ssh/sshd_config.d/00-complianceascode-hardening.conf] ***
skipping: [localhost]

TASK [/stigforge/roles/ol9_stig : Disable Compression Or Set Compression to delayed - set file mode for /etc/ssh/sshd_config.d/00-complianceascode-hardening.conf] ***
skipping: [localhost]

TASK [/stigforge/roles/ol9_stig : Find sshd_config included files] *************
skipping: [localhost]

TASK [/stigforge/roles/ol9_stig : Comment conf from included files] ************
skipping: [localhost]

TASK [/stigforge/roles/ol9_stig : Deduplicate values from /etc/ssh/sshd_config] ***
skipping: [localhost]

TASK [/stigforge/roles/ol9_stig : Check if /etc/ssh/sshd_config.d exists] ******
skipping: [localhost]

TASK [/stigforge/roles/ol9_stig : Check if the parameter PermitEmptyPasswords is present in /etc/ssh/sshd_config.d] ***
skipping: [localhost]

TASK [/stigforge/roles/ol9_stig : Remove parameter from files in /etc/ssh/sshd_config.d] ***
skipping: [localhost]

TASK [/stigforge/roles/ol9_stig : Insert correct line to /etc/ssh/sshd_config.d/01-complianceascode-reinforce-os-defaults.conf] ***
skipping: [localhost]

TASK [/stigforge/roles/ol9_stig : Disable SSH Access via Empty Passwords - set file mode for /etc/ssh/sshd_config.d/01-complianceascode-reinforce-os-defaults.conf] ***
skipping: [localhost]

TASK [/stigforge/roles/ol9_stig : Find sshd_config included files] *************
skipping: [localhost]

TASK [/stigforge/roles/ol9_stig : Comment conf from included files] ************
skipping: [localhost]

TASK [/stigforge/roles/ol9_stig : Deduplicate values from /etc/ssh/sshd_config] ***
skipping: [localhost]

TASK [/stigforge/roles/ol9_stig : Check if /etc/ssh/sshd_config.d exists] ******
skipping: [localhost]

TASK [/stigforge/roles/ol9_stig : Check if the parameter GSSAPIAuthentication is present in /etc/ssh/sshd_config.d] ***
skipping: [localhost]

TASK [/stigforge/roles/ol9_stig : Remove parameter from files in /etc/ssh/sshd_config.d] ***
skipping: [localhost]

TASK [/stigforge/roles/ol9_stig : Insert correct line to /etc/ssh/sshd_config.d/01-complianceascode-reinforce-os-defaults.conf] ***
skipping: [localhost]

TASK [/stigforge/roles/ol9_stig : Disable GSSAPI Authentication - set file mode for /etc/ssh/sshd_config.d/01-complianceascode-reinforce-os-defaults.conf] ***
skipping: [localhost]

TASK [/stigforge/roles/ol9_stig : Find sshd_config included files] *************
skipping: [localhost]

TASK [/stigforge/roles/ol9_stig : Comment conf from included files] ************
skipping: [localhost]

TASK [/stigforge/roles/ol9_stig : Deduplicate values from /etc/ssh/sshd_config] ***
skipping: [localhost]

TASK [/stigforge/roles/ol9_stig : Check if /etc/ssh/sshd_config.d exists] ******
skipping: [localhost]

TASK [/stigforge/roles/ol9_stig : Check if the parameter KerberosAuthentication is present in /etc/ssh/sshd_config.d] ***
skipping: [localhost]

TASK [/stigforge/roles/ol9_stig : Remove parameter from files in /etc/ssh/sshd_config.d] ***
skipping: [localhost]

TASK [/stigforge/roles/ol9_stig : Insert correct line to /etc/ssh/sshd_config.d/01-complianceascode-reinforce-os-defaults.conf] ***
skipping: [localhost]

TASK [/stigforge/roles/ol9_stig : Disable Kerberos Authentication - set file mode for /etc/ssh/sshd_config.d/01-complianceascode-reinforce-os-defaults.conf] ***
skipping: [localhost]

TASK [/stigforge/roles/ol9_stig : Find sshd_config included files] *************
skipping: [localhost]

TASK [/stigforge/roles/ol9_stig : Comment conf from included files] ************
skipping: [localhost]

TASK [/stigforge/roles/ol9_stig : Deduplicate values from /etc/ssh/sshd_config] ***
skipping: [localhost]

TASK [/stigforge/roles/ol9_stig : Check if /etc/ssh/sshd_config.d exists] ******
skipping: [localhost]

TASK [/stigforge/roles/ol9_stig : Check if the parameter IgnoreRhosts is present in /etc/ssh/sshd_config.d] ***
skipping: [localhost]

TASK [/stigforge/roles/ol9_stig : Remove parameter from files in /etc/ssh/sshd_config.d] ***
skipping: [localhost]

TASK [/stigforge/roles/ol9_stig : Insert correct line to /etc/ssh/sshd_config.d/01-complianceascode-reinforce-os-defaults.conf] ***
skipping: [localhost]

TASK [/stigforge/roles/ol9_stig : Disable SSH Support for .rhosts Files - set file mode for /etc/ssh/sshd_config.d/01-complianceascode-reinforce-os-defaults.conf] ***
skipping: [localhost]

TASK [/stigforge/roles/ol9_stig : Find sshd_config included files] *************
skipping: [localhost]

TASK [/stigforge/roles/ol9_stig : Comment conf from included files] ************
skipping: [localhost]

TASK [/stigforge/roles/ol9_stig : Deduplicate values from /etc/ssh/sshd_config] ***
skipping: [localhost]

TASK [/stigforge/roles/ol9_stig : Check if /etc/ssh/sshd_config.d exists] ******
skipping: [localhost]

TASK [/stigforge/roles/ol9_stig : Check if the parameter PermitRootLogin is present in /etc/ssh/sshd_config.d] ***
skipping: [localhost]

TASK [/stigforge/roles/ol9_stig : Remove parameter from files in /etc/ssh/sshd_config.d] ***
skipping: [localhost]

TASK [/stigforge/roles/ol9_stig : Insert correct line to /etc/ssh/sshd_config.d/00-complianceascode-hardening.conf] ***
skipping: [localhost]

TASK [/stigforge/roles/ol9_stig : Disable SSH Root Login - set file mode for /etc/ssh/sshd_config.d/00-complianceascode-hardening.conf] ***
skipping: [localhost]

TASK [/stigforge/roles/ol9_stig : Find sshd_config included files] *************
skipping: [localhost]

TASK [/stigforge/roles/ol9_stig : Comment conf from included files] ************
skipping: [localhost]

TASK [/stigforge/roles/ol9_stig : Deduplicate values from /etc/ssh/sshd_config] ***
skipping: [localhost]

TASK [/stigforge/roles/ol9_stig : Check if /etc/ssh/sshd_config.d exists] ******
skipping: [localhost]

TASK [/stigforge/roles/ol9_stig : Check if the parameter IgnoreUserKnownHosts is present in /etc/ssh/sshd_config.d] ***
skipping: [localhost]

TASK [/stigforge/roles/ol9_stig : Remove parameter from files in /etc/ssh/sshd_config.d] ***
skipping: [localhost]

TASK [/stigforge/roles/ol9_stig : Insert correct line to /etc/ssh/sshd_config.d/00-complianceascode-hardening.conf] ***
skipping: [localhost]

TASK [/stigforge/roles/ol9_stig : Disable SSH Support for User Known Hosts - set file mode for /etc/ssh/sshd_config.d/00-complianceascode-hardening.conf] ***
skipping: [localhost]

TASK [/stigforge/roles/ol9_stig : Find sshd_config included files] *************
skipping: [localhost]

TASK [/stigforge/roles/ol9_stig : Comment conf from included files] ************
skipping: [localhost]

TASK [/stigforge/roles/ol9_stig : Deduplicate values from /etc/ssh/sshd_config] ***
skipping: [localhost]

TASK [/stigforge/roles/ol9_stig : Check if /etc/ssh/sshd_config.d exists] ******
skipping: [localhost]

TASK [/stigforge/roles/ol9_stig : Check if the parameter X11Forwarding is present in /etc/ssh/sshd_config.d] ***
skipping: [localhost]

TASK [/stigforge/roles/ol9_stig : Remove parameter from files in /etc/ssh/sshd_config.d] ***
skipping: [localhost]

TASK [/stigforge/roles/ol9_stig : Insert correct line to /etc/ssh/sshd_config.d/01-complianceascode-reinforce-os-defaults.conf] ***
skipping: [localhost]

TASK [/stigforge/roles/ol9_stig : Disable X11 Forwarding - set file mode for /etc/ssh/sshd_config.d/01-complianceascode-reinforce-os-defaults.conf] ***
skipping: [localhost]

TASK [/stigforge/roles/ol9_stig : Find sshd_config included files] *************
skipping: [localhost]

TASK [/stigforge/roles/ol9_stig : Comment conf from included files] ************
skipping: [localhost]

TASK [/stigforge/roles/ol9_stig : Deduplicate values from /etc/ssh/sshd_config] ***
skipping: [localhost]

TASK [/stigforge/roles/ol9_stig : Check if /etc/ssh/sshd_config.d exists] ******
skipping: [localhost]

TASK [/stigforge/roles/ol9_stig : Check if the parameter PermitUserEnvironment is present in /etc/ssh/sshd_config.d] ***
skipping: [localhost]

TASK [/stigforge/roles/ol9_stig : Remove parameter from files in /etc/ssh/sshd_config.d] ***
skipping: [localhost]

TASK [/stigforge/roles/ol9_stig : Insert correct line to /etc/ssh/sshd_config.d/01-complianceascode-reinforce-os-defaults.conf] ***
skipping: [localhost]

TASK [/stigforge/roles/ol9_stig : Do Not Allow SSH Environment Options - set file mode for /etc/ssh/sshd_config.d/01-complianceascode-reinforce-os-defaults.conf] ***
skipping: [localhost]

TASK [/stigforge/roles/ol9_stig : Find sshd_config included files] *************
skipping: [localhost]

TASK [/stigforge/roles/ol9_stig : Comment conf from included files] ************
skipping: [localhost]

TASK [/stigforge/roles/ol9_stig : Deduplicate values from /etc/ssh/sshd_config] ***
skipping: [localhost]

TASK [/stigforge/roles/ol9_stig : Check if /etc/ssh/sshd_config.d exists] ******
skipping: [localhost]

TASK [/stigforge/roles/ol9_stig : Check if the parameter UsePAM is present in /etc/ssh/sshd_config.d] ***
skipping: [localhost]

TASK [/stigforge/roles/ol9_stig : Remove parameter from files in /etc/ssh/sshd_config.d] ***
skipping: [localhost]

TASK [/stigforge/roles/ol9_stig : Insert correct line to /etc/ssh/sshd_config.d/00-complianceascode-hardening.conf] ***
skipping: [localhost]

TASK [/stigforge/roles/ol9_stig : Enable PAM - set file mode for /etc/ssh/sshd_config.d/00-complianceascode-hardening.conf] ***
skipping: [localhost]

TASK [/stigforge/roles/ol9_stig : Find sshd_config included files] *************
skipping: [localhost]

TASK [/stigforge/roles/ol9_stig : Comment conf from included files] ************
skipping: [localhost]

TASK [/stigforge/roles/ol9_stig : Deduplicate values from /etc/ssh/sshd_config] ***
skipping: [localhost]

TASK [/stigforge/roles/ol9_stig : Check if /etc/ssh/sshd_config.d exists] ******
skipping: [localhost]

TASK [/stigforge/roles/ol9_stig : Check if the parameter PubkeyAuthentication is present in /etc/ssh/sshd_config.d] ***
skipping: [localhost]

TASK [/stigforge/roles/ol9_stig : Remove parameter from files in /etc/ssh/sshd_config.d] ***
skipping: [localhost]

TASK [/stigforge/roles/ol9_stig : Insert correct line to /etc/ssh/sshd_config.d/00-complianceascode-hardening.conf] ***
skipping: [localhost]

TASK [/stigforge/roles/ol9_stig : Enable Public Key Authentication - set file mode for /etc/ssh/sshd_config.d/00-complianceascode-hardening.conf] ***
skipping: [localhost]

TASK [/stigforge/roles/ol9_stig : Find sshd_config included files] *************
skipping: [localhost]

TASK [/stigforge/roles/ol9_stig : Comment conf from included files] ************
skipping: [localhost]

TASK [/stigforge/roles/ol9_stig : Deduplicate values from /etc/ssh/sshd_config] ***
skipping: [localhost]

TASK [/stigforge/roles/ol9_stig : Check if /etc/ssh/sshd_config.d exists] ******
skipping: [localhost]

TASK [/stigforge/roles/ol9_stig : Check if the parameter StrictModes is present in /etc/ssh/sshd_config.d] ***
skipping: [localhost]

TASK [/stigforge/roles/ol9_stig : Remove parameter from files in /etc/ssh/sshd_config.d] ***
skipping: [localhost]

TASK [/stigforge/roles/ol9_stig : Insert correct line to /etc/ssh/sshd_config.d/01-complianceascode-reinforce-os-defaults.conf] ***
skipping: [localhost]

TASK [/stigforge/roles/ol9_stig : Enable Use of Strict Mode Checking - set file mode for /etc/ssh/sshd_config.d/01-complianceascode-reinforce-os-defaults.conf] ***
skipping: [localhost]

TASK [/stigforge/roles/ol9_stig : Find sshd_config included files] *************
skipping: [localhost]

TASK [/stigforge/roles/ol9_stig : Comment conf from included files] ************
skipping: [localhost]

TASK [/stigforge/roles/ol9_stig : Deduplicate values from /etc/ssh/sshd_config] ***
skipping: [localhost]

TASK [/stigforge/roles/ol9_stig : Check if /etc/ssh/sshd_config.d exists] ******
skipping: [localhost]

TASK [/stigforge/roles/ol9_stig : Check if the parameter Banner is present in /etc/ssh/sshd_config.d] ***
skipping: [localhost]

TASK [/stigforge/roles/ol9_stig : Remove parameter from files in /etc/ssh/sshd_config.d] ***
skipping: [localhost]

TASK [/stigforge/roles/ol9_stig : Insert correct line to /etc/ssh/sshd_config.d/00-complianceascode-hardening.conf] ***
skipping: [localhost]

TASK [/stigforge/roles/ol9_stig : Enable SSH Warning Banner - set file mode for /etc/ssh/sshd_config.d/00-complianceascode-hardening.conf] ***
skipping: [localhost]

TASK [/stigforge/roles/ol9_stig : Find sshd_config included files] *************
skipping: [localhost]

TASK [/stigforge/roles/ol9_stig : Comment conf from included files] ************
skipping: [localhost]

TASK [/stigforge/roles/ol9_stig : Deduplicate values from /etc/ssh/sshd_config] ***
skipping: [localhost]

TASK [/stigforge/roles/ol9_stig : Check if /etc/ssh/sshd_config.d exists] ******
skipping: [localhost]

TASK [/stigforge/roles/ol9_stig : Check if the parameter PrintLastLog is present in /etc/ssh/sshd_config.d] ***
skipping: [localhost]

TASK [/stigforge/roles/ol9_stig : Remove parameter from files in /etc/ssh/sshd_config.d] ***
skipping: [localhost]

TASK [/stigforge/roles/ol9_stig : Insert correct line to /etc/ssh/sshd_config.d/01-complianceascode-reinforce-os-defaults.conf] ***
skipping: [localhost]

TASK [/stigforge/roles/ol9_stig : Enable SSH Print Last Log - set file mode for /etc/ssh/sshd_config.d/01-complianceascode-reinforce-os-defaults.conf] ***
skipping: [localhost]

TASK [/stigforge/roles/ol9_stig : Find sshd_config included files] *************
skipping: [localhost]

TASK [/stigforge/roles/ol9_stig : Comment conf from included files] ************
skipping: [localhost]

TASK [/stigforge/roles/ol9_stig : Deduplicate values from /etc/ssh/sshd_config] ***
skipping: [localhost]

TASK [/stigforge/roles/ol9_stig : Check if /etc/ssh/sshd_config.d exists] ******
skipping: [localhost]

TASK [/stigforge/roles/ol9_stig : Check if the parameter RekeyLimit is present in /etc/ssh/sshd_config.d] ***
skipping: [localhost]

TASK [/stigforge/roles/ol9_stig : Remove parameter from files in /etc/ssh/sshd_config.d] ***
skipping: [localhost]

TASK [/stigforge/roles/ol9_stig : Insert correct line to /etc/ssh/sshd_config.d/00-complianceascode-hardening.conf] ***
skipping: [localhost]

TASK [/stigforge/roles/ol9_stig : Force frequent session key renegotiation - set file mode for /etc/ssh/sshd_config.d/00-complianceascode-hardening.conf] ***
skipping: [localhost]

TASK [/stigforge/roles/ol9_stig : Find sshd_config included files] *************
skipping: [localhost]

TASK [/stigforge/roles/ol9_stig : Comment conf from included files] ************
skipping: [localhost]

TASK [/stigforge/roles/ol9_stig : Deduplicate values from /etc/ssh/sshd_config] ***
skipping: [localhost]

TASK [/stigforge/roles/ol9_stig : Check if /etc/ssh/sshd_config.d exists] ******
skipping: [localhost]

TASK [/stigforge/roles/ol9_stig : Check if the parameter LogLevel is present in /etc/ssh/sshd_config.d] ***
skipping: [localhost]

TASK [/stigforge/roles/ol9_stig : Remove parameter from files in /etc/ssh/sshd_config.d] ***
skipping: [localhost]

TASK [/stigforge/roles/ol9_stig : Insert correct line to /etc/ssh/sshd_config.d/00-complianceascode-hardening.conf] ***
skipping: [localhost]

TASK [/stigforge/roles/ol9_stig : Set SSH Daemon LogLevel to VERBOSE - set file mode for /etc/ssh/sshd_config.d/00-complianceascode-hardening.conf] ***
skipping: [localhost]

TASK [/stigforge/roles/ol9_stig : Find sshd_config included files] *************
skipping: [localhost]

TASK [/stigforge/roles/ol9_stig : Comment conf from included files] ************
skipping: [localhost]

TASK [/stigforge/roles/ol9_stig : Deduplicate values from /etc/ssh/sshd_config] ***
skipping: [localhost]

TASK [/stigforge/roles/ol9_stig : Check if /etc/ssh/sshd_config.d exists] ******
skipping: [localhost]

TASK [/stigforge/roles/ol9_stig : Check if the parameter X11UseLocalhost is present in /etc/ssh/sshd_config.d] ***
skipping: [localhost]

TASK [/stigforge/roles/ol9_stig : Remove parameter from files in /etc/ssh/sshd_config.d] ***
skipping: [localhost]

TASK [/stigforge/roles/ol9_stig : Insert correct line to /etc/ssh/sshd_config.d/01-complianceascode-reinforce-os-defaults.conf] ***
skipping: [localhost]

TASK [/stigforge/roles/ol9_stig : Prevent remote hosts from connecting to the proxy display - set file mode for /etc/ssh/sshd_config.d/01-complianceascode-reinforce-os-defaults.conf] ***
skipping: [localhost]

TASK [/stigforge/roles/ol9_stig : Test for domain group] ***********************
skipping: [localhost]

TASK [/stigforge/roles/ol9_stig : Add default domain group (if no domain there)] ***
skipping: [localhost] => (item={'section': 'sssd', 'option': 'domains', 'value': 'default'}) 
skipping: [localhost] => (item={'section': 'domain/default', 'option': 'id_provider', 'value': 'files'}) 
skipping: [localhost]

TASK [/stigforge/roles/ol9_stig : Configure SSD to Expire Offline Credentials] ***
skipping: [localhost]

TASK [/stigforge/roles/ol9_stig : Find all the conf files inside /etc/sssd/conf.d/] ***
skipping: [localhost]

TASK [/stigforge/roles/ol9_stig : Fix offline_credentials_expiration configuration in /etc/sssd/conf.d/] ***
skipping: [localhost]

TASK [/stigforge/roles/ol9_stig : Check for duplicate values] ******************
skipping: [localhost]

TASK [/stigforge/roles/ol9_stig : Deduplicate values from /etc/usbguard/usbguard-daemon.conf] ***
skipping: [localhost]

TASK [/stigforge/roles/ol9_stig : Insert correct line to /etc/usbguard/usbguard-daemon.conf] ***
skipping: [localhost]

TASK [/stigforge/roles/ol9_stig : Switch to multi-user runlevel] ***************
skipping: [localhost]

TASK [/stigforge/roles/ol9_stig : Update grub defaults and the bootloader menu] ***
skipping: [localhost]

TASK [/stigforge/roles/ol9_stig : Update grub defaults and the bootloader menu] ***
skipping: [localhost]

TASK [/stigforge/roles/ol9_stig : Collect all files from /etc/audit/rules.d with .rules extension] ***
skipping: [localhost]

TASK [/stigforge/roles/ol9_stig : Remove the -e option from all Audit config files] ***
skipping: [localhost]

TASK [/stigforge/roles/ol9_stig : Add Audit -e option into /etc/audit/rules.d/immutable.rules and /etc/audit/audit.rules] ***
skipping: [localhost] => (item=/etc/audit/audit.rules) 
skipping: [localhost] => (item=/etc/audit/rules.d/immutable.rules) 
skipping: [localhost]

TASK [/stigforge/roles/ol9_stig : Configure immutable Audit login UIDs: Determine if rules are loaded by auditctl] ***
skipping: [localhost]

TASK [/stigforge/roles/ol9_stig : Configure immutable Audit login UIDs: Configure immutable login UIDs in /etc/audit/audit.rules] ***
skipping: [localhost]

TASK [/stigforge/roles/ol9_stig : Configure immutable Audit login UIDs: Detect if immutable login UIDs are already defined in /etc/audit/rules.d/*.rules] ***
skipping: [localhost]

TASK [/stigforge/roles/ol9_stig : Configure immutable Audit login UIDs: set immutable login UIDS in /etc/audit/rules.d/immutable.rules] ***
skipping: [localhost]

TASK [/stigforge/roles/ol9_stig : Ensure auditd Collects System Administrator Actions - /etc/sudoers - Check if watch rule for /etc/sudoers already exists in /etc/audit/rules.d/] ***
skipping: [localhost]

TASK [/stigforge/roles/ol9_stig : Ensure auditd Collects System Administrator Actions - /etc/sudoers - Search /etc/audit/rules.d for other rules with specified key actions] ***
skipping: [localhost]

TASK [/stigforge/roles/ol9_stig : Ensure auditd Collects System Administrator Actions - /etc/sudoers - Use /etc/audit/rules.d/actions.rules as the recipient for the rule] ***
skipping: [localhost]

TASK [/stigforge/roles/ol9_stig : Ensure auditd Collects System Administrator Actions - /etc/sudoers - Use matched file as the recipient for the rule] ***
skipping: [localhost]

TASK [/stigforge/roles/ol9_stig : Ensure auditd Collects System Administrator Actions - /etc/sudoers - Add watch rule for /etc/sudoers in /etc/audit/rules.d/] ***
skipping: [localhost]

TASK [/stigforge/roles/ol9_stig : Ensure auditd Collects System Administrator Actions - /etc/sudoers - Check if watch rule for /etc/sudoers already exists in /etc/audit/audit.rules] ***
skipping: [localhost]

TASK [/stigforge/roles/ol9_stig : Ensure auditd Collects System Administrator Actions - /etc/sudoers - Add watch rule for /etc/sudoers in /etc/audit/audit.rules] ***
skipping: [localhost]

TASK [/stigforge/roles/ol9_stig : Ensure auditd Collects System Administrator Actions - /etc/sudoers.d/ - Check if watch rule for /etc/sudoers.d/ already exists in /etc/audit/rules.d/] ***
skipping: [localhost]

TASK [/stigforge/roles/ol9_stig : Ensure auditd Collects System Administrator Actions - /etc/sudoers.d/ - Search /etc/audit/rules.d for other rules with specified key actions] ***
skipping: [localhost]

TASK [/stigforge/roles/ol9_stig : Ensure auditd Collects System Administrator Actions - /etc/sudoers.d/ - Use /etc/audit/rules.d/actions.rules as the recipient for the rule] ***
skipping: [localhost]

TASK [/stigforge/roles/ol9_stig : Ensure auditd Collects System Administrator Actions - /etc/sudoers.d/ - Use matched file as the recipient for the rule] ***
skipping: [localhost]

TASK [/stigforge/roles/ol9_stig : Ensure auditd Collects System Administrator Actions - /etc/sudoers.d/ - Add watch rule for /etc/sudoers.d/ in /etc/audit/rules.d/] ***
skipping: [localhost]

TASK [/stigforge/roles/ol9_stig : Ensure auditd Collects System Administrator Actions - /etc/sudoers.d/ - Check if watch rule for /etc/sudoers.d/ already exists in /etc/audit/audit.rules] ***
skipping: [localhost]

TASK [/stigforge/roles/ol9_stig : Ensure auditd Collects System Administrator Actions - /etc/sudoers.d/ - Add watch rule for /etc/sudoers.d/ in /etc/audit/audit.rules] ***
skipping: [localhost]

TASK [/stigforge/roles/ol9_stig : Set suid_audit_rules fact] *******************
skipping: [localhost]

TASK [/stigforge/roles/ol9_stig : Update /etc/audit/rules.d/privileged.rules to audit privileged functions] ***
skipping: [localhost]

TASK [/stigforge/roles/ol9_stig : Update /etc/audit/audit.rules to audit privileged functions] ***
skipping: [localhost]

TASK [/stigforge/roles/ol9_stig : Restart Auditd] ******************************
skipping: [localhost]

TASK [/stigforge/roles/ol9_stig : Collect all files from /etc/audit/rules.d with .rules extension] ***
skipping: [localhost]

TASK [/stigforge/roles/ol9_stig : Remove the -f option from all Audit config files] ***
skipping: [localhost]

TASK [/stigforge/roles/ol9_stig : Add Audit -f option into /etc/audit/rules.d/immutable.rules and /etc/audit/audit.rules] ***
skipping: [localhost] => (item=/etc/audit/audit.rules) 
skipping: [localhost] => (item=/etc/audit/rules.d/immutable.rules) 
skipping: [localhost]

TASK [/stigforge/roles/ol9_stig : Record Events that Modify User/Group Information - /etc/group - Check if watch rule for /etc/group already exists in /etc/audit/rules.d/] ***
skipping: [localhost]

TASK [/stigforge/roles/ol9_stig : Record Events that Modify User/Group Information - /etc/group - Search /etc/audit/rules.d for other rules with specified key audit_rules_usergroup_modification] ***
skipping: [localhost]

TASK [/stigforge/roles/ol9_stig : Record Events that Modify User/Group Information - /etc/group - Use /etc/audit/rules.d/audit_rules_usergroup_modification.rules as the recipient for the rule] ***
skipping: [localhost]

TASK [/stigforge/roles/ol9_stig : Record Events that Modify User/Group Information - /etc/group - Use matched file as the recipient for the rule] ***
skipping: [localhost]

TASK [/stigforge/roles/ol9_stig : Record Events that Modify User/Group Information - /etc/group - Add watch rule for /etc/group in /etc/audit/rules.d/] ***
skipping: [localhost]

TASK [/stigforge/roles/ol9_stig : Record Events that Modify User/Group Information - /etc/group - Check if watch rule for /etc/group already exists in /etc/audit/audit.rules] ***
skipping: [localhost]

TASK [/stigforge/roles/ol9_stig : Record Events that Modify User/Group Information - /etc/group - Add watch rule for /etc/group in /etc/audit/audit.rules] ***
skipping: [localhost]

TASK [/stigforge/roles/ol9_stig : Record Events that Modify User/Group Information - /etc/gshadow - Check if watch rule for /etc/gshadow already exists in /etc/audit/rules.d/] ***
skipping: [localhost]

TASK [/stigforge/roles/ol9_stig : Record Events that Modify User/Group Information - /etc/gshadow - Search /etc/audit/rules.d for other rules with specified key audit_rules_usergroup_modification] ***
skipping: [localhost]

TASK [/stigforge/roles/ol9_stig : Record Events that Modify User/Group Information - /etc/gshadow - Use /etc/audit/rules.d/audit_rules_usergroup_modification.rules as the recipient for the rule] ***
skipping: [localhost]

TASK [/stigforge/roles/ol9_stig : Record Events that Modify User/Group Information - /etc/gshadow - Use matched file as the recipient for the rule] ***
skipping: [localhost]

TASK [/stigforge/roles/ol9_stig : Record Events that Modify User/Group Information - /etc/gshadow - Add watch rule for /etc/gshadow in /etc/audit/rules.d/] ***
skipping: [localhost]

TASK [/stigforge/roles/ol9_stig : Record Events that Modify User/Group Information - /etc/gshadow - Check if watch rule for /etc/gshadow already exists in /etc/audit/audit.rules] ***
skipping: [localhost]

TASK [/stigforge/roles/ol9_stig : Record Events that Modify User/Group Information - /etc/gshadow - Add watch rule for /etc/gshadow in /etc/audit/audit.rules] ***
skipping: [localhost]

TASK [/stigforge/roles/ol9_stig : Record Events that Modify User/Group Information - /etc/security/opasswd - Check if watch rule for /etc/security/opasswd already exists in /etc/audit/rules.d/] ***
skipping: [localhost]

TASK [/stigforge/roles/ol9_stig : Record Events that Modify User/Group Information - /etc/security/opasswd - Search /etc/audit/rules.d for other rules with specified key audit_rules_usergroup_modification] ***
skipping: [localhost]

TASK [/stigforge/roles/ol9_stig : Record Events that Modify User/Group Information - /etc/security/opasswd - Use /etc/audit/rules.d/audit_rules_usergroup_modification.rules as the recipient for the rule] ***
skipping: [localhost]

TASK [/stigforge/roles/ol9_stig : Record Events that Modify User/Group Information - /etc/security/opasswd - Use matched file as the recipient for the rule] ***
skipping: [localhost]

TASK [/stigforge/roles/ol9_stig : Record Events that Modify User/Group Information - /etc/security/opasswd - Add watch rule for /etc/security/opasswd in /etc/audit/rules.d/] ***
skipping: [localhost]

TASK [/stigforge/roles/ol9_stig : Record Events that Modify User/Group Information - /etc/security/opasswd - Check if watch rule for /etc/security/opasswd already exists in /etc/audit/audit.rules] ***
skipping: [localhost]

TASK [/stigforge/roles/ol9_stig : Record Events that Modify User/Group Information - /etc/security/opasswd - Add watch rule for /etc/security/opasswd in /etc/audit/audit.rules] ***
skipping: [localhost]

TASK [/stigforge/roles/ol9_stig : Record Events that Modify User/Group Information - /etc/passwd - Check if watch rule for /etc/passwd already exists in /etc/audit/rules.d/] ***
skipping: [localhost]

TASK [/stigforge/roles/ol9_stig : Record Events that Modify User/Group Information - /etc/passwd - Search /etc/audit/rules.d for other rules with specified key audit_rules_usergroup_modification_passwd] ***
skipping: [localhost]

TASK [/stigforge/roles/ol9_stig : Record Events that Modify User/Group Information - /etc/passwd - Use /etc/audit/rules.d/audit_rules_usergroup_modification_passwd.rules as the recipient for the rule] ***
skipping: [localhost]

TASK [/stigforge/roles/ol9_stig : Record Events that Modify User/Group Information - /etc/passwd - Use matched file as the recipient for the rule] ***
skipping: [localhost]

TASK [/stigforge/roles/ol9_stig : Record Events that Modify User/Group Information - /etc/passwd - Add watch rule for /etc/passwd in /etc/audit/rules.d/] ***
skipping: [localhost]

TASK [/stigforge/roles/ol9_stig : Record Events that Modify User/Group Information - /etc/passwd - Check if watch rule for /etc/passwd already exists in /etc/audit/audit.rules] ***
skipping: [localhost]

TASK [/stigforge/roles/ol9_stig : Record Events that Modify User/Group Information - /etc/passwd - Add watch rule for /etc/passwd in /etc/audit/audit.rules] ***
skipping: [localhost]

TASK [/stigforge/roles/ol9_stig : Record Events that Modify User/Group Information - /etc/shadow - Check if watch rule for /etc/shadow already exists in /etc/audit/rules.d/] ***
skipping: [localhost]

TASK [/stigforge/roles/ol9_stig : Record Events that Modify User/Group Information - /etc/shadow - Search /etc/audit/rules.d for other rules with specified key audit_rules_usergroup_modification] ***
skipping: [localhost]

TASK [/stigforge/roles/ol9_stig : Record Events that Modify User/Group Information - /etc/shadow - Use /etc/audit/rules.d/audit_rules_usergroup_modification.rules as the recipient for the rule] ***
skipping: [localhost]

TASK [/stigforge/roles/ol9_stig : Record Events that Modify User/Group Information - /etc/shadow - Use matched file as the recipient for the rule] ***
skipping: [localhost]

TASK [/stigforge/roles/ol9_stig : Record Events that Modify User/Group Information - /etc/shadow - Add watch rule for /etc/shadow in /etc/audit/rules.d/] ***
skipping: [localhost]

TASK [/stigforge/roles/ol9_stig : Record Events that Modify User/Group Information - /etc/shadow - Check if watch rule for /etc/shadow already exists in /etc/audit/audit.rules] ***
skipping: [localhost]

TASK [/stigforge/roles/ol9_stig : Record Events that Modify User/Group Information - /etc/shadow - Add watch rule for /etc/shadow in /etc/audit/audit.rules] ***
skipping: [localhost]

TASK [/stigforge/roles/ol9_stig : System Audit Directories Must Be Group Owned By Root - Register Audit Configuration Text] ***
skipping: [localhost]

TASK [/stigforge/roles/ol9_stig : System Audit Directories Must Be Group Owned By Root - Set Permissions Custom Location] ***
skipping: [localhost]

TASK [/stigforge/roles/ol9_stig : System Audit Directories Must Be Owned By Root - Register Audit Configuration Text] ***
skipping: [localhost]

TASK [/stigforge/roles/ol9_stig : System Audit Directories Must Be Owned By Root - Set Permissions Custom Location] ***
skipping: [localhost]

TASK [/stigforge/roles/ol9_stig : Get audit log files] *************************
skipping: [localhost]

TASK [/stigforge/roles/ol9_stig : Parse log file line] *************************
skipping: [localhost]

TASK [/stigforge/roles/ol9_stig : Set default log_file if not set] *************
skipping: [localhost]

TASK [/stigforge/roles/ol9_stig : Set log_file from log_file_line if not set already] ***
skipping: [localhost]

TASK [/stigforge/roles/ol9_stig : Apply mode to log file] **********************
skipping: [localhost]

TASK [/stigforge/roles/ol9_stig : Set architecture for audit chmod tasks] ******
skipping: [localhost]

TASK [/stigforge/roles/ol9_stig : Declare list of syscalls] ********************
skipping: [localhost]

TASK [/stigforge/roles/ol9_stig : Check existence of chmod in /etc/audit/rules.d/] ***
skipping: [localhost]

TASK [/stigforge/roles/ol9_stig : Reset syscalls found per file] ***************
skipping: [localhost]

TASK [/stigforge/roles/ol9_stig : Declare syscalls found per file] *************
skipping: [localhost]

TASK [/stigforge/roles/ol9_stig : Declare files where syscalls were found] *****
skipping: [localhost]

TASK [/stigforge/roles/ol9_stig : Count occurrences of syscalls in paths] ******
skipping: [localhost]

TASK [/stigforge/roles/ol9_stig : Get path with most syscalls] *****************
skipping: [localhost]

TASK [/stigforge/roles/ol9_stig : No file with syscall found, set path to /etc/audit/rules.d/perm_mod.rules] ***
skipping: [localhost]

TASK [/stigforge/roles/ol9_stig : Declare found syscalls] **********************
skipping: [localhost]

TASK [/stigforge/roles/ol9_stig : Declare missing syscalls] ********************
skipping: [localhost]

TASK [/stigforge/roles/ol9_stig : Replace the audit rule in {{ audit_file }}] ***
skipping: [localhost]

TASK [/stigforge/roles/ol9_stig : Add the audit rule to {{ audit_file }}] ******
skipping: [localhost]

TASK [/stigforge/roles/ol9_stig : Declare list of syscalls] ********************
skipping: [localhost]

TASK [/stigforge/roles/ol9_stig : Check existence of chmod in /etc/audit/audit.rules] ***
skipping: [localhost]

TASK [/stigforge/roles/ol9_stig : Set path to /etc/audit/audit.rules] **********
skipping: [localhost]

TASK [/stigforge/roles/ol9_stig : Declare found syscalls] **********************
skipping: [localhost]

TASK [/stigforge/roles/ol9_stig : Declare missing syscalls] ********************
skipping: [localhost]

TASK [/stigforge/roles/ol9_stig : Replace the audit rule in {{ audit_file }}] ***
skipping: [localhost]

TASK [/stigforge/roles/ol9_stig : Add the audit rule to {{ audit_file }}] ******
skipping: [localhost]

TASK [/stigforge/roles/ol9_stig : Declare list of syscalls] ********************
skipping: [localhost]

TASK [/stigforge/roles/ol9_stig : Check existence of chmod in /etc/audit/rules.d/] ***
skipping: [localhost]

TASK [/stigforge/roles/ol9_stig : Reset syscalls found per file] ***************
skipping: [localhost]

TASK [/stigforge/roles/ol9_stig : Declare syscalls found per file] *************
skipping: [localhost]

TASK [/stigforge/roles/ol9_stig : Declare files where syscalls were found] *****
skipping: [localhost]

TASK [/stigforge/roles/ol9_stig : Count occurrences of syscalls in paths] ******
skipping: [localhost]

TASK [/stigforge/roles/ol9_stig : Get path with most syscalls] *****************
skipping: [localhost]

TASK [/stigforge/roles/ol9_stig : No file with syscall found, set path to /etc/audit/rules.d/perm_mod.rules] ***
skipping: [localhost]

TASK [/stigforge/roles/ol9_stig : Declare found syscalls] **********************
skipping: [localhost]

TASK [/stigforge/roles/ol9_stig : Declare missing syscalls] ********************
skipping: [localhost]

TASK [/stigforge/roles/ol9_stig : Replace the audit rule in {{ audit_file }}] ***
skipping: [localhost]

TASK [/stigforge/roles/ol9_stig : Add the audit rule to {{ audit_file }}] ******
skipping: [localhost]

TASK [/stigforge/roles/ol9_stig : Declare list of syscalls] ********************
skipping: [localhost]

TASK [/stigforge/roles/ol9_stig : Check existence of chmod in /etc/audit/audit.rules] ***
skipping: [localhost]

TASK [/stigforge/roles/ol9_stig : Set path to /etc/audit/audit.rules] **********
skipping: [localhost]

TASK [/stigforge/roles/ol9_stig : Declare found syscalls] **********************
skipping: [localhost]

TASK [/stigforge/roles/ol9_stig : Declare missing syscalls] ********************
skipping: [localhost]

TASK [/stigforge/roles/ol9_stig : Replace the audit rule in {{ audit_file }}] ***
skipping: [localhost]

TASK [/stigforge/roles/ol9_stig : Add the audit rule to {{ audit_file }}] ******
skipping: [localhost]

TASK [/stigforge/roles/ol9_stig : Set architecture for audit chown tasks] ******
skipping: [localhost]

TASK [/stigforge/roles/ol9_stig : Declare list of syscalls] ********************
skipping: [localhost]

TASK [/stigforge/roles/ol9_stig : Check existence of chown in /etc/audit/rules.d/] ***
skipping: [localhost]

TASK [/stigforge/roles/ol9_stig : Reset syscalls found per file] ***************
skipping: [localhost]

TASK [/stigforge/roles/ol9_stig : Declare syscalls found per file] *************
skipping: [localhost]

TASK [/stigforge/roles/ol9_stig : Declare files where syscalls were found] *****
skipping: [localhost]

TASK [/stigforge/roles/ol9_stig : Count occurrences of syscalls in paths] ******
skipping: [localhost]

TASK [/stigforge/roles/ol9_stig : Get path with most syscalls] *****************
skipping: [localhost]

TASK [/stigforge/roles/ol9_stig : No file with syscall found, set path to /etc/audit/rules.d/perm_mod.rules] ***
skipping: [localhost]

TASK [/stigforge/roles/ol9_stig : Declare found syscalls] **********************
skipping: [localhost]

TASK [/stigforge/roles/ol9_stig : Declare missing syscalls] ********************
skipping: [localhost]

TASK [/stigforge/roles/ol9_stig : Replace the audit rule in {{ audit_file }}] ***
skipping: [localhost]

TASK [/stigforge/roles/ol9_stig : Add the audit rule to {{ audit_file }}] ******
skipping: [localhost]

TASK [/stigforge/roles/ol9_stig : Declare list of syscalls] ********************
skipping: [localhost]

TASK [/stigforge/roles/ol9_stig : Check existence of chown in /etc/audit/audit.rules] ***
skipping: [localhost]

TASK [/stigforge/roles/ol9_stig : Set path to /etc/audit/audit.rules] **********
skipping: [localhost]

TASK [/stigforge/roles/ol9_stig : Declare found syscalls] **********************
skipping: [localhost]

TASK [/stigforge/roles/ol9_stig : Declare missing syscalls] ********************
skipping: [localhost]

TASK [/stigforge/roles/ol9_stig : Replace the audit rule in {{ audit_file }}] ***
skipping: [localhost]

TASK [/stigforge/roles/ol9_stig : Add the audit rule to {{ audit_file }}] ******
skipping: [localhost]

TASK [/stigforge/roles/ol9_stig : Declare list of syscalls] ********************
skipping: [localhost]

TASK [/stigforge/roles/ol9_stig : Check existence of chown in /etc/audit/rules.d/] ***
skipping: [localhost]

TASK [/stigforge/roles/ol9_stig : Reset syscalls found per file] ***************
skipping: [localhost]

TASK [/stigforge/roles/ol9_stig : Declare syscalls found per file] *************
skipping: [localhost]

TASK [/stigforge/roles/ol9_stig : Declare files where syscalls were found] *****
skipping: [localhost]

TASK [/stigforge/roles/ol9_stig : Count occurrences of syscalls in paths] ******
skipping: [localhost]

TASK [/stigforge/roles/ol9_stig : Get path with most syscalls] *****************
skipping: [localhost]

TASK [/stigforge/roles/ol9_stig : No file with syscall found, set path to /etc/audit/rules.d/perm_mod.rules] ***
skipping: [localhost]

TASK [/stigforge/roles/ol9_stig : Declare found syscalls] **********************
skipping: [localhost]

TASK [/stigforge/roles/ol9_stig : Declare missing syscalls] ********************
skipping: [localhost]

TASK [/stigforge/roles/ol9_stig : Replace the audit rule in {{ audit_file }}] ***
skipping: [localhost]

TASK [/stigforge/roles/ol9_stig : Add the audit rule to {{ audit_file }}] ******
skipping: [localhost]

TASK [/stigforge/roles/ol9_stig : Declare list of syscalls] ********************
skipping: [localhost]

TASK [/stigforge/roles/ol9_stig : Check existence of chown in /etc/audit/audit.rules] ***
skipping: [localhost]

TASK [/stigforge/roles/ol9_stig : Set path to /etc/audit/audit.rules] **********
skipping: [localhost]

TASK [/stigforge/roles/ol9_stig : Declare found syscalls] **********************
skipping: [localhost]

TASK [/stigforge/roles/ol9_stig : Declare missing syscalls] ********************
skipping: [localhost]

TASK [/stigforge/roles/ol9_stig : Replace the audit rule in {{ audit_file }}] ***
skipping: [localhost]

TASK [/stigforge/roles/ol9_stig : Add the audit rule to {{ audit_file }}] ******
skipping: [localhost]

TASK [/stigforge/roles/ol9_stig : Set architecture for audit fchmod tasks] *****
skipping: [localhost]

TASK [/stigforge/roles/ol9_stig : Declare list of syscalls] ********************
skipping: [localhost]

TASK [/stigforge/roles/ol9_stig : Check existence of fchmod in /etc/audit/rules.d/] ***
skipping: [localhost]

TASK [/stigforge/roles/ol9_stig : Reset syscalls found per file] ***************
skipping: [localhost]

TASK [/stigforge/roles/ol9_stig : Declare syscalls found per file] *************
skipping: [localhost]

TASK [/stigforge/roles/ol9_stig : Declare files where syscalls were found] *****
skipping: [localhost]

TASK [/stigforge/roles/ol9_stig : Count occurrences of syscalls in paths] ******
skipping: [localhost]

TASK [/stigforge/roles/ol9_stig : Get path with most syscalls] *****************
skipping: [localhost]

TASK [/stigforge/roles/ol9_stig : No file with syscall found, set path to /etc/audit/rules.d/perm_mod.rules] ***
skipping: [localhost]

TASK [/stigforge/roles/ol9_stig : Declare found syscalls] **********************
skipping: [localhost]

TASK [/stigforge/roles/ol9_stig : Declare missing syscalls] ********************
skipping: [localhost]

TASK [/stigforge/roles/ol9_stig : Replace the audit rule in {{ audit_file }}] ***
skipping: [localhost]

TASK [/stigforge/roles/ol9_stig : Add the audit rule to {{ audit_file }}] ******
skipping: [localhost]

TASK [/stigforge/roles/ol9_stig : Declare list of syscalls] ********************
skipping: [localhost]

TASK [/stigforge/roles/ol9_stig : Check existence of fchmod in /etc/audit/audit.rules] ***
skipping: [localhost]

TASK [/stigforge/roles/ol9_stig : Set path to /etc/audit/audit.rules] **********
skipping: [localhost]

TASK [/stigforge/roles/ol9_stig : Declare found syscalls] **********************
skipping: [localhost]

TASK [/stigforge/roles/ol9_stig : Declare missing syscalls] ********************
skipping: [localhost]

TASK [/stigforge/roles/ol9_stig : Replace the audit rule in {{ audit_file }}] ***
skipping: [localhost]

TASK [/stigforge/roles/ol9_stig : Add the audit rule to {{ audit_file }}] ******
skipping: [localhost]

TASK [/stigforge/roles/ol9_stig : Declare list of syscalls] ********************
skipping: [localhost]

TASK [/stigforge/roles/ol9_stig : Check existence of fchmod in /etc/audit/rules.d/] ***
skipping: [localhost]

TASK [/stigforge/roles/ol9_stig : Reset syscalls found per file] ***************
skipping: [localhost]

TASK [/stigforge/roles/ol9_stig : Declare syscalls found per file] *************
skipping: [localhost]

TASK [/stigforge/roles/ol9_stig : Declare files where syscalls were found] *****
skipping: [localhost]

TASK [/stigforge/roles/ol9_stig : Count occurrences of syscalls in paths] ******
skipping: [localhost]

TASK [/stigforge/roles/ol9_stig : Get path with most syscalls] *****************
skipping: [localhost]

TASK [/stigforge/roles/ol9_stig : No file with syscall found, set path to /etc/audit/rules.d/perm_mod.rules] ***
skipping: [localhost]

TASK [/stigforge/roles/ol9_stig : Declare found syscalls] **********************
skipping: [localhost]

TASK [/stigforge/roles/ol9_stig : Declare missing syscalls] ********************
skipping: [localhost]

TASK [/stigforge/roles/ol9_stig : Replace the audit rule in {{ audit_file }}] ***
skipping: [localhost]

TASK [/stigforge/roles/ol9_stig : Add the audit rule to {{ audit_file }}] ******
skipping: [localhost]

TASK [/stigforge/roles/ol9_stig : Declare list of syscalls] ********************
skipping: [localhost]

TASK [/stigforge/roles/ol9_stig : Check existence of fchmod in /etc/audit/audit.rules] ***
skipping: [localhost]

TASK [/stigforge/roles/ol9_stig : Set path to /etc/audit/audit.rules] **********
skipping: [localhost]

TASK [/stigforge/roles/ol9_stig : Declare found syscalls] **********************
skipping: [localhost]

TASK [/stigforge/roles/ol9_stig : Declare missing syscalls] ********************
skipping: [localhost]

TASK [/stigforge/roles/ol9_stig : Replace the audit rule in {{ audit_file }}] ***
skipping: [localhost]

TASK [/stigforge/roles/ol9_stig : Add the audit rule to {{ audit_file }}] ******
skipping: [localhost]

TASK [/stigforge/roles/ol9_stig : Set architecture for audit fchmodat tasks] ***
skipping: [localhost]

TASK [/stigforge/roles/ol9_stig : Declare list of syscalls] ********************
skipping: [localhost]

TASK [/stigforge/roles/ol9_stig : Check existence of fchmodat in /etc/audit/rules.d/] ***
skipping: [localhost]

TASK [/stigforge/roles/ol9_stig : Reset syscalls found per file] ***************
skipping: [localhost]

TASK [/stigforge/roles/ol9_stig : Declare syscalls found per file] *************
skipping: [localhost]

TASK [/stigforge/roles/ol9_stig : Declare files where syscalls were found] *****
skipping: [localhost]

TASK [/stigforge/roles/ol9_stig : Count occurrences of syscalls in paths] ******
skipping: [localhost]

TASK [/stigforge/roles/ol9_stig : Get path with most syscalls] *****************
skipping: [localhost]

TASK [/stigforge/roles/ol9_stig : No file with syscall found, set path to /etc/audit/rules.d/perm_mod.rules] ***
skipping: [localhost]

TASK [/stigforge/roles/ol9_stig : Declare found syscalls] **********************
skipping: [localhost]

TASK [/stigforge/roles/ol9_stig : Declare missing syscalls] ********************
skipping: [localhost]

TASK [/stigforge/roles/ol9_stig : Replace the audit rule in {{ audit_file }}] ***
skipping: [localhost]

TASK [/stigforge/roles/ol9_stig : Add the audit rule to {{ audit_file }}] ******
skipping: [localhost]

TASK [/stigforge/roles/ol9_stig : Declare list of syscalls] ********************
skipping: [localhost]

TASK [/stigforge/roles/ol9_stig : Check existence of fchmodat in /etc/audit/audit.rules] ***
skipping: [localhost]

TASK [/stigforge/roles/ol9_stig : Set path to /etc/audit/audit.rules] **********
skipping: [localhost]

TASK [/stigforge/roles/ol9_stig : Declare found syscalls] **********************
skipping: [localhost]

TASK [/stigforge/roles/ol9_stig : Declare missing syscalls] ********************
skipping: [localhost]

TASK [/stigforge/roles/ol9_stig : Replace the audit rule in {{ audit_file }}] ***
skipping: [localhost]

TASK [/stigforge/roles/ol9_stig : Add the audit rule to {{ audit_file }}] ******
skipping: [localhost]

TASK [/stigforge/roles/ol9_stig : Declare list of syscalls] ********************
skipping: [localhost]

TASK [/stigforge/roles/ol9_stig : Check existence of fchmodat in /etc/audit/rules.d/] ***
skipping: [localhost]

TASK [/stigforge/roles/ol9_stig : Reset syscalls found per file] ***************
skipping: [localhost]

TASK [/stigforge/roles/ol9_stig : Declare syscalls found per file] *************
skipping: [localhost]

TASK [/stigforge/roles/ol9_stig : Declare files where syscalls were found] *****
skipping: [localhost]

TASK [/stigforge/roles/ol9_stig : Count occurrences of syscalls in paths] ******
skipping: [localhost]

TASK [/stigforge/roles/ol9_stig : Get path with most syscalls] *****************
skipping: [localhost]

TASK [/stigforge/roles/ol9_stig : No file with syscall found, set path to /etc/audit/rules.d/perm_mod.rules] ***
skipping: [localhost]

TASK [/stigforge/roles/ol9_stig : Declare found syscalls] **********************
skipping: [localhost]

TASK [/stigforge/roles/ol9_stig : Declare missing syscalls] ********************
skipping: [localhost]

TASK [/stigforge/roles/ol9_stig : Replace the audit rule in {{ audit_file }}] ***
skipping: [localhost]

TASK [/stigforge/roles/ol9_stig : Add the audit rule to {{ audit_file }}] ******
skipping: [localhost]

TASK [/stigforge/roles/ol9_stig : Declare list of syscalls] ********************
skipping: [localhost]

TASK [/stigforge/roles/ol9_stig : Check existence of fchmodat in /etc/audit/audit.rules] ***
skipping: [localhost]

TASK [/stigforge/roles/ol9_stig : Set path to /etc/audit/audit.rules] **********
skipping: [localhost]

TASK [/stigforge/roles/ol9_stig : Declare found syscalls] **********************
skipping: [localhost]

TASK [/stigforge/roles/ol9_stig : Declare missing syscalls] ********************
skipping: [localhost]

TASK [/stigforge/roles/ol9_stig : Replace the audit rule in {{ audit_file }}] ***
skipping: [localhost]

TASK [/stigforge/roles/ol9_stig : Add the audit rule to {{ audit_file }}] ******
skipping: [localhost]

TASK [/stigforge/roles/ol9_stig : Set architecture for audit fchown tasks] *****
skipping: [localhost]

TASK [/stigforge/roles/ol9_stig : Declare list of syscalls] ********************
skipping: [localhost]

TASK [/stigforge/roles/ol9_stig : Check existence of fchown in /etc/audit/rules.d/] ***
skipping: [localhost]

TASK [/stigforge/roles/ol9_stig : Reset syscalls found per file] ***************
skipping: [localhost]

TASK [/stigforge/roles/ol9_stig : Declare syscalls found per file] *************
skipping: [localhost]

TASK [/stigforge/roles/ol9_stig : Declare files where syscalls were found] *****
skipping: [localhost]

TASK [/stigforge/roles/ol9_stig : Count occurrences of syscalls in paths] ******
skipping: [localhost]

TASK [/stigforge/roles/ol9_stig : Get path with most syscalls] *****************
skipping: [localhost]

TASK [/stigforge/roles/ol9_stig : No file with syscall found, set path to /etc/audit/rules.d/perm_mod.rules] ***
skipping: [localhost]

TASK [/stigforge/roles/ol9_stig : Declare found syscalls] **********************
skipping: [localhost]

TASK [/stigforge/roles/ol9_stig : Declare missing syscalls] ********************
skipping: [localhost]

TASK [/stigforge/roles/ol9_stig : Replace the audit rule in {{ audit_file }}] ***
skipping: [localhost]

TASK [/stigforge/roles/ol9_stig : Add the audit rule to {{ audit_file }}] ******
skipping: [localhost]

TASK [/stigforge/roles/ol9_stig : Declare list of syscalls] ********************
skipping: [localhost]

TASK [/stigforge/roles/ol9_stig : Check existence of fchown in /etc/audit/audit.rules] ***
skipping: [localhost]

TASK [/stigforge/roles/ol9_stig : Set path to /etc/audit/audit.rules] **********
skipping: [localhost]

TASK [/stigforge/roles/ol9_stig : Declare found syscalls] **********************
skipping: [localhost]

TASK [/stigforge/roles/ol9_stig : Declare missing syscalls] ********************
skipping: [localhost]

TASK [/stigforge/roles/ol9_stig : Replace the audit rule in {{ audit_file }}] ***
skipping: [localhost]

TASK [/stigforge/roles/ol9_stig : Add the audit rule to {{ audit_file }}] ******
skipping: [localhost]

TASK [/stigforge/roles/ol9_stig : Declare list of syscalls] ********************
skipping: [localhost]

TASK [/stigforge/roles/ol9_stig : Check existence of fchown in /etc/audit/rules.d/] ***
skipping: [localhost]

TASK [/stigforge/roles/ol9_stig : Reset syscalls found per file] ***************
skipping: [localhost]

TASK [/stigforge/roles/ol9_stig : Declare syscalls found per file] *************
skipping: [localhost]

TASK [/stigforge/roles/ol9_stig : Declare files where syscalls were found] *****
skipping: [localhost]

TASK [/stigforge/roles/ol9_stig : Count occurrences of syscalls in paths] ******
skipping: [localhost]

TASK [/stigforge/roles/ol9_stig : Get path with most syscalls] *****************
skipping: [localhost]

TASK [/stigforge/roles/ol9_stig : No file with syscall found, set path to /etc/audit/rules.d/perm_mod.rules] ***
skipping: [localhost]

TASK [/stigforge/roles/ol9_stig : Declare found syscalls] **********************
skipping: [localhost]

TASK [/stigforge/roles/ol9_stig : Declare missing syscalls] ********************
skipping: [localhost]

TASK [/stigforge/roles/ol9_stig : Replace the audit rule in {{ audit_file }}] ***
skipping: [localhost]

TASK [/stigforge/roles/ol9_stig : Add the audit rule to {{ audit_file }}] ******
skipping: [localhost]

TASK [/stigforge/roles/ol9_stig : Declare list of syscalls] ********************
skipping: [localhost]

TASK [/stigforge/roles/ol9_stig : Check existence of fchown in /etc/audit/audit.rules] ***
skipping: [localhost]

TASK [/stigforge/roles/ol9_stig : Set path to /etc/audit/audit.rules] **********
skipping: [localhost]

TASK [/stigforge/roles/ol9_stig : Declare found syscalls] **********************
skipping: [localhost]

TASK [/stigforge/roles/ol9_stig : Declare missing syscalls] ********************
skipping: [localhost]

TASK [/stigforge/roles/ol9_stig : Replace the audit rule in {{ audit_file }}] ***
skipping: [localhost]

TASK [/stigforge/roles/ol9_stig : Add the audit rule to {{ audit_file }}] ******
skipping: [localhost]

TASK [/stigforge/roles/ol9_stig : Set architecture for audit fchownat tasks] ***
skipping: [localhost]

TASK [/stigforge/roles/ol9_stig : Declare list of syscalls] ********************
skipping: [localhost]

TASK [/stigforge/roles/ol9_stig : Check existence of fchownat in /etc/audit/rules.d/] ***
skipping: [localhost]

TASK [/stigforge/roles/ol9_stig : Reset syscalls found per file] ***************
skipping: [localhost]

TASK [/stigforge/roles/ol9_stig : Declare syscalls found per file] *************
skipping: [localhost]

TASK [/stigforge/roles/ol9_stig : Declare files where syscalls were found] *****
skipping: [localhost]

TASK [/stigforge/roles/ol9_stig : Count occurrences of syscalls in paths] ******
skipping: [localhost]

TASK [/stigforge/roles/ol9_stig : Get path with most syscalls] *****************
skipping: [localhost]

TASK [/stigforge/roles/ol9_stig : No file with syscall found, set path to /etc/audit/rules.d/perm_mod.rules] ***
skipping: [localhost]

TASK [/stigforge/roles/ol9_stig : Declare found syscalls] **********************
skipping: [localhost]

TASK [/stigforge/roles/ol9_stig : Declare missing syscalls] ********************
skipping: [localhost]

TASK [/stigforge/roles/ol9_stig : Replace the audit rule in {{ audit_file }}] ***
skipping: [localhost]

TASK [/stigforge/roles/ol9_stig : Add the audit rule to {{ audit_file }}] ******
skipping: [localhost]

TASK [/stigforge/roles/ol9_stig : Declare list of syscalls] ********************
skipping: [localhost]

TASK [/stigforge/roles/ol9_stig : Check existence of fchownat in /etc/audit/audit.rules] ***
skipping: [localhost]

TASK [/stigforge/roles/ol9_stig : Set path to /etc/audit/audit.rules] **********
skipping: [localhost]

TASK [/stigforge/roles/ol9_stig : Declare found syscalls] **********************
skipping: [localhost]

TASK [/stigforge/roles/ol9_stig : Declare missing syscalls] ********************
skipping: [localhost]

TASK [/stigforge/roles/ol9_stig : Replace the audit rule in {{ audit_file }}] ***
skipping: [localhost]

TASK [/stigforge/roles/ol9_stig : Add the audit rule to {{ audit_file }}] ******
skipping: [localhost]

TASK [/stigforge/roles/ol9_stig : Declare list of syscalls] ********************
skipping: [localhost]

TASK [/stigforge/roles/ol9_stig : Check existence of fchownat in /etc/audit/rules.d/] ***
skipping: [localhost]

TASK [/stigforge/roles/ol9_stig : Reset syscalls found per file] ***************
skipping: [localhost]

TASK [/stigforge/roles/ol9_stig : Declare syscalls found per file] *************
skipping: [localhost]

TASK [/stigforge/roles/ol9_stig : Declare files where syscalls were found] *****
skipping: [localhost]

TASK [/stigforge/roles/ol9_stig : Count occurrences of syscalls in paths] ******
skipping: [localhost]

TASK [/stigforge/roles/ol9_stig : Get path with most syscalls] *****************
skipping: [localhost]

TASK [/stigforge/roles/ol9_stig : No file with syscall found, set path to /etc/audit/rules.d/perm_mod.rules] ***
skipping: [localhost]

TASK [/stigforge/roles/ol9_stig : Declare found syscalls] **********************
skipping: [localhost]

TASK [/stigforge/roles/ol9_stig : Declare missing syscalls] ********************
skipping: [localhost]

TASK [/stigforge/roles/ol9_stig : Replace the audit rule in {{ audit_file }}] ***
skipping: [localhost]

TASK [/stigforge/roles/ol9_stig : Add the audit rule to {{ audit_file }}] ******
skipping: [localhost]

TASK [/stigforge/roles/ol9_stig : Declare list of syscalls] ********************
skipping: [localhost]

TASK [/stigforge/roles/ol9_stig : Check existence of fchownat in /etc/audit/audit.rules] ***
skipping: [localhost]

TASK [/stigforge/roles/ol9_stig : Set path to /etc/audit/audit.rules] **********
skipping: [localhost]

TASK [/stigforge/roles/ol9_stig : Declare found syscalls] **********************
skipping: [localhost]

TASK [/stigforge/roles/ol9_stig : Declare missing syscalls] ********************
skipping: [localhost]

TASK [/stigforge/roles/ol9_stig : Replace the audit rule in {{ audit_file }}] ***
skipping: [localhost]

TASK [/stigforge/roles/ol9_stig : Add the audit rule to {{ audit_file }}] ******
skipping: [localhost]

TASK [/stigforge/roles/ol9_stig : Set architecture for audit fremovexattr tasks] ***
skipping: [localhost]

TASK [/stigforge/roles/ol9_stig : Declare list of syscalls] ********************
skipping: [localhost]

TASK [/stigforge/roles/ol9_stig : Check existence of fremovexattr in /etc/audit/rules.d/] ***
skipping: [localhost]

TASK [/stigforge/roles/ol9_stig : Reset syscalls found per file] ***************
skipping: [localhost]

TASK [/stigforge/roles/ol9_stig : Declare syscalls found per file] *************
skipping: [localhost]

TASK [/stigforge/roles/ol9_stig : Declare files where syscalls were found] *****
skipping: [localhost]

TASK [/stigforge/roles/ol9_stig : Count occurrences of syscalls in paths] ******
skipping: [localhost]

TASK [/stigforge/roles/ol9_stig : Get path with most syscalls] *****************
skipping: [localhost]

TASK [/stigforge/roles/ol9_stig : No file with syscall found, set path to /etc/audit/rules.d/perm_mod.rules] ***
skipping: [localhost]

TASK [/stigforge/roles/ol9_stig : Declare found syscalls] **********************
skipping: [localhost]

TASK [/stigforge/roles/ol9_stig : Declare missing syscalls] ********************
skipping: [localhost]

TASK [/stigforge/roles/ol9_stig : Replace the audit rule in {{ audit_file }}] ***
skipping: [localhost]

TASK [/stigforge/roles/ol9_stig : Add the audit rule to {{ audit_file }}] ******
skipping: [localhost]

TASK [/stigforge/roles/ol9_stig : Declare list of syscalls] ********************
skipping: [localhost]

TASK [/stigforge/roles/ol9_stig : Check existence of fremovexattr in /etc/audit/audit.rules] ***
skipping: [localhost]

TASK [/stigforge/roles/ol9_stig : Set path to /etc/audit/audit.rules] **********
skipping: [localhost]

TASK [/stigforge/roles/ol9_stig : Declare found syscalls] **********************
skipping: [localhost]

TASK [/stigforge/roles/ol9_stig : Declare missing syscalls] ********************
skipping: [localhost]

TASK [/stigforge/roles/ol9_stig : Replace the audit rule in {{ audit_file }}] ***
skipping: [localhost]

TASK [/stigforge/roles/ol9_stig : Add the audit rule to {{ audit_file }}] ******
skipping: [localhost]

TASK [/stigforge/roles/ol9_stig : Declare list of syscalls] ********************
skipping: [localhost]

TASK [/stigforge/roles/ol9_stig : Check existence of fremovexattr in /etc/audit/rules.d/] ***
skipping: [localhost]

TASK [/stigforge/roles/ol9_stig : Reset syscalls found per file] ***************
skipping: [localhost]

TASK [/stigforge/roles/ol9_stig : Declare syscalls found per file] *************
skipping: [localhost]

TASK [/stigforge/roles/ol9_stig : Declare files where syscalls were found] *****
skipping: [localhost]

TASK [/stigforge/roles/ol9_stig : Count occurrences of syscalls in paths] ******
skipping: [localhost]

TASK [/stigforge/roles/ol9_stig : Get path with most syscalls] *****************
skipping: [localhost]

TASK [/stigforge/roles/ol9_stig : No file with syscall found, set path to /etc/audit/rules.d/perm_mod.rules] ***
skipping: [localhost]

TASK [/stigforge/roles/ol9_stig : Declare found syscalls] **********************
skipping: [localhost]

TASK [/stigforge/roles/ol9_stig : Declare missing syscalls] ********************
skipping: [localhost]

TASK [/stigforge/roles/ol9_stig : Replace the audit rule in {{ audit_file }}] ***
skipping: [localhost]

TASK [/stigforge/roles/ol9_stig : Add the audit rule to {{ audit_file }}] ******
skipping: [localhost]

TASK [/stigforge/roles/ol9_stig : Declare list of syscalls] ********************
skipping: [localhost]

TASK [/stigforge/roles/ol9_stig : Check existence of fremovexattr in /etc/audit/audit.rules] ***
skipping: [localhost]

TASK [/stigforge/roles/ol9_stig : Set path to /etc/audit/audit.rules] **********
skipping: [localhost]

TASK [/stigforge/roles/ol9_stig : Declare found syscalls] **********************
skipping: [localhost]

TASK [/stigforge/roles/ol9_stig : Declare missing syscalls] ********************
skipping: [localhost]

TASK [/stigforge/roles/ol9_stig : Replace the audit rule in {{ audit_file }}] ***
skipping: [localhost]

TASK [/stigforge/roles/ol9_stig : Add the audit rule to {{ audit_file }}] ******
skipping: [localhost]

TASK [/stigforge/roles/ol9_stig : Declare list of syscalls] ********************
skipping: [localhost]

TASK [/stigforge/roles/ol9_stig : Check existence of fremovexattr in /etc/audit/rules.d/] ***
skipping: [localhost]

TASK [/stigforge/roles/ol9_stig : Reset syscalls found per file] ***************
skipping: [localhost]

TASK [/stigforge/roles/ol9_stig : Declare syscalls found per file] *************
skipping: [localhost]

TASK [/stigforge/roles/ol9_stig : Declare files where syscalls were found] *****
skipping: [localhost]

TASK [/stigforge/roles/ol9_stig : Count occurrences of syscalls in paths] ******
skipping: [localhost]

TASK [/stigforge/roles/ol9_stig : Get path with most syscalls] *****************
skipping: [localhost]

TASK [/stigforge/roles/ol9_stig : No file with syscall found, set path to /etc/audit/rules.d/perm_mod.rules] ***
skipping: [localhost]

TASK [/stigforge/roles/ol9_stig : Declare found syscalls] **********************
skipping: [localhost]

TASK [/stigforge/roles/ol9_stig : Declare missing syscalls] ********************
skipping: [localhost]

TASK [/stigforge/roles/ol9_stig : Replace the audit rule in {{ audit_file }}] ***
skipping: [localhost]

TASK [/stigforge/roles/ol9_stig : Add the audit rule to {{ audit_file }}] ******
skipping: [localhost]

TASK [/stigforge/roles/ol9_stig : Declare list of syscalls] ********************
skipping: [localhost]

TASK [/stigforge/roles/ol9_stig : Check existence of fremovexattr in /etc/audit/audit.rules] ***
skipping: [localhost]

TASK [/stigforge/roles/ol9_stig : Set path to /etc/audit/audit.rules] **********
skipping: [localhost]

TASK [/stigforge/roles/ol9_stig : Declare found syscalls] **********************
skipping: [localhost]

TASK [/stigforge/roles/ol9_stig : Declare missing syscalls] ********************
skipping: [localhost]

TASK [/stigforge/roles/ol9_stig : Replace the audit rule in {{ audit_file }}] ***
skipping: [localhost]

TASK [/stigforge/roles/ol9_stig : Add the audit rule to {{ audit_file }}] ******
skipping: [localhost]

TASK [/stigforge/roles/ol9_stig : Declare list of syscalls] ********************
skipping: [localhost]

TASK [/stigforge/roles/ol9_stig : Check existence of fremovexattr in /etc/audit/rules.d/] ***
skipping: [localhost]

TASK [/stigforge/roles/ol9_stig : Reset syscalls found per file] ***************
skipping: [localhost]

TASK [/stigforge/roles/ol9_stig : Declare syscalls found per file] *************
skipping: [localhost]

TASK [/stigforge/roles/ol9_stig : Declare files where syscalls were found] *****
skipping: [localhost]

TASK [/stigforge/roles/ol9_stig : Count occurrences of syscalls in paths] ******
skipping: [localhost]

TASK [/stigforge/roles/ol9_stig : Get path with most syscalls] *****************
skipping: [localhost]

TASK [/stigforge/roles/ol9_stig : No file with syscall found, set path to /etc/audit/rules.d/perm_mod.rules] ***
skipping: [localhost]

TASK [/stigforge/roles/ol9_stig : Declare found syscalls] **********************
skipping: [localhost]

TASK [/stigforge/roles/ol9_stig : Declare missing syscalls] ********************
skipping: [localhost]

TASK [/stigforge/roles/ol9_stig : Replace the audit rule in {{ audit_file }}] ***
skipping: [localhost]

TASK [/stigforge/roles/ol9_stig : Add the audit rule to {{ audit_file }}] ******
skipping: [localhost]

TASK [/stigforge/roles/ol9_stig : Declare list of syscalls] ********************
skipping: [localhost]

TASK [/stigforge/roles/ol9_stig : Check existence of fremovexattr in /etc/audit/audit.rules] ***
skipping: [localhost]

TASK [/stigforge/roles/ol9_stig : Set path to /etc/audit/audit.rules] **********
skipping: [localhost]

TASK [/stigforge/roles/ol9_stig : Declare found syscalls] **********************
skipping: [localhost]

TASK [/stigforge/roles/ol9_stig : Declare missing syscalls] ********************
skipping: [localhost]

TASK [/stigforge/roles/ol9_stig : Replace the audit rule in {{ audit_file }}] ***
skipping: [localhost]

TASK [/stigforge/roles/ol9_stig : Add the audit rule to {{ audit_file }}] ******
skipping: [localhost]

TASK [/stigforge/roles/ol9_stig : Set architecture for audit fsetxattr tasks] ***
skipping: [localhost]

TASK [/stigforge/roles/ol9_stig : Declare list of syscalls] ********************
skipping: [localhost]

TASK [/stigforge/roles/ol9_stig : Check existence of fsetxattr in /etc/audit/rules.d/] ***
skipping: [localhost]

TASK [/stigforge/roles/ol9_stig : Reset syscalls found per file] ***************
skipping: [localhost]

TASK [/stigforge/roles/ol9_stig : Declare syscalls found per file] *************
skipping: [localhost]

TASK [/stigforge/roles/ol9_stig : Declare files where syscalls were found] *****
skipping: [localhost]

TASK [/stigforge/roles/ol9_stig : Count occurrences of syscalls in paths] ******
skipping: [localhost]

TASK [/stigforge/roles/ol9_stig : Get path with most syscalls] *****************
skipping: [localhost]

TASK [/stigforge/roles/ol9_stig : No file with syscall found, set path to /etc/audit/rules.d/perm_mod.rules] ***
skipping: [localhost]

TASK [/stigforge/roles/ol9_stig : Declare found syscalls] **********************
skipping: [localhost]

TASK [/stigforge/roles/ol9_stig : Declare missing syscalls] ********************
skipping: [localhost]

TASK [/stigforge/roles/ol9_stig : Replace the audit rule in {{ audit_file }}] ***
skipping: [localhost]

TASK [/stigforge/roles/ol9_stig : Add the audit rule to {{ audit_file }}] ******
skipping: [localhost]

TASK [/stigforge/roles/ol9_stig : Declare list of syscalls] ********************
skipping: [localhost]

TASK [/stigforge/roles/ol9_stig : Check existence of fsetxattr in /etc/audit/audit.rules] ***
skipping: [localhost]

TASK [/stigforge/roles/ol9_stig : Set path to /etc/audit/audit.rules] **********
skipping: [localhost]

TASK [/stigforge/roles/ol9_stig : Declare found syscalls] **********************
skipping: [localhost]

TASK [/stigforge/roles/ol9_stig : Declare missing syscalls] ********************
skipping: [localhost]

TASK [/stigforge/roles/ol9_stig : Replace the audit rule in {{ audit_file }}] ***
skipping: [localhost]

TASK [/stigforge/roles/ol9_stig : Add the audit rule to {{ audit_file }}] ******
skipping: [localhost]

TASK [/stigforge/roles/ol9_stig : Declare list of syscalls] ********************
skipping: [localhost]

TASK [/stigforge/roles/ol9_stig : Check existence of fsetxattr in /etc/audit/rules.d/] ***
skipping: [localhost]

TASK [/stigforge/roles/ol9_stig : Reset syscalls found per file] ***************
skipping: [localhost]

TASK [/stigforge/roles/ol9_stig : Declare syscalls found per file] *************
skipping: [localhost]

TASK [/stigforge/roles/ol9_stig : Declare files where syscalls were found] *****
skipping: [localhost]

TASK [/stigforge/roles/ol9_stig : Count occurrences of syscalls in paths] ******
skipping: [localhost]

TASK [/stigforge/roles/ol9_stig : Get path with most syscalls] *****************
skipping: [localhost]

TASK [/stigforge/roles/ol9_stig : No file with syscall found, set path to /etc/audit/rules.d/perm_mod.rules] ***
skipping: [localhost]

TASK [/stigforge/roles/ol9_stig : Declare found syscalls] **********************
skipping: [localhost]

TASK [/stigforge/roles/ol9_stig : Declare missing syscalls] ********************
skipping: [localhost]

TASK [/stigforge/roles/ol9_stig : Replace the audit rule in {{ audit_file }}] ***
skipping: [localhost]

TASK [/stigforge/roles/ol9_stig : Add the audit rule to {{ audit_file }}] ******
skipping: [localhost]

TASK [/stigforge/roles/ol9_stig : Declare list of syscalls] ********************
skipping: [localhost]

TASK [/stigforge/roles/ol9_stig : Check existence of fsetxattr in /etc/audit/audit.rules] ***
skipping: [localhost]

TASK [/stigforge/roles/ol9_stig : Set path to /etc/audit/audit.rules] **********
skipping: [localhost]

TASK [/stigforge/roles/ol9_stig : Declare found syscalls] **********************
skipping: [localhost]

TASK [/stigforge/roles/ol9_stig : Declare missing syscalls] ********************
skipping: [localhost]

TASK [/stigforge/roles/ol9_stig : Replace the audit rule in {{ audit_file }}] ***
skipping: [localhost]

TASK [/stigforge/roles/ol9_stig : Add the audit rule to {{ audit_file }}] ******
skipping: [localhost]

TASK [/stigforge/roles/ol9_stig : Declare list of syscalls] ********************
skipping: [localhost]

TASK [/stigforge/roles/ol9_stig : Check existence of fsetxattr in /etc/audit/rules.d/] ***
skipping: [localhost]

TASK [/stigforge/roles/ol9_stig : Reset syscalls found per file] ***************
skipping: [localhost]

TASK [/stigforge/roles/ol9_stig : Declare syscalls found per file] *************
skipping: [localhost]

TASK [/stigforge/roles/ol9_stig : Declare files where syscalls were found] *****
skipping: [localhost]

TASK [/stigforge/roles/ol9_stig : Count occurrences of syscalls in paths] ******
skipping: [localhost]

TASK [/stigforge/roles/ol9_stig : Get path with most syscalls] *****************
skipping: [localhost]

TASK [/stigforge/roles/ol9_stig : No file with syscall found, set path to /etc/audit/rules.d/perm_mod.rules] ***
skipping: [localhost]

TASK [/stigforge/roles/ol9_stig : Declare found syscalls] **********************
skipping: [localhost]

TASK [/stigforge/roles/ol9_stig : Declare missing syscalls] ********************
skipping: [localhost]

TASK [/stigforge/roles/ol9_stig : Replace the audit rule in {{ audit_file }}] ***
skipping: [localhost]

TASK [/stigforge/roles/ol9_stig : Add the audit rule to {{ audit_file }}] ******
skipping: [localhost]

TASK [/stigforge/roles/ol9_stig : Declare list of syscalls] ********************
skipping: [localhost]

TASK [/stigforge/roles/ol9_stig : Check existence of fsetxattr in /etc/audit/audit.rules] ***
skipping: [localhost]

TASK [/stigforge/roles/ol9_stig : Set path to /etc/audit/audit.rules] **********
skipping: [localhost]

TASK [/stigforge/roles/ol9_stig : Declare found syscalls] **********************
skipping: [localhost]

TASK [/stigforge/roles/ol9_stig : Declare missing syscalls] ********************
skipping: [localhost]

TASK [/stigforge/roles/ol9_stig : Replace the audit rule in {{ audit_file }}] ***
skipping: [localhost]

TASK [/stigforge/roles/ol9_stig : Add the audit rule to {{ audit_file }}] ******
skipping: [localhost]

TASK [/stigforge/roles/ol9_stig : Declare list of syscalls] ********************
skipping: [localhost]

TASK [/stigforge/roles/ol9_stig : Check existence of fsetxattr in /etc/audit/rules.d/] ***
skipping: [localhost]

TASK [/stigforge/roles/ol9_stig : Reset syscalls found per file] ***************
skipping: [localhost]

TASK [/stigforge/roles/ol9_stig : Declare syscalls found per file] *************
skipping: [localhost]

TASK [/stigforge/roles/ol9_stig : Declare files where syscalls were found] *****
skipping: [localhost]

TASK [/stigforge/roles/ol9_stig : Count occurrences of syscalls in paths] ******
skipping: [localhost]

TASK [/stigforge/roles/ol9_stig : Get path with most syscalls] *****************
skipping: [localhost]

TASK [/stigforge/roles/ol9_stig : No file with syscall found, set path to /etc/audit/rules.d/perm_mod.rules] ***
skipping: [localhost]

TASK [/stigforge/roles/ol9_stig : Declare found syscalls] **********************
skipping: [localhost]

TASK [/stigforge/roles/ol9_stig : Declare missing syscalls] ********************
skipping: [localhost]

TASK [/stigforge/roles/ol9_stig : Replace the audit rule in {{ audit_file }}] ***
skipping: [localhost]

TASK [/stigforge/roles/ol9_stig : Add the audit rule to {{ audit_file }}] ******
skipping: [localhost]

TASK [/stigforge/roles/ol9_stig : Declare list of syscalls] ********************
skipping: [localhost]

TASK [/stigforge/roles/ol9_stig : Check existence of fsetxattr in /etc/audit/audit.rules] ***
skipping: [localhost]

TASK [/stigforge/roles/ol9_stig : Set path to /etc/audit/audit.rules] **********
skipping: [localhost]

TASK [/stigforge/roles/ol9_stig : Declare found syscalls] **********************
skipping: [localhost]

TASK [/stigforge/roles/ol9_stig : Declare missing syscalls] ********************
skipping: [localhost]

TASK [/stigforge/roles/ol9_stig : Replace the audit rule in {{ audit_file }}] ***
skipping: [localhost]

TASK [/stigforge/roles/ol9_stig : Add the audit rule to {{ audit_file }}] ******
skipping: [localhost]

TASK [/stigforge/roles/ol9_stig : Set architecture for audit lchown tasks] *****
skipping: [localhost]

TASK [/stigforge/roles/ol9_stig : Declare list of syscalls] ********************
skipping: [localhost]

TASK [/stigforge/roles/ol9_stig : Check existence of lchown in /etc/audit/rules.d/] ***
skipping: [localhost]

TASK [/stigforge/roles/ol9_stig : Reset syscalls found per file] ***************
skipping: [localhost]

TASK [/stigforge/roles/ol9_stig : Declare syscalls found per file] *************
skipping: [localhost]

TASK [/stigforge/roles/ol9_stig : Declare files where syscalls were found] *****
skipping: [localhost]

TASK [/stigforge/roles/ol9_stig : Count occurrences of syscalls in paths] ******
skipping: [localhost]

TASK [/stigforge/roles/ol9_stig : Get path with most syscalls] *****************
skipping: [localhost]

TASK [/stigforge/roles/ol9_stig : No file with syscall found, set path to /etc/audit/rules.d/perm_mod.rules] ***
skipping: [localhost]

TASK [/stigforge/roles/ol9_stig : Declare found syscalls] **********************
skipping: [localhost]

TASK [/stigforge/roles/ol9_stig : Declare missing syscalls] ********************
skipping: [localhost]

TASK [/stigforge/roles/ol9_stig : Replace the audit rule in {{ audit_file }}] ***
skipping: [localhost]

TASK [/stigforge/roles/ol9_stig : Add the audit rule to {{ audit_file }}] ******
skipping: [localhost]

TASK [/stigforge/roles/ol9_stig : Declare list of syscalls] ********************
skipping: [localhost]

TASK [/stigforge/roles/ol9_stig : Check existence of lchown in /etc/audit/audit.rules] ***
skipping: [localhost]

TASK [/stigforge/roles/ol9_stig : Set path to /etc/audit/audit.rules] **********
skipping: [localhost]

TASK [/stigforge/roles/ol9_stig : Declare found syscalls] **********************
skipping: [localhost]

TASK [/stigforge/roles/ol9_stig : Declare missing syscalls] ********************
skipping: [localhost]

TASK [/stigforge/roles/ol9_stig : Replace the audit rule in {{ audit_file }}] ***
skipping: [localhost]

TASK [/stigforge/roles/ol9_stig : Add the audit rule to {{ audit_file }}] ******
skipping: [localhost]

TASK [/stigforge/roles/ol9_stig : Declare list of syscalls] ********************
skipping: [localhost]

TASK [/stigforge/roles/ol9_stig : Check existence of lchown in /etc/audit/rules.d/] ***
skipping: [localhost]

TASK [/stigforge/roles/ol9_stig : Reset syscalls found per file] ***************
skipping: [localhost]

TASK [/stigforge/roles/ol9_stig : Declare syscalls found per file] *************
skipping: [localhost]

TASK [/stigforge/roles/ol9_stig : Declare files where syscalls were found] *****
skipping: [localhost]

TASK [/stigforge/roles/ol9_stig : Count occurrences of syscalls in paths] ******
skipping: [localhost]

TASK [/stigforge/roles/ol9_stig : Get path with most syscalls] *****************
skipping: [localhost]

TASK [/stigforge/roles/ol9_stig : No file with syscall found, set path to /etc/audit/rules.d/perm_mod.rules] ***
skipping: [localhost]

TASK [/stigforge/roles/ol9_stig : Declare found syscalls] **********************
skipping: [localhost]

TASK [/stigforge/roles/ol9_stig : Declare missing syscalls] ********************
skipping: [localhost]

TASK [/stigforge/roles/ol9_stig : Replace the audit rule in {{ audit_file }}] ***
skipping: [localhost]

TASK [/stigforge/roles/ol9_stig : Add the audit rule to {{ audit_file }}] ******
skipping: [localhost]

TASK [/stigforge/roles/ol9_stig : Declare list of syscalls] ********************
skipping: [localhost]

TASK [/stigforge/roles/ol9_stig : Check existence of lchown in /etc/audit/audit.rules] ***
skipping: [localhost]

TASK [/stigforge/roles/ol9_stig : Set path to /etc/audit/audit.rules] **********
skipping: [localhost]

TASK [/stigforge/roles/ol9_stig : Declare found syscalls] **********************
skipping: [localhost]

TASK [/stigforge/roles/ol9_stig : Declare missing syscalls] ********************
skipping: [localhost]

TASK [/stigforge/roles/ol9_stig : Replace the audit rule in {{ audit_file }}] ***
skipping: [localhost]

TASK [/stigforge/roles/ol9_stig : Add the audit rule to {{ audit_file }}] ******
skipping: [localhost]

TASK [/stigforge/roles/ol9_stig : Set architecture for audit lremovexattr tasks] ***
skipping: [localhost]

TASK [/stigforge/roles/ol9_stig : Declare list of syscalls] ********************
skipping: [localhost]

TASK [/stigforge/roles/ol9_stig : Check existence of lremovexattr in /etc/audit/rules.d/] ***
skipping: [localhost]

TASK [/stigforge/roles/ol9_stig : Reset syscalls found per file] ***************
skipping: [localhost]

TASK [/stigforge/roles/ol9_stig : Declare syscalls found per file] *************
skipping: [localhost]

TASK [/stigforge/roles/ol9_stig : Declare files where syscalls were found] *****
skipping: [localhost]

TASK [/stigforge/roles/ol9_stig : Count occurrences of syscalls in paths] ******
skipping: [localhost]

TASK [/stigforge/roles/ol9_stig : Get path with most syscalls] *****************
skipping: [localhost]

TASK [/stigforge/roles/ol9_stig : No file with syscall found, set path to /etc/audit/rules.d/perm_mod.rules] ***
skipping: [localhost]

TASK [/stigforge/roles/ol9_stig : Declare found syscalls] **********************
skipping: [localhost]

TASK [/stigforge/roles/ol9_stig : Declare missing syscalls] ********************
skipping: [localhost]

TASK [/stigforge/roles/ol9_stig : Replace the audit rule in {{ audit_file }}] ***
skipping: [localhost]

TASK [/stigforge/roles/ol9_stig : Add the audit rule to {{ audit_file }}] ******
skipping: [localhost]

TASK [/stigforge/roles/ol9_stig : Declare list of syscalls] ********************
skipping: [localhost]

TASK [/stigforge/roles/ol9_stig : Check existence of lremovexattr in /etc/audit/audit.rules] ***
skipping: [localhost]

TASK [/stigforge/roles/ol9_stig : Set path to /etc/audit/audit.rules] **********
skipping: [localhost]

TASK [/stigforge/roles/ol9_stig : Declare found syscalls] **********************
skipping: [localhost]

TASK [/stigforge/roles/ol9_stig : Declare missing syscalls] ********************
skipping: [localhost]

TASK [/stigforge/roles/ol9_stig : Replace the audit rule in {{ audit_file }}] ***
skipping: [localhost]

TASK [/stigforge/roles/ol9_stig : Add the audit rule to {{ audit_file }}] ******
skipping: [localhost]

TASK [/stigforge/roles/ol9_stig : Declare list of syscalls] ********************
skipping: [localhost]

TASK [/stigforge/roles/ol9_stig : Check existence of lremovexattr in /etc/audit/rules.d/] ***
skipping: [localhost]

TASK [/stigforge/roles/ol9_stig : Reset syscalls found per file] ***************
skipping: [localhost]

TASK [/stigforge/roles/ol9_stig : Declare syscalls found per file] *************
skipping: [localhost]

TASK [/stigforge/roles/ol9_stig : Declare files where syscalls were found] *****
skipping: [localhost]

TASK [/stigforge/roles/ol9_stig : Count occurrences of syscalls in paths] ******
skipping: [localhost]

TASK [/stigforge/roles/ol9_stig : Get path with most syscalls] *****************
skipping: [localhost]

TASK [/stigforge/roles/ol9_stig : No file with syscall found, set path to /etc/audit/rules.d/perm_mod.rules] ***
skipping: [localhost]

TASK [/stigforge/roles/ol9_stig : Declare found syscalls] **********************
skipping: [localhost]

TASK [/stigforge/roles/ol9_stig : Declare missing syscalls] ********************
skipping: [localhost]

TASK [/stigforge/roles/ol9_stig : Replace the audit rule in {{ audit_file }}] ***
skipping: [localhost]

TASK [/stigforge/roles/ol9_stig : Add the audit rule to {{ audit_file }}] ******
skipping: [localhost]

TASK [/stigforge/roles/ol9_stig : Declare list of syscalls] ********************
skipping: [localhost]

TASK [/stigforge/roles/ol9_stig : Check existence of lremovexattr in /etc/audit/audit.rules] ***
skipping: [localhost]

TASK [/stigforge/roles/ol9_stig : Set path to /etc/audit/audit.rules] **********
skipping: [localhost]

TASK [/stigforge/roles/ol9_stig : Declare found syscalls] **********************
skipping: [localhost]

TASK [/stigforge/roles/ol9_stig : Declare missing syscalls] ********************
skipping: [localhost]

TASK [/stigforge/roles/ol9_stig : Replace the audit rule in {{ audit_file }}] ***
skipping: [localhost]

TASK [/stigforge/roles/ol9_stig : Add the audit rule to {{ audit_file }}] ******
skipping: [localhost]

TASK [/stigforge/roles/ol9_stig : Declare list of syscalls] ********************
skipping: [localhost]

TASK [/stigforge/roles/ol9_stig : Check existence of lremovexattr in /etc/audit/rules.d/] ***
skipping: [localhost]

TASK [/stigforge/roles/ol9_stig : Reset syscalls found per file] ***************
skipping: [localhost]

TASK [/stigforge/roles/ol9_stig : Declare syscalls found per file] *************
skipping: [localhost]

TASK [/stigforge/roles/ol9_stig : Declare files where syscalls were found] *****
skipping: [localhost]

TASK [/stigforge/roles/ol9_stig : Count occurrences of syscalls in paths] ******
skipping: [localhost]

TASK [/stigforge/roles/ol9_stig : Get path with most syscalls] *****************
skipping: [localhost]

TASK [/stigforge/roles/ol9_stig : No file with syscall found, set path to /etc/audit/rules.d/perm_mod.rules] ***
skipping: [localhost]

TASK [/stigforge/roles/ol9_stig : Declare found syscalls] **********************
skipping: [localhost]

TASK [/stigforge/roles/ol9_stig : Declare missing syscalls] ********************
skipping: [localhost]

TASK [/stigforge/roles/ol9_stig : Replace the audit rule in {{ audit_file }}] ***
skipping: [localhost]

TASK [/stigforge/roles/ol9_stig : Add the audit rule to {{ audit_file }}] ******
skipping: [localhost]

TASK [/stigforge/roles/ol9_stig : Declare list of syscalls] ********************
skipping: [localhost]

TASK [/stigforge/roles/ol9_stig : Check existence of lremovexattr in /etc/audit/audit.rules] ***
skipping: [localhost]

TASK [/stigforge/roles/ol9_stig : Set path to /etc/audit/audit.rules] **********
skipping: [localhost]

TASK [/stigforge/roles/ol9_stig : Declare found syscalls] **********************
skipping: [localhost]

TASK [/stigforge/roles/ol9_stig : Declare missing syscalls] ********************
skipping: [localhost]

TASK [/stigforge/roles/ol9_stig : Replace the audit rule in {{ audit_file }}] ***
skipping: [localhost]

TASK [/stigforge/roles/ol9_stig : Add the audit rule to {{ audit_file }}] ******
skipping: [localhost]

TASK [/stigforge/roles/ol9_stig : Declare list of syscalls] ********************
skipping: [localhost]

TASK [/stigforge/roles/ol9_stig : Check existence of lremovexattr in /etc/audit/rules.d/] ***
skipping: [localhost]

TASK [/stigforge/roles/ol9_stig : Reset syscalls found per file] ***************
skipping: [localhost]

TASK [/stigforge/roles/ol9_stig : Declare syscalls found per file] *************
skipping: [localhost]

TASK [/stigforge/roles/ol9_stig : Declare files where syscalls were found] *****
skipping: [localhost]

TASK [/stigforge/roles/ol9_stig : Count occurrences of syscalls in paths] ******
skipping: [localhost]

TASK [/stigforge/roles/ol9_stig : Get path with most syscalls] *****************
skipping: [localhost]

TASK [/stigforge/roles/ol9_stig : No file with syscall found, set path to /etc/audit/rules.d/perm_mod.rules] ***
skipping: [localhost]

TASK [/stigforge/roles/ol9_stig : Declare found syscalls] **********************
skipping: [localhost]

TASK [/stigforge/roles/ol9_stig : Declare missing syscalls] ********************
skipping: [localhost]

TASK [/stigforge/roles/ol9_stig : Replace the audit rule in {{ audit_file }}] ***
skipping: [localhost]

TASK [/stigforge/roles/ol9_stig : Add the audit rule to {{ audit_file }}] ******
skipping: [localhost]

TASK [/stigforge/roles/ol9_stig : Declare list of syscalls] ********************
skipping: [localhost]

TASK [/stigforge/roles/ol9_stig : Check existence of lremovexattr in /etc/audit/audit.rules] ***
skipping: [localhost]

TASK [/stigforge/roles/ol9_stig : Set path to /etc/audit/audit.rules] **********
skipping: [localhost]

TASK [/stigforge/roles/ol9_stig : Declare found syscalls] **********************
skipping: [localhost]

TASK [/stigforge/roles/ol9_stig : Declare missing syscalls] ********************
skipping: [localhost]

TASK [/stigforge/roles/ol9_stig : Replace the audit rule in {{ audit_file }}] ***
skipping: [localhost]

TASK [/stigforge/roles/ol9_stig : Add the audit rule to {{ audit_file }}] ******
skipping: [localhost]

TASK [/stigforge/roles/ol9_stig : Set architecture for audit lsetxattr tasks] ***
skipping: [localhost]

TASK [/stigforge/roles/ol9_stig : Declare list of syscalls] ********************
skipping: [localhost]

TASK [/stigforge/roles/ol9_stig : Check existence of lsetxattr in /etc/audit/rules.d/] ***
skipping: [localhost]

TASK [/stigforge/roles/ol9_stig : Reset syscalls found per file] ***************
skipping: [localhost]

TASK [/stigforge/roles/ol9_stig : Declare syscalls found per file] *************
skipping: [localhost]

TASK [/stigforge/roles/ol9_stig : Declare files where syscalls were found] *****
skipping: [localhost]

TASK [/stigforge/roles/ol9_stig : Count occurrences of syscalls in paths] ******
skipping: [localhost]

TASK [/stigforge/roles/ol9_stig : Get path with most syscalls] *****************
skipping: [localhost]

TASK [/stigforge/roles/ol9_stig : No file with syscall found, set path to /etc/audit/rules.d/perm_mod.rules] ***
skipping: [localhost]

TASK [/stigforge/roles/ol9_stig : Declare found syscalls] **********************
skipping: [localhost]

TASK [/stigforge/roles/ol9_stig : Declare missing syscalls] ********************
skipping: [localhost]

TASK [/stigforge/roles/ol9_stig : Replace the audit rule in {{ audit_file }}] ***
skipping: [localhost]

TASK [/stigforge/roles/ol9_stig : Add the audit rule to {{ audit_file }}] ******
skipping: [localhost]

TASK [/stigforge/roles/ol9_stig : Declare list of syscalls] ********************
skipping: [localhost]

TASK [/stigforge/roles/ol9_stig : Check existence of lsetxattr in /etc/audit/audit.rules] ***
skipping: [localhost]

TASK [/stigforge/roles/ol9_stig : Set path to /etc/audit/audit.rules] **********
skipping: [localhost]

TASK [/stigforge/roles/ol9_stig : Declare found syscalls] **********************
skipping: [localhost]

TASK [/stigforge/roles/ol9_stig : Declare missing syscalls] ********************
skipping: [localhost]

TASK [/stigforge/roles/ol9_stig : Replace the audit rule in {{ audit_file }}] ***
skipping: [localhost]

TASK [/stigforge/roles/ol9_stig : Add the audit rule to {{ audit_file }}] ******
skipping: [localhost]

TASK [/stigforge/roles/ol9_stig : Declare list of syscalls] ********************
skipping: [localhost]

TASK [/stigforge/roles/ol9_stig : Check existence of lsetxattr in /etc/audit/rules.d/] ***
skipping: [localhost]

TASK [/stigforge/roles/ol9_stig : Reset syscalls found per file] ***************
skipping: [localhost]

TASK [/stigforge/roles/ol9_stig : Declare syscalls found per file] *************
skipping: [localhost]

TASK [/stigforge/roles/ol9_stig : Declare files where syscalls were found] *****
skipping: [localhost]

TASK [/stigforge/roles/ol9_stig : Count occurrences of syscalls in paths] ******
skipping: [localhost]

TASK [/stigforge/roles/ol9_stig : Get path with most syscalls] *****************
skipping: [localhost]

TASK [/stigforge/roles/ol9_stig : No file with syscall found, set path to /etc/audit/rules.d/perm_mod.rules] ***
skipping: [localhost]

TASK [/stigforge/roles/ol9_stig : Declare found syscalls] **********************
skipping: [localhost]

TASK [/stigforge/roles/ol9_stig : Declare missing syscalls] ********************
skipping: [localhost]

TASK [/stigforge/roles/ol9_stig : Replace the audit rule in {{ audit_file }}] ***
skipping: [localhost]

TASK [/stigforge/roles/ol9_stig : Add the audit rule to {{ audit_file }}] ******
skipping: [localhost]

TASK [/stigforge/roles/ol9_stig : Declare list of syscalls] ********************
skipping: [localhost]

TASK [/stigforge/roles/ol9_stig : Check existence of lsetxattr in /etc/audit/audit.rules] ***
skipping: [localhost]

TASK [/stigforge/roles/ol9_stig : Set path to /etc/audit/audit.rules] **********
skipping: [localhost]

TASK [/stigforge/roles/ol9_stig : Declare found syscalls] **********************
skipping: [localhost]

TASK [/stigforge/roles/ol9_stig : Declare missing syscalls] ********************
skipping: [localhost]

TASK [/stigforge/roles/ol9_stig : Replace the audit rule in {{ audit_file }}] ***
skipping: [localhost]

TASK [/stigforge/roles/ol9_stig : Add the audit rule to {{ audit_file }}] ******
skipping: [localhost]

TASK [/stigforge/roles/ol9_stig : Declare list of syscalls] ********************
skipping: [localhost]

TASK [/stigforge/roles/ol9_stig : Check existence of lsetxattr in /etc/audit/rules.d/] ***
skipping: [localhost]

TASK [/stigforge/roles/ol9_stig : Reset syscalls found per file] ***************
skipping: [localhost]

TASK [/stigforge/roles/ol9_stig : Declare syscalls found per file] *************
skipping: [localhost]

TASK [/stigforge/roles/ol9_stig : Declare files where syscalls were found] *****
skipping: [localhost]

TASK [/stigforge/roles/ol9_stig : Count occurrences of syscalls in paths] ******
skipping: [localhost]

TASK [/stigforge/roles/ol9_stig : Get path with most syscalls] *****************
skipping: [localhost]

TASK [/stigforge/roles/ol9_stig : No file with syscall found, set path to /etc/audit/rules.d/perm_mod.rules] ***
skipping: [localhost]

TASK [/stigforge/roles/ol9_stig : Declare found syscalls] **********************
skipping: [localhost]

TASK [/stigforge/roles/ol9_stig : Declare missing syscalls] ********************
skipping: [localhost]

TASK [/stigforge/roles/ol9_stig : Replace the audit rule in {{ audit_file }}] ***
skipping: [localhost]

TASK [/stigforge/roles/ol9_stig : Add the audit rule to {{ audit_file }}] ******
skipping: [localhost]

TASK [/stigforge/roles/ol9_stig : Declare list of syscalls] ********************
skipping: [localhost]

TASK [/stigforge/roles/ol9_stig : Check existence of lsetxattr in /etc/audit/audit.rules] ***
skipping: [localhost]

TASK [/stigforge/roles/ol9_stig : Set path to /etc/audit/audit.rules] **********
skipping: [localhost]

TASK [/stigforge/roles/ol9_stig : Declare found syscalls] **********************
skipping: [localhost]

TASK [/stigforge/roles/ol9_stig : Declare missing syscalls] ********************
skipping: [localhost]

TASK [/stigforge/roles/ol9_stig : Replace the audit rule in {{ audit_file }}] ***
skipping: [localhost]

TASK [/stigforge/roles/ol9_stig : Add the audit rule to {{ audit_file }}] ******
skipping: [localhost]

TASK [/stigforge/roles/ol9_stig : Declare list of syscalls] ********************
skipping: [localhost]

TASK [/stigforge/roles/ol9_stig : Check existence of lsetxattr in /etc/audit/rules.d/] ***
skipping: [localhost]

TASK [/stigforge/roles/ol9_stig : Reset syscalls found per file] ***************
skipping: [localhost]

TASK [/stigforge/roles/ol9_stig : Declare syscalls found per file] *************
skipping: [localhost]

TASK [/stigforge/roles/ol9_stig : Declare files where syscalls were found] *****
skipping: [localhost]

TASK [/stigforge/roles/ol9_stig : Count occurrences of syscalls in paths] ******
skipping: [localhost]

TASK [/stigforge/roles/ol9_stig : Get path with most syscalls] *****************
skipping: [localhost]

TASK [/stigforge/roles/ol9_stig : No file with syscall found, set path to /etc/audit/rules.d/perm_mod.rules] ***
skipping: [localhost]

TASK [/stigforge/roles/ol9_stig : Declare found syscalls] **********************
skipping: [localhost]

TASK [/stigforge/roles/ol9_stig : Declare missing syscalls] ********************
skipping: [localhost]

TASK [/stigforge/roles/ol9_stig : Replace the audit rule in {{ audit_file }}] ***
skipping: [localhost]

TASK [/stigforge/roles/ol9_stig : Add the audit rule to {{ audit_file }}] ******
skipping: [localhost]

TASK [/stigforge/roles/ol9_stig : Declare list of syscalls] ********************
skipping: [localhost]

TASK [/stigforge/roles/ol9_stig : Check existence of lsetxattr in /etc/audit/audit.rules] ***
skipping: [localhost]

TASK [/stigforge/roles/ol9_stig : Set path to /etc/audit/audit.rules] **********
skipping: [localhost]

TASK [/stigforge/roles/ol9_stig : Declare found syscalls] **********************
skipping: [localhost]

TASK [/stigforge/roles/ol9_stig : Declare missing syscalls] ********************
skipping: [localhost]

TASK [/stigforge/roles/ol9_stig : Replace the audit rule in {{ audit_file }}] ***
skipping: [localhost]

TASK [/stigforge/roles/ol9_stig : Add the audit rule to {{ audit_file }}] ******
skipping: [localhost]

TASK [/stigforge/roles/ol9_stig : Set architecture for audit removexattr tasks] ***
skipping: [localhost]

TASK [/stigforge/roles/ol9_stig : Declare list of syscalls] ********************
skipping: [localhost]

TASK [/stigforge/roles/ol9_stig : Check existence of removexattr in /etc/audit/rules.d/] ***
skipping: [localhost]

TASK [/stigforge/roles/ol9_stig : Reset syscalls found per file] ***************
skipping: [localhost]

TASK [/stigforge/roles/ol9_stig : Declare syscalls found per file] *************
skipping: [localhost]

TASK [/stigforge/roles/ol9_stig : Declare files where syscalls were found] *****
skipping: [localhost]

TASK [/stigforge/roles/ol9_stig : Count occurrences of syscalls in paths] ******
skipping: [localhost]

TASK [/stigforge/roles/ol9_stig : Get path with most syscalls] *****************
skipping: [localhost]

TASK [/stigforge/roles/ol9_stig : No file with syscall found, set path to /etc/audit/rules.d/perm_mod.rules] ***
skipping: [localhost]

TASK [/stigforge/roles/ol9_stig : Declare found syscalls] **********************
skipping: [localhost]

TASK [/stigforge/roles/ol9_stig : Declare missing syscalls] ********************
skipping: [localhost]

TASK [/stigforge/roles/ol9_stig : Replace the audit rule in {{ audit_file }}] ***
skipping: [localhost]

TASK [/stigforge/roles/ol9_stig : Add the audit rule to {{ audit_file }}] ******
skipping: [localhost]

TASK [/stigforge/roles/ol9_stig : Declare list of syscalls] ********************
skipping: [localhost]

TASK [/stigforge/roles/ol9_stig : Check existence of removexattr in /etc/audit/audit.rules] ***
skipping: [localhost]

TASK [/stigforge/roles/ol9_stig : Set path to /etc/audit/audit.rules] **********
skipping: [localhost]

TASK [/stigforge/roles/ol9_stig : Declare found syscalls] **********************
skipping: [localhost]

TASK [/stigforge/roles/ol9_stig : Declare missing syscalls] ********************
skipping: [localhost]

TASK [/stigforge/roles/ol9_stig : Replace the audit rule in {{ audit_file }}] ***
skipping: [localhost]

TASK [/stigforge/roles/ol9_stig : Add the audit rule to {{ audit_file }}] ******
skipping: [localhost]

TASK [/stigforge/roles/ol9_stig : Declare list of syscalls] ********************
skipping: [localhost]

TASK [/stigforge/roles/ol9_stig : Check existence of removexattr in /etc/audit/rules.d/] ***
skipping: [localhost]

TASK [/stigforge/roles/ol9_stig : Reset syscalls found per file] ***************
skipping: [localhost]

TASK [/stigforge/roles/ol9_stig : Declare syscalls found per file] *************
skipping: [localhost]

TASK [/stigforge/roles/ol9_stig : Declare files where syscalls were found] *****
skipping: [localhost]

TASK [/stigforge/roles/ol9_stig : Count occurrences of syscalls in paths] ******
skipping: [localhost]

TASK [/stigforge/roles/ol9_stig : Get path with most syscalls] *****************
skipping: [localhost]

TASK [/stigforge/roles/ol9_stig : No file with syscall found, set path to /etc/audit/rules.d/perm_mod.rules] ***
skipping: [localhost]

TASK [/stigforge/roles/ol9_stig : Declare found syscalls] **********************
skipping: [localhost]

TASK [/stigforge/roles/ol9_stig : Declare missing syscalls] ********************
skipping: [localhost]

TASK [/stigforge/roles/ol9_stig : Replace the audit rule in {{ audit_file }}] ***
skipping: [localhost]

TASK [/stigforge/roles/ol9_stig : Add the audit rule to {{ audit_file }}] ******
skipping: [localhost]

TASK [/stigforge/roles/ol9_stig : Declare list of syscalls] ********************
skipping: [localhost]

TASK [/stigforge/roles/ol9_stig : Check existence of removexattr in /etc/audit/audit.rules] ***
skipping: [localhost]

TASK [/stigforge/roles/ol9_stig : Set path to /etc/audit/audit.rules] **********
skipping: [localhost]

TASK [/stigforge/roles/ol9_stig : Declare found syscalls] **********************
skipping: [localhost]

TASK [/stigforge/roles/ol9_stig : Declare missing syscalls] ********************
skipping: [localhost]

TASK [/stigforge/roles/ol9_stig : Replace the audit rule in {{ audit_file }}] ***
skipping: [localhost]

TASK [/stigforge/roles/ol9_stig : Add the audit rule to {{ audit_file }}] ******
skipping: [localhost]

TASK [/stigforge/roles/ol9_stig : Declare list of syscalls] ********************
skipping: [localhost]

TASK [/stigforge/roles/ol9_stig : Check existence of removexattr in /etc/audit/rules.d/] ***
skipping: [localhost]

TASK [/stigforge/roles/ol9_stig : Reset syscalls found per file] ***************
skipping: [localhost]

TASK [/stigforge/roles/ol9_stig : Declare syscalls found per file] *************
skipping: [localhost]

TASK [/stigforge/roles/ol9_stig : Declare files where syscalls were found] *****
skipping: [localhost]

TASK [/stigforge/roles/ol9_stig : Count occurrences of syscalls in paths] ******
skipping: [localhost]

TASK [/stigforge/roles/ol9_stig : Get path with most syscalls] *****************
skipping: [localhost]

TASK [/stigforge/roles/ol9_stig : No file with syscall found, set path to /etc/audit/rules.d/perm_mod.rules] ***
skipping: [localhost]

TASK [/stigforge/roles/ol9_stig : Declare found syscalls] **********************
skipping: [localhost]

TASK [/stigforge/roles/ol9_stig : Declare missing syscalls] ********************
skipping: [localhost]

TASK [/stigforge/roles/ol9_stig : Replace the audit rule in {{ audit_file }}] ***
skipping: [localhost]

TASK [/stigforge/roles/ol9_stig : Add the audit rule to {{ audit_file }}] ******
skipping: [localhost]

TASK [/stigforge/roles/ol9_stig : Declare list of syscalls] ********************
skipping: [localhost]

TASK [/stigforge/roles/ol9_stig : Check existence of removexattr in /etc/audit/audit.rules] ***
skipping: [localhost]

TASK [/stigforge/roles/ol9_stig : Set path to /etc/audit/audit.rules] **********
skipping: [localhost]

TASK [/stigforge/roles/ol9_stig : Declare found syscalls] **********************
skipping: [localhost]

TASK [/stigforge/roles/ol9_stig : Declare missing syscalls] ********************
skipping: [localhost]

TASK [/stigforge/roles/ol9_stig : Replace the audit rule in {{ audit_file }}] ***
skipping: [localhost]

TASK [/stigforge/roles/ol9_stig : Add the audit rule to {{ audit_file }}] ******
skipping: [localhost]

TASK [/stigforge/roles/ol9_stig : Declare list of syscalls] ********************
skipping: [localhost]

TASK [/stigforge/roles/ol9_stig : Check existence of removexattr in /etc/audit/rules.d/] ***
skipping: [localhost]

TASK [/stigforge/roles/ol9_stig : Reset syscalls found per file] ***************
skipping: [localhost]

TASK [/stigforge/roles/ol9_stig : Declare syscalls found per file] *************
skipping: [localhost]

TASK [/stigforge/roles/ol9_stig : Declare files where syscalls were found] *****
skipping: [localhost]

TASK [/stigforge/roles/ol9_stig : Count occurrences of syscalls in paths] ******
skipping: [localhost]

TASK [/stigforge/roles/ol9_stig : Get path with most syscalls] *****************
skipping: [localhost]

TASK [/stigforge/roles/ol9_stig : No file with syscall found, set path to /etc/audit/rules.d/perm_mod.rules] ***
skipping: [localhost]

TASK [/stigforge/roles/ol9_stig : Declare found syscalls] **********************
skipping: [localhost]

TASK [/stigforge/roles/ol9_stig : Declare missing syscalls] ********************
skipping: [localhost]

TASK [/stigforge/roles/ol9_stig : Replace the audit rule in {{ audit_file }}] ***
skipping: [localhost]

TASK [/stigforge/roles/ol9_stig : Add the audit rule to {{ audit_file }}] ******
skipping: [localhost]

TASK [/stigforge/roles/ol9_stig : Declare list of syscalls] ********************
skipping: [localhost]

TASK [/stigforge/roles/ol9_stig : Check existence of removexattr in /etc/audit/audit.rules] ***
skipping: [localhost]

TASK [/stigforge/roles/ol9_stig : Set path to /etc/audit/audit.rules] **********
skipping: [localhost]

TASK [/stigforge/roles/ol9_stig : Declare found syscalls] **********************
skipping: [localhost]

TASK [/stigforge/roles/ol9_stig : Declare missing syscalls] ********************
skipping: [localhost]

TASK [/stigforge/roles/ol9_stig : Replace the audit rule in {{ audit_file }}] ***
skipping: [localhost]

TASK [/stigforge/roles/ol9_stig : Add the audit rule to {{ audit_file }}] ******
skipping: [localhost]

TASK [/stigforge/roles/ol9_stig : Set architecture for audit setxattr tasks] ***
skipping: [localhost]

TASK [/stigforge/roles/ol9_stig : Declare list of syscalls] ********************
skipping: [localhost]

TASK [/stigforge/roles/ol9_stig : Check existence of setxattr in /etc/audit/rules.d/] ***
skipping: [localhost]

TASK [/stigforge/roles/ol9_stig : Reset syscalls found per file] ***************
skipping: [localhost]

TASK [/stigforge/roles/ol9_stig : Declare syscalls found per file] *************
skipping: [localhost]

TASK [/stigforge/roles/ol9_stig : Declare files where syscalls were found] *****
skipping: [localhost]

TASK [/stigforge/roles/ol9_stig : Count occurrences of syscalls in paths] ******
skipping: [localhost]

TASK [/stigforge/roles/ol9_stig : Get path with most syscalls] *****************
skipping: [localhost]

TASK [/stigforge/roles/ol9_stig : No file with syscall found, set path to /etc/audit/rules.d/perm_mod.rules] ***
skipping: [localhost]

TASK [/stigforge/roles/ol9_stig : Declare found syscalls] **********************
skipping: [localhost]

TASK [/stigforge/roles/ol9_stig : Declare missing syscalls] ********************
skipping: [localhost]

TASK [/stigforge/roles/ol9_stig : Replace the audit rule in {{ audit_file }}] ***
skipping: [localhost]

TASK [/stigforge/roles/ol9_stig : Add the audit rule to {{ audit_file }}] ******
skipping: [localhost]

TASK [/stigforge/roles/ol9_stig : Declare list of syscalls] ********************
skipping: [localhost]

TASK [/stigforge/roles/ol9_stig : Check existence of setxattr in /etc/audit/audit.rules] ***
skipping: [localhost]

TASK [/stigforge/roles/ol9_stig : Set path to /etc/audit/audit.rules] **********
skipping: [localhost]

TASK [/stigforge/roles/ol9_stig : Declare found syscalls] **********************
skipping: [localhost]

TASK [/stigforge/roles/ol9_stig : Declare missing syscalls] ********************
skipping: [localhost]

TASK [/stigforge/roles/ol9_stig : Replace the audit rule in {{ audit_file }}] ***
skipping: [localhost]

TASK [/stigforge/roles/ol9_stig : Add the audit rule to {{ audit_file }}] ******
skipping: [localhost]

TASK [/stigforge/roles/ol9_stig : Declare list of syscalls] ********************
skipping: [localhost]

TASK [/stigforge/roles/ol9_stig : Check existence of setxattr in /etc/audit/rules.d/] ***
skipping: [localhost]

TASK [/stigforge/roles/ol9_stig : Reset syscalls found per file] ***************
skipping: [localhost]

TASK [/stigforge/roles/ol9_stig : Declare syscalls found per file] *************
skipping: [localhost]

TASK [/stigforge/roles/ol9_stig : Declare files where syscalls were found] *****
skipping: [localhost]

TASK [/stigforge/roles/ol9_stig : Count occurrences of syscalls in paths] ******
skipping: [localhost]

TASK [/stigforge/roles/ol9_stig : Get path with most syscalls] *****************
skipping: [localhost]

TASK [/stigforge/roles/ol9_stig : No file with syscall found, set path to /etc/audit/rules.d/perm_mod.rules] ***
skipping: [localhost]

TASK [/stigforge/roles/ol9_stig : Declare found syscalls] **********************
skipping: [localhost]

TASK [/stigforge/roles/ol9_stig : Declare missing syscalls] ********************
skipping: [localhost]

TASK [/stigforge/roles/ol9_stig : Replace the audit rule in {{ audit_file }}] ***
skipping: [localhost]

TASK [/stigforge/roles/ol9_stig : Add the audit rule to {{ audit_file }}] ******
skipping: [localhost]

TASK [/stigforge/roles/ol9_stig : Declare list of syscalls] ********************
skipping: [localhost]

TASK [/stigforge/roles/ol9_stig : Check existence of setxattr in /etc/audit/audit.rules] ***
skipping: [localhost]

TASK [/stigforge/roles/ol9_stig : Set path to /etc/audit/audit.rules] **********
skipping: [localhost]

TASK [/stigforge/roles/ol9_stig : Declare found syscalls] **********************
skipping: [localhost]

TASK [/stigforge/roles/ol9_stig : Declare missing syscalls] ********************
skipping: [localhost]

TASK [/stigforge/roles/ol9_stig : Replace the audit rule in {{ audit_file }}] ***
skipping: [localhost]

TASK [/stigforge/roles/ol9_stig : Add the audit rule to {{ audit_file }}] ******
skipping: [localhost]

TASK [/stigforge/roles/ol9_stig : Declare list of syscalls] ********************
skipping: [localhost]

TASK [/stigforge/roles/ol9_stig : Check existence of setxattr in /etc/audit/rules.d/] ***
skipping: [localhost]

TASK [/stigforge/roles/ol9_stig : Reset syscalls found per file] ***************
skipping: [localhost]

TASK [/stigforge/roles/ol9_stig : Declare syscalls found per file] *************
skipping: [localhost]

TASK [/stigforge/roles/ol9_stig : Declare files where syscalls were found] *****
skipping: [localhost]

TASK [/stigforge/roles/ol9_stig : Count occurrences of syscalls in paths] ******
skipping: [localhost]

TASK [/stigforge/roles/ol9_stig : Get path with most syscalls] *****************
skipping: [localhost]

TASK [/stigforge/roles/ol9_stig : No file with syscall found, set path to /etc/audit/rules.d/perm_mod.rules] ***
skipping: [localhost]

TASK [/stigforge/roles/ol9_stig : Declare found syscalls] **********************
skipping: [localhost]

TASK [/stigforge/roles/ol9_stig : Declare missing syscalls] ********************
skipping: [localhost]

TASK [/stigforge/roles/ol9_stig : Replace the audit rule in {{ audit_file }}] ***
skipping: [localhost]

TASK [/stigforge/roles/ol9_stig : Add the audit rule to {{ audit_file }}] ******
skipping: [localhost]

TASK [/stigforge/roles/ol9_stig : Declare list of syscalls] ********************
skipping: [localhost]

TASK [/stigforge/roles/ol9_stig : Check existence of setxattr in /etc/audit/audit.rules] ***
skipping: [localhost]

TASK [/stigforge/roles/ol9_stig : Set path to /etc/audit/audit.rules] **********
skipping: [localhost]

TASK [/stigforge/roles/ol9_stig : Declare found syscalls] **********************
skipping: [localhost]

TASK [/stigforge/roles/ol9_stig : Declare missing syscalls] ********************
skipping: [localhost]

TASK [/stigforge/roles/ol9_stig : Replace the audit rule in {{ audit_file }}] ***
skipping: [localhost]

TASK [/stigforge/roles/ol9_stig : Add the audit rule to {{ audit_file }}] ******
skipping: [localhost]

TASK [/stigforge/roles/ol9_stig : Declare list of syscalls] ********************
skipping: [localhost]

TASK [/stigforge/roles/ol9_stig : Check existence of setxattr in /etc/audit/rules.d/] ***
skipping: [localhost]

TASK [/stigforge/roles/ol9_stig : Reset syscalls found per file] ***************
skipping: [localhost]

TASK [/stigforge/roles/ol9_stig : Declare syscalls found per file] *************
skipping: [localhost]

TASK [/stigforge/roles/ol9_stig : Declare files where syscalls were found] *****
skipping: [localhost]

TASK [/stigforge/roles/ol9_stig : Count occurrences of syscalls in paths] ******
skipping: [localhost]

TASK [/stigforge/roles/ol9_stig : Get path with most syscalls] *****************
skipping: [localhost]

TASK [/stigforge/roles/ol9_stig : No file with syscall found, set path to /etc/audit/rules.d/perm_mod.rules] ***
skipping: [localhost]

TASK [/stigforge/roles/ol9_stig : Declare found syscalls] **********************
skipping: [localhost]

TASK [/stigforge/roles/ol9_stig : Declare missing syscalls] ********************
skipping: [localhost]

TASK [/stigforge/roles/ol9_stig : Replace the audit rule in {{ audit_file }}] ***
skipping: [localhost]

TASK [/stigforge/roles/ol9_stig : Add the audit rule to {{ audit_file }}] ******
skipping: [localhost]

TASK [/stigforge/roles/ol9_stig : Declare list of syscalls] ********************
skipping: [localhost]

TASK [/stigforge/roles/ol9_stig : Check existence of setxattr in /etc/audit/audit.rules] ***
skipping: [localhost]

TASK [/stigforge/roles/ol9_stig : Set path to /etc/audit/audit.rules] **********
skipping: [localhost]

TASK [/stigforge/roles/ol9_stig : Declare found syscalls] **********************
skipping: [localhost]

TASK [/stigforge/roles/ol9_stig : Declare missing syscalls] ********************
skipping: [localhost]

TASK [/stigforge/roles/ol9_stig : Replace the audit rule in {{ audit_file }}] ***
skipping: [localhost]

TASK [/stigforge/roles/ol9_stig : Add the audit rule to {{ audit_file }}] ******
skipping: [localhost]

TASK [/stigforge/roles/ol9_stig : Declare list of syscalls] ********************
skipping: [localhost]

TASK [/stigforge/roles/ol9_stig : Check existence of umount in /etc/audit/rules.d/] ***
skipping: [localhost]

TASK [/stigforge/roles/ol9_stig : Reset syscalls found per file] ***************
skipping: [localhost]

TASK [/stigforge/roles/ol9_stig : Declare syscalls found per file] *************
skipping: [localhost]

TASK [/stigforge/roles/ol9_stig : Declare files where syscalls were found] *****
skipping: [localhost]

TASK [/stigforge/roles/ol9_stig : Count occurrences of syscalls in paths] ******
skipping: [localhost]

TASK [/stigforge/roles/ol9_stig : Get path with most syscalls] *****************
skipping: [localhost]

TASK [/stigforge/roles/ol9_stig : No file with syscall found, set path to /etc/audit/rules.d/perm_mod.rules] ***
skipping: [localhost]

TASK [/stigforge/roles/ol9_stig : Declare found syscalls] **********************
skipping: [localhost]

TASK [/stigforge/roles/ol9_stig : Declare missing syscalls] ********************
skipping: [localhost]

TASK [/stigforge/roles/ol9_stig : Replace the audit rule in {{ audit_file }}] ***
skipping: [localhost]

TASK [/stigforge/roles/ol9_stig : Add the audit rule to {{ audit_file }}] ******
skipping: [localhost]

TASK [/stigforge/roles/ol9_stig : Declare list of syscalls] ********************
skipping: [localhost]

TASK [/stigforge/roles/ol9_stig : Check existence of umount in /etc/audit/audit.rules] ***
skipping: [localhost]

TASK [/stigforge/roles/ol9_stig : Set path to /etc/audit/audit.rules] **********
skipping: [localhost]

TASK [/stigforge/roles/ol9_stig : Declare found syscalls] **********************
skipping: [localhost]

TASK [/stigforge/roles/ol9_stig : Declare missing syscalls] ********************
skipping: [localhost]

TASK [/stigforge/roles/ol9_stig : Replace the audit rule in {{ audit_file }}] ***
skipping: [localhost]

TASK [/stigforge/roles/ol9_stig : Add the audit rule to {{ audit_file }}] ******
skipping: [localhost]

TASK [/stigforge/roles/ol9_stig : Set architecture for audit umount2 tasks] ****
skipping: [localhost]

TASK [/stigforge/roles/ol9_stig : Declare list of syscalls] ********************
skipping: [localhost]

TASK [/stigforge/roles/ol9_stig : Check existence of umount2 in /etc/audit/rules.d/] ***
skipping: [localhost]

TASK [/stigforge/roles/ol9_stig : Reset syscalls found per file] ***************
skipping: [localhost]

TASK [/stigforge/roles/ol9_stig : Declare syscalls found per file] *************
skipping: [localhost]

TASK [/stigforge/roles/ol9_stig : Declare files where syscalls were found] *****
skipping: [localhost]

TASK [/stigforge/roles/ol9_stig : Count occurrences of syscalls in paths] ******
skipping: [localhost]

TASK [/stigforge/roles/ol9_stig : Get path with most syscalls] *****************
skipping: [localhost]

TASK [/stigforge/roles/ol9_stig : No file with syscall found, set path to /etc/audit/rules.d/perm_mod.rules] ***
skipping: [localhost]

TASK [/stigforge/roles/ol9_stig : Declare found syscalls] **********************
skipping: [localhost]

TASK [/stigforge/roles/ol9_stig : Declare missing syscalls] ********************
skipping: [localhost]

TASK [/stigforge/roles/ol9_stig : Replace the audit rule in {{ audit_file }}] ***
skipping: [localhost]

TASK [/stigforge/roles/ol9_stig : Add the audit rule to {{ audit_file }}] ******
skipping: [localhost]

TASK [/stigforge/roles/ol9_stig : Declare list of syscalls] ********************
skipping: [localhost]

TASK [/stigforge/roles/ol9_stig : Check existence of umount2 in /etc/audit/audit.rules] ***
skipping: [localhost]

TASK [/stigforge/roles/ol9_stig : Set path to /etc/audit/audit.rules] **********
skipping: [localhost]

TASK [/stigforge/roles/ol9_stig : Declare found syscalls] **********************
skipping: [localhost]

TASK [/stigforge/roles/ol9_stig : Declare missing syscalls] ********************
skipping: [localhost]

TASK [/stigforge/roles/ol9_stig : Replace the audit rule in {{ audit_file }}] ***
skipping: [localhost]

TASK [/stigforge/roles/ol9_stig : Add the audit rule to {{ audit_file }}] ******
skipping: [localhost]

TASK [/stigforge/roles/ol9_stig : Declare list of syscalls] ********************
skipping: [localhost]

TASK [/stigforge/roles/ol9_stig : Check existence of umount2 in /etc/audit/rules.d/] ***
skipping: [localhost]

TASK [/stigforge/roles/ol9_stig : Reset syscalls found per file] ***************
skipping: [localhost]

TASK [/stigforge/roles/ol9_stig : Declare syscalls found per file] *************
skipping: [localhost]

TASK [/stigforge/roles/ol9_stig : Declare files where syscalls were found] *****
skipping: [localhost]

TASK [/stigforge/roles/ol9_stig : Count occurrences of syscalls in paths] ******
skipping: [localhost]

TASK [/stigforge/roles/ol9_stig : Get path with most syscalls] *****************
skipping: [localhost]

TASK [/stigforge/roles/ol9_stig : No file with syscall found, set path to /etc/audit/rules.d/perm_mod.rules] ***
skipping: [localhost]

TASK [/stigforge/roles/ol9_stig : Declare found syscalls] **********************
skipping: [localhost]

TASK [/stigforge/roles/ol9_stig : Declare missing syscalls] ********************
skipping: [localhost]

TASK [/stigforge/roles/ol9_stig : Replace the audit rule in {{ audit_file }}] ***
skipping: [localhost]

TASK [/stigforge/roles/ol9_stig : Add the audit rule to {{ audit_file }}] ******
skipping: [localhost]

TASK [/stigforge/roles/ol9_stig : Declare list of syscalls] ********************
skipping: [localhost]

TASK [/stigforge/roles/ol9_stig : Check existence of umount2 in /etc/audit/audit.rules] ***
skipping: [localhost]

TASK [/stigforge/roles/ol9_stig : Set path to /etc/audit/audit.rules] **********
skipping: [localhost]

TASK [/stigforge/roles/ol9_stig : Declare found syscalls] **********************
skipping: [localhost]

TASK [/stigforge/roles/ol9_stig : Declare missing syscalls] ********************
skipping: [localhost]

TASK [/stigforge/roles/ol9_stig : Replace the audit rule in {{ audit_file }}] ***
skipping: [localhost]

TASK [/stigforge/roles/ol9_stig : Add the audit rule to {{ audit_file }}] ******
skipping: [localhost]

TASK [/stigforge/roles/ol9_stig : Declare list of syscalls] ********************
skipping: [localhost]

TASK [/stigforge/roles/ol9_stig : Check existence of  in /etc/audit/rules.d/] ***
skipping: [localhost]

TASK [/stigforge/roles/ol9_stig : Reset syscalls found per file] ***************
skipping: [localhost]

TASK [/stigforge/roles/ol9_stig : Declare syscalls found per file] *************
skipping: [localhost]

TASK [/stigforge/roles/ol9_stig : Declare files where syscalls were found] *****
skipping: [localhost]

TASK [/stigforge/roles/ol9_stig : Count occurrences of syscalls in paths] ******
skipping: [localhost]

TASK [/stigforge/roles/ol9_stig : Get path with most syscalls] *****************
skipping: [localhost]

TASK [/stigforge/roles/ol9_stig : No file with syscall found, set path to /etc/audit/rules.d/privileged.rules] ***
skipping: [localhost]

TASK [/stigforge/roles/ol9_stig : Declare found syscalls] **********************
skipping: [localhost]

TASK [/stigforge/roles/ol9_stig : Declare missing syscalls] ********************
skipping: [localhost]

TASK [/stigforge/roles/ol9_stig : Replace the audit rule in {{ audit_file }}] ***
skipping: [localhost]

TASK [/stigforge/roles/ol9_stig : Add the audit rule to {{ audit_file }}] ******
skipping: [localhost]

TASK [/stigforge/roles/ol9_stig : Declare list of syscalls] ********************
skipping: [localhost]

TASK [/stigforge/roles/ol9_stig : Check existence of  in /etc/audit/audit.rules] ***
skipping: [localhost]

TASK [/stigforge/roles/ol9_stig : Set path to /etc/audit/audit.rules] **********
skipping: [localhost]

TASK [/stigforge/roles/ol9_stig : Declare found syscalls] **********************
skipping: [localhost]

TASK [/stigforge/roles/ol9_stig : Declare missing syscalls] ********************
skipping: [localhost]

TASK [/stigforge/roles/ol9_stig : Replace the audit rule in {{ audit_file }}] ***
skipping: [localhost]

TASK [/stigforge/roles/ol9_stig : Add the audit rule to {{ audit_file }}] ******
skipping: [localhost]

TASK [/stigforge/roles/ol9_stig : Declare list of syscalls] ********************
skipping: [localhost]

TASK [/stigforge/roles/ol9_stig : Check existence of  in /etc/audit/rules.d/] ***
skipping: [localhost]

TASK [/stigforge/roles/ol9_stig : Reset syscalls found per file] ***************
skipping: [localhost]

TASK [/stigforge/roles/ol9_stig : Declare syscalls found per file] *************
skipping: [localhost]

TASK [/stigforge/roles/ol9_stig : Declare files where syscalls were found] *****
skipping: [localhost]

TASK [/stigforge/roles/ol9_stig : Count occurrences of syscalls in paths] ******
skipping: [localhost]

TASK [/stigforge/roles/ol9_stig : Get path with most syscalls] *****************
skipping: [localhost]

TASK [/stigforge/roles/ol9_stig : No file with syscall found, set path to /etc/audit/rules.d/privileged.rules] ***
skipping: [localhost]

TASK [/stigforge/roles/ol9_stig : Declare found syscalls] **********************
skipping: [localhost]

TASK [/stigforge/roles/ol9_stig : Declare missing syscalls] ********************
skipping: [localhost]

TASK [/stigforge/roles/ol9_stig : Replace the audit rule in {{ audit_file }}] ***
skipping: [localhost]

TASK [/stigforge/roles/ol9_stig : Add the audit rule to {{ audit_file }}] ******
skipping: [localhost]

TASK [/stigforge/roles/ol9_stig : Declare list of syscalls] ********************
skipping: [localhost]

TASK [/stigforge/roles/ol9_stig : Check existence of  in /etc/audit/audit.rules] ***
skipping: [localhost]

TASK [/stigforge/roles/ol9_stig : Set path to /etc/audit/audit.rules] **********
skipping: [localhost]

TASK [/stigforge/roles/ol9_stig : Declare found syscalls] **********************
skipping: [localhost]

TASK [/stigforge/roles/ol9_stig : Declare missing syscalls] ********************
skipping: [localhost]

TASK [/stigforge/roles/ol9_stig : Replace the audit rule in {{ audit_file }}] ***
skipping: [localhost]

TASK [/stigforge/roles/ol9_stig : Add the audit rule to {{ audit_file }}] ******
skipping: [localhost]

TASK [/stigforge/roles/ol9_stig : Declare list of syscalls] ********************
skipping: [localhost]

TASK [/stigforge/roles/ol9_stig : Check existence of  in /etc/audit/rules.d/] ***
skipping: [localhost]

TASK [/stigforge/roles/ol9_stig : Reset syscalls found per file] ***************
skipping: [localhost]

TASK [/stigforge/roles/ol9_stig : Declare syscalls found per file] *************
skipping: [localhost]

TASK [/stigforge/roles/ol9_stig : Declare files where syscalls were found] *****
skipping: [localhost]

TASK [/stigforge/roles/ol9_stig : Count occurrences of syscalls in paths] ******
skipping: [localhost]

TASK [/stigforge/roles/ol9_stig : Get path with most syscalls] *****************
skipping: [localhost]

TASK [/stigforge/roles/ol9_stig : No file with syscall found, set path to /etc/audit/rules.d/privileged.rules] ***
skipping: [localhost]

TASK [/stigforge/roles/ol9_stig : Declare found syscalls] **********************
skipping: [localhost]

TASK [/stigforge/roles/ol9_stig : Declare missing syscalls] ********************
skipping: [localhost]

TASK [/stigforge/roles/ol9_stig : Replace the audit rule in {{ audit_file }}] ***
skipping: [localhost]

TASK [/stigforge/roles/ol9_stig : Add the audit rule to {{ audit_file }}] ******
skipping: [localhost]

TASK [/stigforge/roles/ol9_stig : Declare list of syscalls] ********************
skipping: [localhost]

TASK [/stigforge/roles/ol9_stig : Check existence of  in /etc/audit/audit.rules] ***
skipping: [localhost]

TASK [/stigforge/roles/ol9_stig : Set path to /etc/audit/audit.rules] **********
skipping: [localhost]

TASK [/stigforge/roles/ol9_stig : Declare found syscalls] **********************
skipping: [localhost]

TASK [/stigforge/roles/ol9_stig : Declare missing syscalls] ********************
skipping: [localhost]

TASK [/stigforge/roles/ol9_stig : Replace the audit rule in {{ audit_file }}] ***
skipping: [localhost]

TASK [/stigforge/roles/ol9_stig : Add the audit rule to {{ audit_file }}] ******
skipping: [localhost]

TASK [/stigforge/roles/ol9_stig : Declare list of syscalls] ********************
skipping: [localhost]

TASK [/stigforge/roles/ol9_stig : Check existence of  in /etc/audit/rules.d/] ***
skipping: [localhost]

TASK [/stigforge/roles/ol9_stig : Reset syscalls found per file] ***************
skipping: [localhost]

TASK [/stigforge/roles/ol9_stig : Declare syscalls found per file] *************
skipping: [localhost]

TASK [/stigforge/roles/ol9_stig : Declare files where syscalls were found] *****
skipping: [localhost]

TASK [/stigforge/roles/ol9_stig : Count occurrences of syscalls in paths] ******
skipping: [localhost]

TASK [/stigforge/roles/ol9_stig : Get path with most syscalls] *****************
skipping: [localhost]

TASK [/stigforge/roles/ol9_stig : No file with syscall found, set path to /etc/audit/rules.d/privileged.rules] ***
skipping: [localhost]

TASK [/stigforge/roles/ol9_stig : Declare found syscalls] **********************
skipping: [localhost]

TASK [/stigforge/roles/ol9_stig : Declare missing syscalls] ********************
skipping: [localhost]

TASK [/stigforge/roles/ol9_stig : Replace the audit rule in {{ audit_file }}] ***
skipping: [localhost]

TASK [/stigforge/roles/ol9_stig : Add the audit rule to {{ audit_file }}] ******
skipping: [localhost]

TASK [/stigforge/roles/ol9_stig : Declare list of syscalls] ********************
skipping: [localhost]

TASK [/stigforge/roles/ol9_stig : Check existence of  in /etc/audit/audit.rules] ***
skipping: [localhost]

TASK [/stigforge/roles/ol9_stig : Set path to /etc/audit/audit.rules] **********
skipping: [localhost]

TASK [/stigforge/roles/ol9_stig : Declare found syscalls] **********************
skipping: [localhost]

TASK [/stigforge/roles/ol9_stig : Declare missing syscalls] ********************
skipping: [localhost]

TASK [/stigforge/roles/ol9_stig : Replace the audit rule in {{ audit_file }}] ***
skipping: [localhost]

TASK [/stigforge/roles/ol9_stig : Add the audit rule to {{ audit_file }}] ******
skipping: [localhost]

TASK [/stigforge/roles/ol9_stig : Declare list of syscalls] ********************
skipping: [localhost]

TASK [/stigforge/roles/ol9_stig : Check existence of  in /etc/audit/rules.d/] ***
skipping: [localhost]

TASK [/stigforge/roles/ol9_stig : Reset syscalls found per file] ***************
skipping: [localhost]

TASK [/stigforge/roles/ol9_stig : Declare syscalls found per file] *************
skipping: [localhost]

TASK [/stigforge/roles/ol9_stig : Declare files where syscalls were found] *****
skipping: [localhost]

TASK [/stigforge/roles/ol9_stig : Count occurrences of syscalls in paths] ******
skipping: [localhost]

TASK [/stigforge/roles/ol9_stig : Get path with most syscalls] *****************
skipping: [localhost]

TASK [/stigforge/roles/ol9_stig : No file with syscall found, set path to /etc/audit/rules.d/privileged.rules] ***
skipping: [localhost]

TASK [/stigforge/roles/ol9_stig : Declare found syscalls] **********************
skipping: [localhost]

TASK [/stigforge/roles/ol9_stig : Declare missing syscalls] ********************
skipping: [localhost]

TASK [/stigforge/roles/ol9_stig : Replace the audit rule in {{ audit_file }}] ***
skipping: [localhost]

TASK [/stigforge/roles/ol9_stig : Add the audit rule to {{ audit_file }}] ******
skipping: [localhost]

TASK [/stigforge/roles/ol9_stig : Declare list of syscalls] ********************
skipping: [localhost]

TASK [/stigforge/roles/ol9_stig : Check existence of  in /etc/audit/audit.rules] ***
skipping: [localhost]

TASK [/stigforge/roles/ol9_stig : Set path to /etc/audit/audit.rules] **********
skipping: [localhost]

TASK [/stigforge/roles/ol9_stig : Declare found syscalls] **********************
skipping: [localhost]

TASK [/stigforge/roles/ol9_stig : Declare missing syscalls] ********************
skipping: [localhost]

TASK [/stigforge/roles/ol9_stig : Replace the audit rule in {{ audit_file }}] ***
skipping: [localhost]

TASK [/stigforge/roles/ol9_stig : Add the audit rule to {{ audit_file }}] ******
skipping: [localhost]

TASK [/stigforge/roles/ol9_stig : Declare list of syscalls] ********************
skipping: [localhost]

TASK [/stigforge/roles/ol9_stig : Check existence of  in /etc/audit/rules.d/] ***
skipping: [localhost]

TASK [/stigforge/roles/ol9_stig : Reset syscalls found per file] ***************
skipping: [localhost]

TASK [/stigforge/roles/ol9_stig : Declare syscalls found per file] *************
skipping: [localhost]

TASK [/stigforge/roles/ol9_stig : Declare files where syscalls were found] *****
skipping: [localhost]

TASK [/stigforge/roles/ol9_stig : Count occurrences of syscalls in paths] ******
skipping: [localhost]

TASK [/stigforge/roles/ol9_stig : Get path with most syscalls] *****************
skipping: [localhost]

TASK [/stigforge/roles/ol9_stig : No file with syscall found, set path to /etc/audit/rules.d/privileged.rules] ***
skipping: [localhost]

TASK [/stigforge/roles/ol9_stig : Declare found syscalls] **********************
skipping: [localhost]

TASK [/stigforge/roles/ol9_stig : Declare missing syscalls] ********************
skipping: [localhost]

TASK [/stigforge/roles/ol9_stig : Replace the audit rule in {{ audit_file }}] ***
skipping: [localhost]

TASK [/stigforge/roles/ol9_stig : Add the audit rule to {{ audit_file }}] ******
skipping: [localhost]

TASK [/stigforge/roles/ol9_stig : Declare list of syscalls] ********************
skipping: [localhost]

TASK [/stigforge/roles/ol9_stig : Check existence of  in /etc/audit/audit.rules] ***
skipping: [localhost]

TASK [/stigforge/roles/ol9_stig : Set path to /etc/audit/audit.rules] **********
skipping: [localhost]

TASK [/stigforge/roles/ol9_stig : Declare found syscalls] **********************
skipping: [localhost]

TASK [/stigforge/roles/ol9_stig : Declare missing syscalls] ********************
skipping: [localhost]

TASK [/stigforge/roles/ol9_stig : Replace the audit rule in {{ audit_file }}] ***
skipping: [localhost]

TASK [/stigforge/roles/ol9_stig : Add the audit rule to {{ audit_file }}] ******
skipping: [localhost]

TASK [/stigforge/roles/ol9_stig : Set architecture for audit rename tasks] *****
skipping: [localhost]

TASK [/stigforge/roles/ol9_stig : Declare list of syscalls] ********************
skipping: [localhost]

TASK [/stigforge/roles/ol9_stig : Check existence of rename in /etc/audit/rules.d/] ***
skipping: [localhost]

TASK [/stigforge/roles/ol9_stig : Reset syscalls found per file] ***************
skipping: [localhost]

TASK [/stigforge/roles/ol9_stig : Declare syscalls found per file] *************
skipping: [localhost]

TASK [/stigforge/roles/ol9_stig : Declare files where syscalls were found] *****
skipping: [localhost]

TASK [/stigforge/roles/ol9_stig : Count occurrences of syscalls in paths] ******
skipping: [localhost]

TASK [/stigforge/roles/ol9_stig : Get path with most syscalls] *****************
skipping: [localhost]

TASK [/stigforge/roles/ol9_stig : No file with syscall found, set path to /etc/audit/rules.d/delete.rules] ***
skipping: [localhost]

TASK [/stigforge/roles/ol9_stig : Declare found syscalls] **********************
skipping: [localhost]

TASK [/stigforge/roles/ol9_stig : Declare missing syscalls] ********************
skipping: [localhost]

TASK [/stigforge/roles/ol9_stig : Replace the audit rule in {{ audit_file }}] ***
skipping: [localhost]

TASK [/stigforge/roles/ol9_stig : Add the audit rule to {{ audit_file }}] ******
skipping: [localhost]

TASK [/stigforge/roles/ol9_stig : Declare list of syscalls] ********************
skipping: [localhost]

TASK [/stigforge/roles/ol9_stig : Check existence of rename in /etc/audit/audit.rules] ***
skipping: [localhost]

TASK [/stigforge/roles/ol9_stig : Set path to /etc/audit/audit.rules] **********
skipping: [localhost]

TASK [/stigforge/roles/ol9_stig : Declare found syscalls] **********************
skipping: [localhost]

TASK [/stigforge/roles/ol9_stig : Declare missing syscalls] ********************
skipping: [localhost]

TASK [/stigforge/roles/ol9_stig : Replace the audit rule in {{ audit_file }}] ***
skipping: [localhost]

TASK [/stigforge/roles/ol9_stig : Add the audit rule to {{ audit_file }}] ******
skipping: [localhost]

TASK [/stigforge/roles/ol9_stig : Declare list of syscalls] ********************
skipping: [localhost]

TASK [/stigforge/roles/ol9_stig : Check existence of rename in /etc/audit/rules.d/] ***
skipping: [localhost]

TASK [/stigforge/roles/ol9_stig : Reset syscalls found per file] ***************
skipping: [localhost]

TASK [/stigforge/roles/ol9_stig : Declare syscalls found per file] *************
skipping: [localhost]

TASK [/stigforge/roles/ol9_stig : Declare files where syscalls were found] *****
skipping: [localhost]

TASK [/stigforge/roles/ol9_stig : Count occurrences of syscalls in paths] ******
skipping: [localhost]

TASK [/stigforge/roles/ol9_stig : Get path with most syscalls] *****************
skipping: [localhost]

TASK [/stigforge/roles/ol9_stig : No file with syscall found, set path to /etc/audit/rules.d/delete.rules] ***
skipping: [localhost]

TASK [/stigforge/roles/ol9_stig : Declare found syscalls] **********************
skipping: [localhost]

TASK [/stigforge/roles/ol9_stig : Declare missing syscalls] ********************
skipping: [localhost]

TASK [/stigforge/roles/ol9_stig : Replace the audit rule in {{ audit_file }}] ***
skipping: [localhost]

TASK [/stigforge/roles/ol9_stig : Add the audit rule to {{ audit_file }}] ******
skipping: [localhost]

TASK [/stigforge/roles/ol9_stig : Declare list of syscalls] ********************
skipping: [localhost]

TASK [/stigforge/roles/ol9_stig : Check existence of rename in /etc/audit/audit.rules] ***
skipping: [localhost]

TASK [/stigforge/roles/ol9_stig : Set path to /etc/audit/audit.rules] **********
skipping: [localhost]

TASK [/stigforge/roles/ol9_stig : Declare found syscalls] **********************
skipping: [localhost]

TASK [/stigforge/roles/ol9_stig : Declare missing syscalls] ********************
skipping: [localhost]

TASK [/stigforge/roles/ol9_stig : Replace the audit rule in {{ audit_file }}] ***
skipping: [localhost]

TASK [/stigforge/roles/ol9_stig : Add the audit rule to {{ audit_file }}] ******
skipping: [localhost]

TASK [/stigforge/roles/ol9_stig : Set architecture for audit renameat tasks] ***
skipping: [localhost]

TASK [/stigforge/roles/ol9_stig : Declare list of syscalls] ********************
skipping: [localhost]

TASK [/stigforge/roles/ol9_stig : Check existence of renameat in /etc/audit/rules.d/] ***
skipping: [localhost]

TASK [/stigforge/roles/ol9_stig : Reset syscalls found per file] ***************
skipping: [localhost]

TASK [/stigforge/roles/ol9_stig : Declare syscalls found per file] *************
skipping: [localhost]

TASK [/stigforge/roles/ol9_stig : Declare files where syscalls were found] *****
skipping: [localhost]

TASK [/stigforge/roles/ol9_stig : Count occurrences of syscalls in paths] ******
skipping: [localhost]

TASK [/stigforge/roles/ol9_stig : Get path with most syscalls] *****************
skipping: [localhost]

TASK [/stigforge/roles/ol9_stig : No file with syscall found, set path to /etc/audit/rules.d/delete.rules] ***
skipping: [localhost]

TASK [/stigforge/roles/ol9_stig : Declare found syscalls] **********************
skipping: [localhost]

TASK [/stigforge/roles/ol9_stig : Declare missing syscalls] ********************
skipping: [localhost]

TASK [/stigforge/roles/ol9_stig : Replace the audit rule in {{ audit_file }}] ***
skipping: [localhost]

TASK [/stigforge/roles/ol9_stig : Add the audit rule to {{ audit_file }}] ******
skipping: [localhost]

TASK [/stigforge/roles/ol9_stig : Declare list of syscalls] ********************
skipping: [localhost]

TASK [/stigforge/roles/ol9_stig : Check existence of renameat in /etc/audit/audit.rules] ***
skipping: [localhost]

TASK [/stigforge/roles/ol9_stig : Set path to /etc/audit/audit.rules] **********
skipping: [localhost]

TASK [/stigforge/roles/ol9_stig : Declare found syscalls] **********************
skipping: [localhost]

TASK [/stigforge/roles/ol9_stig : Declare missing syscalls] ********************
skipping: [localhost]

TASK [/stigforge/roles/ol9_stig : Replace the audit rule in {{ audit_file }}] ***
skipping: [localhost]

TASK [/stigforge/roles/ol9_stig : Add the audit rule to {{ audit_file }}] ******
skipping: [localhost]

TASK [/stigforge/roles/ol9_stig : Declare list of syscalls] ********************
skipping: [localhost]

TASK [/stigforge/roles/ol9_stig : Check existence of renameat in /etc/audit/rules.d/] ***
skipping: [localhost]

TASK [/stigforge/roles/ol9_stig : Reset syscalls found per file] ***************
skipping: [localhost]

TASK [/stigforge/roles/ol9_stig : Declare syscalls found per file] *************
skipping: [localhost]

TASK [/stigforge/roles/ol9_stig : Declare files where syscalls were found] *****
skipping: [localhost]

TASK [/stigforge/roles/ol9_stig : Count occurrences of syscalls in paths] ******
skipping: [localhost]

TASK [/stigforge/roles/ol9_stig : Get path with most syscalls] *****************
skipping: [localhost]

TASK [/stigforge/roles/ol9_stig : No file with syscall found, set path to /etc/audit/rules.d/delete.rules] ***
skipping: [localhost]

TASK [/stigforge/roles/ol9_stig : Declare found syscalls] **********************
skipping: [localhost]

TASK [/stigforge/roles/ol9_stig : Declare missing syscalls] ********************
skipping: [localhost]

TASK [/stigforge/roles/ol9_stig : Replace the audit rule in {{ audit_file }}] ***
skipping: [localhost]

TASK [/stigforge/roles/ol9_stig : Add the audit rule to {{ audit_file }}] ******
skipping: [localhost]

TASK [/stigforge/roles/ol9_stig : Declare list of syscalls] ********************
skipping: [localhost]

TASK [/stigforge/roles/ol9_stig : Check existence of renameat in /etc/audit/audit.rules] ***
skipping: [localhost]

TASK [/stigforge/roles/ol9_stig : Set path to /etc/audit/audit.rules] **********
skipping: [localhost]

TASK [/stigforge/roles/ol9_stig : Declare found syscalls] **********************
skipping: [localhost]

TASK [/stigforge/roles/ol9_stig : Declare missing syscalls] ********************
skipping: [localhost]

TASK [/stigforge/roles/ol9_stig : Replace the audit rule in {{ audit_file }}] ***
skipping: [localhost]

TASK [/stigforge/roles/ol9_stig : Add the audit rule to {{ audit_file }}] ******
skipping: [localhost]

TASK [/stigforge/roles/ol9_stig : Set architecture for audit rmdir tasks] ******
skipping: [localhost]

TASK [/stigforge/roles/ol9_stig : Declare list of syscalls] ********************
skipping: [localhost]

TASK [/stigforge/roles/ol9_stig : Check existence of rmdir in /etc/audit/rules.d/] ***
skipping: [localhost]

TASK [/stigforge/roles/ol9_stig : Reset syscalls found per file] ***************
skipping: [localhost]

TASK [/stigforge/roles/ol9_stig : Declare syscalls found per file] *************
skipping: [localhost]

TASK [/stigforge/roles/ol9_stig : Declare files where syscalls were found] *****
skipping: [localhost]

TASK [/stigforge/roles/ol9_stig : Count occurrences of syscalls in paths] ******
skipping: [localhost]

TASK [/stigforge/roles/ol9_stig : Get path with most syscalls] *****************
skipping: [localhost]

TASK [/stigforge/roles/ol9_stig : No file with syscall found, set path to /etc/audit/rules.d/delete.rules] ***
skipping: [localhost]

TASK [/stigforge/roles/ol9_stig : Declare found syscalls] **********************
skipping: [localhost]

TASK [/stigforge/roles/ol9_stig : Declare missing syscalls] ********************
skipping: [localhost]

TASK [/stigforge/roles/ol9_stig : Replace the audit rule in {{ audit_file }}] ***
skipping: [localhost]

TASK [/stigforge/roles/ol9_stig : Add the audit rule to {{ audit_file }}] ******
skipping: [localhost]

TASK [/stigforge/roles/ol9_stig : Declare list of syscalls] ********************
skipping: [localhost]

TASK [/stigforge/roles/ol9_stig : Check existence of rmdir in /etc/audit/audit.rules] ***
skipping: [localhost]

TASK [/stigforge/roles/ol9_stig : Set path to /etc/audit/audit.rules] **********
skipping: [localhost]

TASK [/stigforge/roles/ol9_stig : Declare found syscalls] **********************
skipping: [localhost]

TASK [/stigforge/roles/ol9_stig : Declare missing syscalls] ********************
skipping: [localhost]

TASK [/stigforge/roles/ol9_stig : Replace the audit rule in {{ audit_file }}] ***
skipping: [localhost]

TASK [/stigforge/roles/ol9_stig : Add the audit rule to {{ audit_file }}] ******
skipping: [localhost]

TASK [/stigforge/roles/ol9_stig : Declare list of syscalls] ********************
skipping: [localhost]

TASK [/stigforge/roles/ol9_stig : Check existence of rmdir in /etc/audit/rules.d/] ***
skipping: [localhost]

TASK [/stigforge/roles/ol9_stig : Reset syscalls found per file] ***************
skipping: [localhost]

TASK [/stigforge/roles/ol9_stig : Declare syscalls found per file] *************
skipping: [localhost]

TASK [/stigforge/roles/ol9_stig : Declare files where syscalls were found] *****
skipping: [localhost]

TASK [/stigforge/roles/ol9_stig : Count occurrences of syscalls in paths] ******
skipping: [localhost]

TASK [/stigforge/roles/ol9_stig : Get path with most syscalls] *****************
skipping: [localhost]

TASK [/stigforge/roles/ol9_stig : No file with syscall found, set path to /etc/audit/rules.d/delete.rules] ***
skipping: [localhost]

TASK [/stigforge/roles/ol9_stig : Declare found syscalls] **********************
skipping: [localhost]

TASK [/stigforge/roles/ol9_stig : Declare missing syscalls] ********************
skipping: [localhost]

TASK [/stigforge/roles/ol9_stig : Replace the audit rule in {{ audit_file }}] ***
skipping: [localhost]

TASK [/stigforge/roles/ol9_stig : Add the audit rule to {{ audit_file }}] ******
skipping: [localhost]

TASK [/stigforge/roles/ol9_stig : Declare list of syscalls] ********************
skipping: [localhost]

TASK [/stigforge/roles/ol9_stig : Check existence of rmdir in /etc/audit/audit.rules] ***
skipping: [localhost]

TASK [/stigforge/roles/ol9_stig : Set path to /etc/audit/audit.rules] **********
skipping: [localhost]

TASK [/stigforge/roles/ol9_stig : Declare found syscalls] **********************
skipping: [localhost]

TASK [/stigforge/roles/ol9_stig : Declare missing syscalls] ********************
skipping: [localhost]

TASK [/stigforge/roles/ol9_stig : Replace the audit rule in {{ audit_file }}] ***
skipping: [localhost]

TASK [/stigforge/roles/ol9_stig : Add the audit rule to {{ audit_file }}] ******
skipping: [localhost]

TASK [/stigforge/roles/ol9_stig : Set architecture for audit unlink tasks] *****
skipping: [localhost]

TASK [/stigforge/roles/ol9_stig : Declare list of syscalls] ********************
skipping: [localhost]

TASK [/stigforge/roles/ol9_stig : Check existence of unlink in /etc/audit/rules.d/] ***
skipping: [localhost]

TASK [/stigforge/roles/ol9_stig : Reset syscalls found per file] ***************
skipping: [localhost]

TASK [/stigforge/roles/ol9_stig : Declare syscalls found per file] *************
skipping: [localhost]

TASK [/stigforge/roles/ol9_stig : Declare files where syscalls were found] *****
skipping: [localhost]

TASK [/stigforge/roles/ol9_stig : Count occurrences of syscalls in paths] ******
skipping: [localhost]

TASK [/stigforge/roles/ol9_stig : Get path with most syscalls] *****************
skipping: [localhost]

TASK [/stigforge/roles/ol9_stig : No file with syscall found, set path to /etc/audit/rules.d/delete.rules] ***
skipping: [localhost]

TASK [/stigforge/roles/ol9_stig : Declare found syscalls] **********************
skipping: [localhost]

TASK [/stigforge/roles/ol9_stig : Declare missing syscalls] ********************
skipping: [localhost]

TASK [/stigforge/roles/ol9_stig : Replace the audit rule in {{ audit_file }}] ***
skipping: [localhost]

TASK [/stigforge/roles/ol9_stig : Add the audit rule to {{ audit_file }}] ******
skipping: [localhost]

TASK [/stigforge/roles/ol9_stig : Declare list of syscalls] ********************
skipping: [localhost]

TASK [/stigforge/roles/ol9_stig : Check existence of unlink in /etc/audit/audit.rules] ***
skipping: [localhost]

TASK [/stigforge/roles/ol9_stig : Set path to /etc/audit/audit.rules] **********
skipping: [localhost]

TASK [/stigforge/roles/ol9_stig : Declare found syscalls] **********************
skipping: [localhost]

TASK [/stigforge/roles/ol9_stig : Declare missing syscalls] ********************
skipping: [localhost]

TASK [/stigforge/roles/ol9_stig : Replace the audit rule in {{ audit_file }}] ***
skipping: [localhost]

TASK [/stigforge/roles/ol9_stig : Add the audit rule to {{ audit_file }}] ******
skipping: [localhost]

TASK [/stigforge/roles/ol9_stig : Declare list of syscalls] ********************
skipping: [localhost]

TASK [/stigforge/roles/ol9_stig : Check existence of unlink in /etc/audit/rules.d/] ***
skipping: [localhost]

TASK [/stigforge/roles/ol9_stig : Reset syscalls found per file] ***************
skipping: [localhost]

TASK [/stigforge/roles/ol9_stig : Declare syscalls found per file] *************
skipping: [localhost]

TASK [/stigforge/roles/ol9_stig : Declare files where syscalls were found] *****
skipping: [localhost]

TASK [/stigforge/roles/ol9_stig : Count occurrences of syscalls in paths] ******
skipping: [localhost]

TASK [/stigforge/roles/ol9_stig : Get path with most syscalls] *****************
skipping: [localhost]

TASK [/stigforge/roles/ol9_stig : No file with syscall found, set path to /etc/audit/rules.d/delete.rules] ***
skipping: [localhost]

TASK [/stigforge/roles/ol9_stig : Declare found syscalls] **********************
skipping: [localhost]

TASK [/stigforge/roles/ol9_stig : Declare missing syscalls] ********************
skipping: [localhost]

TASK [/stigforge/roles/ol9_stig : Replace the audit rule in {{ audit_file }}] ***
skipping: [localhost]

TASK [/stigforge/roles/ol9_stig : Add the audit rule to {{ audit_file }}] ******
skipping: [localhost]

TASK [/stigforge/roles/ol9_stig : Declare list of syscalls] ********************
skipping: [localhost]

TASK [/stigforge/roles/ol9_stig : Check existence of unlink in /etc/audit/audit.rules] ***
skipping: [localhost]

TASK [/stigforge/roles/ol9_stig : Set path to /etc/audit/audit.rules] **********
skipping: [localhost]

TASK [/stigforge/roles/ol9_stig : Declare found syscalls] **********************
skipping: [localhost]

TASK [/stigforge/roles/ol9_stig : Declare missing syscalls] ********************
skipping: [localhost]

TASK [/stigforge/roles/ol9_stig : Replace the audit rule in {{ audit_file }}] ***
skipping: [localhost]

TASK [/stigforge/roles/ol9_stig : Add the audit rule to {{ audit_file }}] ******
skipping: [localhost]

TASK [/stigforge/roles/ol9_stig : Set architecture for audit unlinkat tasks] ***
skipping: [localhost]

TASK [/stigforge/roles/ol9_stig : Declare list of syscalls] ********************
skipping: [localhost]

TASK [/stigforge/roles/ol9_stig : Check existence of unlinkat in /etc/audit/rules.d/] ***
skipping: [localhost]

TASK [/stigforge/roles/ol9_stig : Reset syscalls found per file] ***************
skipping: [localhost]

TASK [/stigforge/roles/ol9_stig : Declare syscalls found per file] *************
skipping: [localhost]

TASK [/stigforge/roles/ol9_stig : Declare files where syscalls were found] *****
skipping: [localhost]

TASK [/stigforge/roles/ol9_stig : Count occurrences of syscalls in paths] ******
skipping: [localhost]

TASK [/stigforge/roles/ol9_stig : Get path with most syscalls] *****************
skipping: [localhost]

TASK [/stigforge/roles/ol9_stig : No file with syscall found, set path to /etc/audit/rules.d/delete.rules] ***
skipping: [localhost]

TASK [/stigforge/roles/ol9_stig : Declare found syscalls] **********************
skipping: [localhost]

TASK [/stigforge/roles/ol9_stig : Declare missing syscalls] ********************
skipping: [localhost]

TASK [/stigforge/roles/ol9_stig : Replace the audit rule in {{ audit_file }}] ***
skipping: [localhost]

TASK [/stigforge/roles/ol9_stig : Add the audit rule to {{ audit_file }}] ******
skipping: [localhost]

TASK [/stigforge/roles/ol9_stig : Declare list of syscalls] ********************
skipping: [localhost]

TASK [/stigforge/roles/ol9_stig : Check existence of unlinkat in /etc/audit/audit.rules] ***
skipping: [localhost]

TASK [/stigforge/roles/ol9_stig : Set path to /etc/audit/audit.rules] **********
skipping: [localhost]

TASK [/stigforge/roles/ol9_stig : Declare found syscalls] **********************
skipping: [localhost]

TASK [/stigforge/roles/ol9_stig : Declare missing syscalls] ********************
skipping: [localhost]

TASK [/stigforge/roles/ol9_stig : Replace the audit rule in {{ audit_file }}] ***
skipping: [localhost]

TASK [/stigforge/roles/ol9_stig : Add the audit rule to {{ audit_file }}] ******
skipping: [localhost]

TASK [/stigforge/roles/ol9_stig : Declare list of syscalls] ********************
skipping: [localhost]

TASK [/stigforge/roles/ol9_stig : Check existence of unlinkat in /etc/audit/rules.d/] ***
skipping: [localhost]

TASK [/stigforge/roles/ol9_stig : Reset syscalls found per file] ***************
skipping: [localhost]

TASK [/stigforge/roles/ol9_stig : Declare syscalls found per file] *************
skipping: [localhost]

TASK [/stigforge/roles/ol9_stig : Declare files where syscalls were found] *****
skipping: [localhost]

TASK [/stigforge/roles/ol9_stig : Count occurrences of syscalls in paths] ******
skipping: [localhost]

TASK [/stigforge/roles/ol9_stig : Get path with most syscalls] *****************
skipping: [localhost]

TASK [/stigforge/roles/ol9_stig : No file with syscall found, set path to /etc/audit/rules.d/delete.rules] ***
skipping: [localhost]

TASK [/stigforge/roles/ol9_stig : Declare found syscalls] **********************
skipping: [localhost]

TASK [/stigforge/roles/ol9_stig : Declare missing syscalls] ********************
skipping: [localhost]

TASK [/stigforge/roles/ol9_stig : Replace the audit rule in {{ audit_file }}] ***
skipping: [localhost]

TASK [/stigforge/roles/ol9_stig : Add the audit rule to {{ audit_file }}] ******
skipping: [localhost]

TASK [/stigforge/roles/ol9_stig : Declare list of syscalls] ********************
skipping: [localhost]

TASK [/stigforge/roles/ol9_stig : Check existence of unlinkat in /etc/audit/audit.rules] ***
skipping: [localhost]

TASK [/stigforge/roles/ol9_stig : Set path to /etc/audit/audit.rules] **********
skipping: [localhost]

TASK [/stigforge/roles/ol9_stig : Declare found syscalls] **********************
skipping: [localhost]

TASK [/stigforge/roles/ol9_stig : Declare missing syscalls] ********************
skipping: [localhost]

TASK [/stigforge/roles/ol9_stig : Replace the audit rule in {{ audit_file }}] ***
skipping: [localhost]

TASK [/stigforge/roles/ol9_stig : Add the audit rule to {{ audit_file }}] ******
skipping: [localhost]

TASK [/stigforge/roles/ol9_stig : Set architecture for audit creat tasks] ******
skipping: [localhost]

TASK [/stigforge/roles/ol9_stig : Declare list of syscalls] ********************
skipping: [localhost]

TASK [/stigforge/roles/ol9_stig : Check existence of creat in /etc/audit/rules.d/] ***
skipping: [localhost]

TASK [/stigforge/roles/ol9_stig : Reset syscalls found per file] ***************
skipping: [localhost]

TASK [/stigforge/roles/ol9_stig : Declare syscalls found per file] *************
skipping: [localhost]

TASK [/stigforge/roles/ol9_stig : Declare files where syscalls were found] *****
skipping: [localhost]

TASK [/stigforge/roles/ol9_stig : Count occurrences of syscalls in paths] ******
skipping: [localhost]

TASK [/stigforge/roles/ol9_stig : Get path with most syscalls] *****************
skipping: [localhost]

TASK [/stigforge/roles/ol9_stig : No file with syscall found, set path to /etc/audit/rules.d/access.rules] ***
skipping: [localhost]

TASK [/stigforge/roles/ol9_stig : Declare found syscalls] **********************
skipping: [localhost]

TASK [/stigforge/roles/ol9_stig : Declare missing syscalls] ********************
skipping: [localhost]

TASK [/stigforge/roles/ol9_stig : Replace the audit rule in {{ audit_file }}] ***
skipping: [localhost]

TASK [/stigforge/roles/ol9_stig : Add the audit rule to {{ audit_file }}] ******
skipping: [localhost]

TASK [/stigforge/roles/ol9_stig : Declare list of syscalls] ********************
skipping: [localhost]

TASK [/stigforge/roles/ol9_stig : Check existence of creat in /etc/audit/audit.rules] ***
skipping: [localhost]

TASK [/stigforge/roles/ol9_stig : Set path to /etc/audit/audit.rules] **********
skipping: [localhost]

TASK [/stigforge/roles/ol9_stig : Declare found syscalls] **********************
skipping: [localhost]

TASK [/stigforge/roles/ol9_stig : Declare missing syscalls] ********************
skipping: [localhost]

TASK [/stigforge/roles/ol9_stig : Replace the audit rule in {{ audit_file }}] ***
skipping: [localhost]

TASK [/stigforge/roles/ol9_stig : Add the audit rule to {{ audit_file }}] ******
skipping: [localhost]

TASK [/stigforge/roles/ol9_stig : Declare list of syscalls] ********************
skipping: [localhost]

TASK [/stigforge/roles/ol9_stig : Check existence of creat in /etc/audit/rules.d/] ***
skipping: [localhost]

TASK [/stigforge/roles/ol9_stig : Reset syscalls found per file] ***************
skipping: [localhost]

TASK [/stigforge/roles/ol9_stig : Declare syscalls found per file] *************
skipping: [localhost]

TASK [/stigforge/roles/ol9_stig : Declare files where syscalls were found] *****
skipping: [localhost]

TASK [/stigforge/roles/ol9_stig : Count occurrences of syscalls in paths] ******
skipping: [localhost]

TASK [/stigforge/roles/ol9_stig : Get path with most syscalls] *****************
skipping: [localhost]

TASK [/stigforge/roles/ol9_stig : No file with syscall found, set path to /etc/audit/rules.d/access.rules] ***
skipping: [localhost]

TASK [/stigforge/roles/ol9_stig : Declare found syscalls] **********************
skipping: [localhost]

TASK [/stigforge/roles/ol9_stig : Declare missing syscalls] ********************
skipping: [localhost]

TASK [/stigforge/roles/ol9_stig : Replace the audit rule in {{ audit_file }}] ***
skipping: [localhost]

TASK [/stigforge/roles/ol9_stig : Add the audit rule to {{ audit_file }}] ******
skipping: [localhost]

TASK [/stigforge/roles/ol9_stig : Declare list of syscalls] ********************
skipping: [localhost]

TASK [/stigforge/roles/ol9_stig : Check existence of creat in /etc/audit/audit.rules] ***
skipping: [localhost]

TASK [/stigforge/roles/ol9_stig : Set path to /etc/audit/audit.rules] **********
skipping: [localhost]

TASK [/stigforge/roles/ol9_stig : Declare found syscalls] **********************
skipping: [localhost]

TASK [/stigforge/roles/ol9_stig : Declare missing syscalls] ********************
skipping: [localhost]

TASK [/stigforge/roles/ol9_stig : Replace the audit rule in {{ audit_file }}] ***
skipping: [localhost]

TASK [/stigforge/roles/ol9_stig : Add the audit rule to {{ audit_file }}] ******
skipping: [localhost]

TASK [/stigforge/roles/ol9_stig : Declare list of syscalls] ********************
skipping: [localhost]

TASK [/stigforge/roles/ol9_stig : Check existence of creat in /etc/audit/rules.d/] ***
skipping: [localhost]

TASK [/stigforge/roles/ol9_stig : Reset syscalls found per file] ***************
skipping: [localhost]

TASK [/stigforge/roles/ol9_stig : Declare syscalls found per file] *************
skipping: [localhost]

TASK [/stigforge/roles/ol9_stig : Declare files where syscalls were found] *****
skipping: [localhost]

TASK [/stigforge/roles/ol9_stig : Count occurrences of syscalls in paths] ******
skipping: [localhost]

TASK [/stigforge/roles/ol9_stig : Get path with most syscalls] *****************
skipping: [localhost]

TASK [/stigforge/roles/ol9_stig : No file with syscall found, set path to /etc/audit/rules.d/access.rules] ***
skipping: [localhost]

TASK [/stigforge/roles/ol9_stig : Declare found syscalls] **********************
skipping: [localhost]

TASK [/stigforge/roles/ol9_stig : Declare missing syscalls] ********************
skipping: [localhost]

TASK [/stigforge/roles/ol9_stig : Replace the audit rule in {{ audit_file }}] ***
skipping: [localhost]

TASK [/stigforge/roles/ol9_stig : Add the audit rule to {{ audit_file }}] ******
skipping: [localhost]

TASK [/stigforge/roles/ol9_stig : Declare list of syscalls] ********************
skipping: [localhost]

TASK [/stigforge/roles/ol9_stig : Check existence of creat in /etc/audit/audit.rules] ***
skipping: [localhost]

TASK [/stigforge/roles/ol9_stig : Set path to /etc/audit/audit.rules] **********
skipping: [localhost]

TASK [/stigforge/roles/ol9_stig : Declare found syscalls] **********************
skipping: [localhost]

TASK [/stigforge/roles/ol9_stig : Declare missing syscalls] ********************
skipping: [localhost]

TASK [/stigforge/roles/ol9_stig : Replace the audit rule in {{ audit_file }}] ***
skipping: [localhost]

TASK [/stigforge/roles/ol9_stig : Add the audit rule to {{ audit_file }}] ******
skipping: [localhost]

TASK [/stigforge/roles/ol9_stig : Declare list of syscalls] ********************
skipping: [localhost]

TASK [/stigforge/roles/ol9_stig : Check existence of creat in /etc/audit/rules.d/] ***
skipping: [localhost]

TASK [/stigforge/roles/ol9_stig : Reset syscalls found per file] ***************
skipping: [localhost]

TASK [/stigforge/roles/ol9_stig : Declare syscalls found per file] *************
skipping: [localhost]

TASK [/stigforge/roles/ol9_stig : Declare files where syscalls were found] *****
skipping: [localhost]

TASK [/stigforge/roles/ol9_stig : Count occurrences of syscalls in paths] ******
skipping: [localhost]

TASK [/stigforge/roles/ol9_stig : Get path with most syscalls] *****************
skipping: [localhost]

TASK [/stigforge/roles/ol9_stig : No file with syscall found, set path to /etc/audit/rules.d/access.rules] ***
skipping: [localhost]

TASK [/stigforge/roles/ol9_stig : Declare found syscalls] **********************
skipping: [localhost]

TASK [/stigforge/roles/ol9_stig : Declare missing syscalls] ********************
skipping: [localhost]

TASK [/stigforge/roles/ol9_stig : Replace the audit rule in {{ audit_file }}] ***
skipping: [localhost]

TASK [/stigforge/roles/ol9_stig : Add the audit rule to {{ audit_file }}] ******
skipping: [localhost]

TASK [/stigforge/roles/ol9_stig : Declare list of syscalls] ********************
skipping: [localhost]

TASK [/stigforge/roles/ol9_stig : Check existence of creat in /etc/audit/audit.rules] ***
skipping: [localhost]

TASK [/stigforge/roles/ol9_stig : Set path to /etc/audit/audit.rules] **********
skipping: [localhost]

TASK [/stigforge/roles/ol9_stig : Declare found syscalls] **********************
skipping: [localhost]

TASK [/stigforge/roles/ol9_stig : Declare missing syscalls] ********************
skipping: [localhost]

TASK [/stigforge/roles/ol9_stig : Replace the audit rule in {{ audit_file }}] ***
skipping: [localhost]

TASK [/stigforge/roles/ol9_stig : Add the audit rule to {{ audit_file }}] ******
skipping: [localhost]

TASK [/stigforge/roles/ol9_stig : Set architecture for audit ftruncate tasks] ***
skipping: [localhost]

TASK [/stigforge/roles/ol9_stig : Declare list of syscalls] ********************
skipping: [localhost]

TASK [/stigforge/roles/ol9_stig : Check existence of ftruncate in /etc/audit/rules.d/] ***
skipping: [localhost]

TASK [/stigforge/roles/ol9_stig : Reset syscalls found per file] ***************
skipping: [localhost]

TASK [/stigforge/roles/ol9_stig : Declare syscalls found per file] *************
skipping: [localhost]

TASK [/stigforge/roles/ol9_stig : Declare files where syscalls were found] *****
skipping: [localhost]

TASK [/stigforge/roles/ol9_stig : Count occurrences of syscalls in paths] ******
skipping: [localhost]

TASK [/stigforge/roles/ol9_stig : Get path with most syscalls] *****************
skipping: [localhost]

TASK [/stigforge/roles/ol9_stig : No file with syscall found, set path to /etc/audit/rules.d/access.rules] ***
skipping: [localhost]

TASK [/stigforge/roles/ol9_stig : Declare found syscalls] **********************
skipping: [localhost]

TASK [/stigforge/roles/ol9_stig : Declare missing syscalls] ********************
skipping: [localhost]

TASK [/stigforge/roles/ol9_stig : Replace the audit rule in {{ audit_file }}] ***
skipping: [localhost]

TASK [/stigforge/roles/ol9_stig : Add the audit rule to {{ audit_file }}] ******
skipping: [localhost]

TASK [/stigforge/roles/ol9_stig : Declare list of syscalls] ********************
skipping: [localhost]

TASK [/stigforge/roles/ol9_stig : Check existence of ftruncate in /etc/audit/audit.rules] ***
skipping: [localhost]

TASK [/stigforge/roles/ol9_stig : Set path to /etc/audit/audit.rules] **********
skipping: [localhost]

TASK [/stigforge/roles/ol9_stig : Declare found syscalls] **********************
skipping: [localhost]

TASK [/stigforge/roles/ol9_stig : Declare missing syscalls] ********************
skipping: [localhost]

TASK [/stigforge/roles/ol9_stig : Replace the audit rule in {{ audit_file }}] ***
skipping: [localhost]

TASK [/stigforge/roles/ol9_stig : Add the audit rule to {{ audit_file }}] ******
skipping: [localhost]

TASK [/stigforge/roles/ol9_stig : Declare list of syscalls] ********************
skipping: [localhost]

TASK [/stigforge/roles/ol9_stig : Check existence of ftruncate in /etc/audit/rules.d/] ***
skipping: [localhost]

TASK [/stigforge/roles/ol9_stig : Reset syscalls found per file] ***************
skipping: [localhost]

TASK [/stigforge/roles/ol9_stig : Declare syscalls found per file] *************
skipping: [localhost]

TASK [/stigforge/roles/ol9_stig : Declare files where syscalls were found] *****
skipping: [localhost]

TASK [/stigforge/roles/ol9_stig : Count occurrences of syscalls in paths] ******
skipping: [localhost]

TASK [/stigforge/roles/ol9_stig : Get path with most syscalls] *****************
skipping: [localhost]

TASK [/stigforge/roles/ol9_stig : No file with syscall found, set path to /etc/audit/rules.d/access.rules] ***
skipping: [localhost]

TASK [/stigforge/roles/ol9_stig : Declare found syscalls] **********************
skipping: [localhost]

TASK [/stigforge/roles/ol9_stig : Declare missing syscalls] ********************
skipping: [localhost]

TASK [/stigforge/roles/ol9_stig : Replace the audit rule in {{ audit_file }}] ***
skipping: [localhost]

TASK [/stigforge/roles/ol9_stig : Add the audit rule to {{ audit_file }}] ******
skipping: [localhost]

TASK [/stigforge/roles/ol9_stig : Declare list of syscalls] ********************
skipping: [localhost]

TASK [/stigforge/roles/ol9_stig : Check existence of ftruncate in /etc/audit/audit.rules] ***
skipping: [localhost]

TASK [/stigforge/roles/ol9_stig : Set path to /etc/audit/audit.rules] **********
skipping: [localhost]

TASK [/stigforge/roles/ol9_stig : Declare found syscalls] **********************
skipping: [localhost]

TASK [/stigforge/roles/ol9_stig : Declare missing syscalls] ********************
skipping: [localhost]

TASK [/stigforge/roles/ol9_stig : Replace the audit rule in {{ audit_file }}] ***
skipping: [localhost]

TASK [/stigforge/roles/ol9_stig : Add the audit rule to {{ audit_file }}] ******
skipping: [localhost]

TASK [/stigforge/roles/ol9_stig : Declare list of syscalls] ********************
skipping: [localhost]

TASK [/stigforge/roles/ol9_stig : Check existence of ftruncate in /etc/audit/rules.d/] ***
skipping: [localhost]

TASK [/stigforge/roles/ol9_stig : Reset syscalls found per file] ***************
skipping: [localhost]

TASK [/stigforge/roles/ol9_stig : Declare syscalls found per file] *************
skipping: [localhost]

TASK [/stigforge/roles/ol9_stig : Declare files where syscalls were found] *****
skipping: [localhost]

TASK [/stigforge/roles/ol9_stig : Count occurrences of syscalls in paths] ******
skipping: [localhost]

TASK [/stigforge/roles/ol9_stig : Get path with most syscalls] *****************
skipping: [localhost]

TASK [/stigforge/roles/ol9_stig : No file with syscall found, set path to /etc/audit/rules.d/access.rules] ***
skipping: [localhost]

TASK [/stigforge/roles/ol9_stig : Declare found syscalls] **********************
skipping: [localhost]

TASK [/stigforge/roles/ol9_stig : Declare missing syscalls] ********************
skipping: [localhost]

TASK [/stigforge/roles/ol9_stig : Replace the audit rule in {{ audit_file }}] ***
skipping: [localhost]

TASK [/stigforge/roles/ol9_stig : Add the audit rule to {{ audit_file }}] ******
skipping: [localhost]

TASK [/stigforge/roles/ol9_stig : Declare list of syscalls] ********************
skipping: [localhost]

TASK [/stigforge/roles/ol9_stig : Check existence of ftruncate in /etc/audit/audit.rules] ***
skipping: [localhost]

TASK [/stigforge/roles/ol9_stig : Set path to /etc/audit/audit.rules] **********
skipping: [localhost]

TASK [/stigforge/roles/ol9_stig : Declare found syscalls] **********************
skipping: [localhost]

TASK [/stigforge/roles/ol9_stig : Declare missing syscalls] ********************
skipping: [localhost]

TASK [/stigforge/roles/ol9_stig : Replace the audit rule in {{ audit_file }}] ***
skipping: [localhost]

TASK [/stigforge/roles/ol9_stig : Add the audit rule to {{ audit_file }}] ******
skipping: [localhost]

TASK [/stigforge/roles/ol9_stig : Declare list of syscalls] ********************
skipping: [localhost]

TASK [/stigforge/roles/ol9_stig : Check existence of ftruncate in /etc/audit/rules.d/] ***
skipping: [localhost]

TASK [/stigforge/roles/ol9_stig : Reset syscalls found per file] ***************
skipping: [localhost]

TASK [/stigforge/roles/ol9_stig : Declare syscalls found per file] *************
skipping: [localhost]

TASK [/stigforge/roles/ol9_stig : Declare files where syscalls were found] *****
skipping: [localhost]

TASK [/stigforge/roles/ol9_stig : Count occurrences of syscalls in paths] ******
skipping: [localhost]

TASK [/stigforge/roles/ol9_stig : Get path with most syscalls] *****************
skipping: [localhost]

TASK [/stigforge/roles/ol9_stig : No file with syscall found, set path to /etc/audit/rules.d/access.rules] ***
skipping: [localhost]

TASK [/stigforge/roles/ol9_stig : Declare found syscalls] **********************
skipping: [localhost]

TASK [/stigforge/roles/ol9_stig : Declare missing syscalls] ********************
skipping: [localhost]

TASK [/stigforge/roles/ol9_stig : Replace the audit rule in {{ audit_file }}] ***
skipping: [localhost]

TASK [/stigforge/roles/ol9_stig : Add the audit rule to {{ audit_file }}] ******
skipping: [localhost]

TASK [/stigforge/roles/ol9_stig : Declare list of syscalls] ********************
skipping: [localhost]

TASK [/stigforge/roles/ol9_stig : Check existence of ftruncate in /etc/audit/audit.rules] ***
skipping: [localhost]

TASK [/stigforge/roles/ol9_stig : Set path to /etc/audit/audit.rules] **********
skipping: [localhost]

TASK [/stigforge/roles/ol9_stig : Declare found syscalls] **********************
skipping: [localhost]

TASK [/stigforge/roles/ol9_stig : Declare missing syscalls] ********************
skipping: [localhost]

TASK [/stigforge/roles/ol9_stig : Replace the audit rule in {{ audit_file }}] ***
skipping: [localhost]

TASK [/stigforge/roles/ol9_stig : Add the audit rule to {{ audit_file }}] ******
skipping: [localhost]

TASK [/stigforge/roles/ol9_stig : Set architecture for audit open tasks] *******
skipping: [localhost]

TASK [/stigforge/roles/ol9_stig : Declare list of syscalls] ********************
skipping: [localhost]

TASK [/stigforge/roles/ol9_stig : Check existence of open in /etc/audit/rules.d/] ***
skipping: [localhost]

TASK [/stigforge/roles/ol9_stig : Reset syscalls found per file] ***************
skipping: [localhost]

TASK [/stigforge/roles/ol9_stig : Declare syscalls found per file] *************
skipping: [localhost]

TASK [/stigforge/roles/ol9_stig : Declare files where syscalls were found] *****
skipping: [localhost]

TASK [/stigforge/roles/ol9_stig : Count occurrences of syscalls in paths] ******
skipping: [localhost]

TASK [/stigforge/roles/ol9_stig : Get path with most syscalls] *****************
skipping: [localhost]

TASK [/stigforge/roles/ol9_stig : No file with syscall found, set path to /etc/audit/rules.d/access.rules] ***
skipping: [localhost]

TASK [/stigforge/roles/ol9_stig : Declare found syscalls] **********************
skipping: [localhost]

TASK [/stigforge/roles/ol9_stig : Declare missing syscalls] ********************
skipping: [localhost]

TASK [/stigforge/roles/ol9_stig : Replace the audit rule in {{ audit_file }}] ***
skipping: [localhost]

TASK [/stigforge/roles/ol9_stig : Add the audit rule to {{ audit_file }}] ******
skipping: [localhost]

TASK [/stigforge/roles/ol9_stig : Declare list of syscalls] ********************
skipping: [localhost]

TASK [/stigforge/roles/ol9_stig : Check existence of open in /etc/audit/audit.rules] ***
skipping: [localhost]

TASK [/stigforge/roles/ol9_stig : Set path to /etc/audit/audit.rules] **********
skipping: [localhost]

TASK [/stigforge/roles/ol9_stig : Declare found syscalls] **********************
skipping: [localhost]

TASK [/stigforge/roles/ol9_stig : Declare missing syscalls] ********************
skipping: [localhost]

TASK [/stigforge/roles/ol9_stig : Replace the audit rule in {{ audit_file }}] ***
skipping: [localhost]

TASK [/stigforge/roles/ol9_stig : Add the audit rule to {{ audit_file }}] ******
skipping: [localhost]

TASK [/stigforge/roles/ol9_stig : Declare list of syscalls] ********************
skipping: [localhost]

TASK [/stigforge/roles/ol9_stig : Check existence of open in /etc/audit/rules.d/] ***
skipping: [localhost]

TASK [/stigforge/roles/ol9_stig : Reset syscalls found per file] ***************
skipping: [localhost]

TASK [/stigforge/roles/ol9_stig : Declare syscalls found per file] *************
skipping: [localhost]

TASK [/stigforge/roles/ol9_stig : Declare files where syscalls were found] *****
skipping: [localhost]

TASK [/stigforge/roles/ol9_stig : Count occurrences of syscalls in paths] ******
skipping: [localhost]

TASK [/stigforge/roles/ol9_stig : Get path with most syscalls] *****************
skipping: [localhost]

TASK [/stigforge/roles/ol9_stig : No file with syscall found, set path to /etc/audit/rules.d/access.rules] ***
skipping: [localhost]

TASK [/stigforge/roles/ol9_stig : Declare found syscalls] **********************
skipping: [localhost]

TASK [/stigforge/roles/ol9_stig : Declare missing syscalls] ********************
skipping: [localhost]

TASK [/stigforge/roles/ol9_stig : Replace the audit rule in {{ audit_file }}] ***
skipping: [localhost]

TASK [/stigforge/roles/ol9_stig : Add the audit rule to {{ audit_file }}] ******
skipping: [localhost]

TASK [/stigforge/roles/ol9_stig : Declare list of syscalls] ********************
skipping: [localhost]

TASK [/stigforge/roles/ol9_stig : Check existence of open in /etc/audit/audit.rules] ***
skipping: [localhost]

TASK [/stigforge/roles/ol9_stig : Set path to /etc/audit/audit.rules] **********
skipping: [localhost]

TASK [/stigforge/roles/ol9_stig : Declare found syscalls] **********************
skipping: [localhost]

TASK [/stigforge/roles/ol9_stig : Declare missing syscalls] ********************
skipping: [localhost]

TASK [/stigforge/roles/ol9_stig : Replace the audit rule in {{ audit_file }}] ***
skipping: [localhost]

TASK [/stigforge/roles/ol9_stig : Add the audit rule to {{ audit_file }}] ******
skipping: [localhost]

TASK [/stigforge/roles/ol9_stig : Declare list of syscalls] ********************
skipping: [localhost]

TASK [/stigforge/roles/ol9_stig : Check existence of open in /etc/audit/rules.d/] ***
skipping: [localhost]

TASK [/stigforge/roles/ol9_stig : Reset syscalls found per file] ***************
skipping: [localhost]

TASK [/stigforge/roles/ol9_stig : Declare syscalls found per file] *************
skipping: [localhost]

TASK [/stigforge/roles/ol9_stig : Declare files where syscalls were found] *****
skipping: [localhost]

TASK [/stigforge/roles/ol9_stig : Count occurrences of syscalls in paths] ******
skipping: [localhost]

TASK [/stigforge/roles/ol9_stig : Get path with most syscalls] *****************
skipping: [localhost]

TASK [/stigforge/roles/ol9_stig : No file with syscall found, set path to /etc/audit/rules.d/access.rules] ***
skipping: [localhost]

TASK [/stigforge/roles/ol9_stig : Declare found syscalls] **********************
skipping: [localhost]

TASK [/stigforge/roles/ol9_stig : Declare missing syscalls] ********************
skipping: [localhost]

TASK [/stigforge/roles/ol9_stig : Replace the audit rule in {{ audit_file }}] ***
skipping: [localhost]

TASK [/stigforge/roles/ol9_stig : Add the audit rule to {{ audit_file }}] ******
skipping: [localhost]

TASK [/stigforge/roles/ol9_stig : Declare list of syscalls] ********************
skipping: [localhost]

TASK [/stigforge/roles/ol9_stig : Check existence of open in /etc/audit/audit.rules] ***
skipping: [localhost]

TASK [/stigforge/roles/ol9_stig : Set path to /etc/audit/audit.rules] **********
skipping: [localhost]

TASK [/stigforge/roles/ol9_stig : Declare found syscalls] **********************
skipping: [localhost]

TASK [/stigforge/roles/ol9_stig : Declare missing syscalls] ********************
skipping: [localhost]

TASK [/stigforge/roles/ol9_stig : Replace the audit rule in {{ audit_file }}] ***
skipping: [localhost]

TASK [/stigforge/roles/ol9_stig : Add the audit rule to {{ audit_file }}] ******
skipping: [localhost]

TASK [/stigforge/roles/ol9_stig : Declare list of syscalls] ********************
skipping: [localhost]

TASK [/stigforge/roles/ol9_stig : Check existence of open in /etc/audit/rules.d/] ***
skipping: [localhost]

TASK [/stigforge/roles/ol9_stig : Reset syscalls found per file] ***************
skipping: [localhost]

TASK [/stigforge/roles/ol9_stig : Declare syscalls found per file] *************
skipping: [localhost]

TASK [/stigforge/roles/ol9_stig : Declare files where syscalls were found] *****
skipping: [localhost]

TASK [/stigforge/roles/ol9_stig : Count occurrences of syscalls in paths] ******
skipping: [localhost]

TASK [/stigforge/roles/ol9_stig : Get path with most syscalls] *****************
skipping: [localhost]

TASK [/stigforge/roles/ol9_stig : No file with syscall found, set path to /etc/audit/rules.d/access.rules] ***
skipping: [localhost]

TASK [/stigforge/roles/ol9_stig : Declare found syscalls] **********************
skipping: [localhost]

TASK [/stigforge/roles/ol9_stig : Declare missing syscalls] ********************
skipping: [localhost]

TASK [/stigforge/roles/ol9_stig : Replace the audit rule in {{ audit_file }}] ***
skipping: [localhost]

TASK [/stigforge/roles/ol9_stig : Add the audit rule to {{ audit_file }}] ******
skipping: [localhost]

TASK [/stigforge/roles/ol9_stig : Declare list of syscalls] ********************
skipping: [localhost]

TASK [/stigforge/roles/ol9_stig : Check existence of open in /etc/audit/audit.rules] ***
skipping: [localhost]

TASK [/stigforge/roles/ol9_stig : Set path to /etc/audit/audit.rules] **********
skipping: [localhost]

TASK [/stigforge/roles/ol9_stig : Declare found syscalls] **********************
skipping: [localhost]

TASK [/stigforge/roles/ol9_stig : Declare missing syscalls] ********************
skipping: [localhost]

TASK [/stigforge/roles/ol9_stig : Replace the audit rule in {{ audit_file }}] ***
skipping: [localhost]

TASK [/stigforge/roles/ol9_stig : Add the audit rule to {{ audit_file }}] ******
skipping: [localhost]

TASK [/stigforge/roles/ol9_stig : Set architecture for audit open_by_handle_at tasks] ***
skipping: [localhost]

TASK [/stigforge/roles/ol9_stig : Declare list of syscalls] ********************
skipping: [localhost]

TASK [/stigforge/roles/ol9_stig : Check existence of open_by_handle_at in /etc/audit/rules.d/] ***
skipping: [localhost]

TASK [/stigforge/roles/ol9_stig : Reset syscalls found per file] ***************
skipping: [localhost]

TASK [/stigforge/roles/ol9_stig : Declare syscalls found per file] *************
skipping: [localhost]

TASK [/stigforge/roles/ol9_stig : Declare files where syscalls were found] *****
skipping: [localhost]

TASK [/stigforge/roles/ol9_stig : Count occurrences of syscalls in paths] ******
skipping: [localhost]

TASK [/stigforge/roles/ol9_stig : Get path with most syscalls] *****************
skipping: [localhost]

TASK [/stigforge/roles/ol9_stig : No file with syscall found, set path to /etc/audit/rules.d/access.rules] ***
skipping: [localhost]

TASK [/stigforge/roles/ol9_stig : Declare found syscalls] **********************
skipping: [localhost]

TASK [/stigforge/roles/ol9_stig : Declare missing syscalls] ********************
skipping: [localhost]

TASK [/stigforge/roles/ol9_stig : Replace the audit rule in {{ audit_file }}] ***
skipping: [localhost]

TASK [/stigforge/roles/ol9_stig : Add the audit rule to {{ audit_file }}] ******
skipping: [localhost]

TASK [/stigforge/roles/ol9_stig : Declare list of syscalls] ********************
skipping: [localhost]

TASK [/stigforge/roles/ol9_stig : Check existence of open_by_handle_at in /etc/audit/audit.rules] ***
skipping: [localhost]

TASK [/stigforge/roles/ol9_stig : Set path to /etc/audit/audit.rules] **********
skipping: [localhost]

TASK [/stigforge/roles/ol9_stig : Declare found syscalls] **********************
skipping: [localhost]

TASK [/stigforge/roles/ol9_stig : Declare missing syscalls] ********************
skipping: [localhost]

TASK [/stigforge/roles/ol9_stig : Replace the audit rule in {{ audit_file }}] ***
skipping: [localhost]

TASK [/stigforge/roles/ol9_stig : Add the audit rule to {{ audit_file }}] ******
skipping: [localhost]

TASK [/stigforge/roles/ol9_stig : Declare list of syscalls] ********************
skipping: [localhost]

TASK [/stigforge/roles/ol9_stig : Check existence of open_by_handle_at in /etc/audit/rules.d/] ***
skipping: [localhost]

TASK [/stigforge/roles/ol9_stig : Reset syscalls found per file] ***************
skipping: [localhost]

TASK [/stigforge/roles/ol9_stig : Declare syscalls found per file] *************
skipping: [localhost]

TASK [/stigforge/roles/ol9_stig : Declare files where syscalls were found] *****
skipping: [localhost]

TASK [/stigforge/roles/ol9_stig : Count occurrences of syscalls in paths] ******
skipping: [localhost]

TASK [/stigforge/roles/ol9_stig : Get path with most syscalls] *****************
skipping: [localhost]

TASK [/stigforge/roles/ol9_stig : No file with syscall found, set path to /etc/audit/rules.d/access.rules] ***
skipping: [localhost]

TASK [/stigforge/roles/ol9_stig : Declare found syscalls] **********************
skipping: [localhost]

TASK [/stigforge/roles/ol9_stig : Declare missing syscalls] ********************
skipping: [localhost]

TASK [/stigforge/roles/ol9_stig : Replace the audit rule in {{ audit_file }}] ***
skipping: [localhost]

TASK [/stigforge/roles/ol9_stig : Add the audit rule to {{ audit_file }}] ******
skipping: [localhost]

TASK [/stigforge/roles/ol9_stig : Declare list of syscalls] ********************
skipping: [localhost]

TASK [/stigforge/roles/ol9_stig : Check existence of open_by_handle_at in /etc/audit/audit.rules] ***
skipping: [localhost]

TASK [/stigforge/roles/ol9_stig : Set path to /etc/audit/audit.rules] **********
skipping: [localhost]

TASK [/stigforge/roles/ol9_stig : Declare found syscalls] **********************
skipping: [localhost]

TASK [/stigforge/roles/ol9_stig : Declare missing syscalls] ********************
skipping: [localhost]

TASK [/stigforge/roles/ol9_stig : Replace the audit rule in {{ audit_file }}] ***
skipping: [localhost]

TASK [/stigforge/roles/ol9_stig : Add the audit rule to {{ audit_file }}] ******
skipping: [localhost]

TASK [/stigforge/roles/ol9_stig : Declare list of syscalls] ********************
skipping: [localhost]

TASK [/stigforge/roles/ol9_stig : Check existence of open_by_handle_at in /etc/audit/rules.d/] ***
skipping: [localhost]

TASK [/stigforge/roles/ol9_stig : Reset syscalls found per file] ***************
skipping: [localhost]

TASK [/stigforge/roles/ol9_stig : Declare syscalls found per file] *************
skipping: [localhost]

TASK [/stigforge/roles/ol9_stig : Declare files where syscalls were found] *****
skipping: [localhost]

TASK [/stigforge/roles/ol9_stig : Count occurrences of syscalls in paths] ******
skipping: [localhost]

TASK [/stigforge/roles/ol9_stig : Get path with most syscalls] *****************
skipping: [localhost]

TASK [/stigforge/roles/ol9_stig : No file with syscall found, set path to /etc/audit/rules.d/access.rules] ***
skipping: [localhost]

TASK [/stigforge/roles/ol9_stig : Declare found syscalls] **********************
skipping: [localhost]

TASK [/stigforge/roles/ol9_stig : Declare missing syscalls] ********************
skipping: [localhost]

TASK [/stigforge/roles/ol9_stig : Replace the audit rule in {{ audit_file }}] ***
skipping: [localhost]

TASK [/stigforge/roles/ol9_stig : Add the audit rule to {{ audit_file }}] ******
skipping: [localhost]

TASK [/stigforge/roles/ol9_stig : Declare list of syscalls] ********************
skipping: [localhost]

TASK [/stigforge/roles/ol9_stig : Check existence of open_by_handle_at in /etc/audit/audit.rules] ***
skipping: [localhost]

TASK [/stigforge/roles/ol9_stig : Set path to /etc/audit/audit.rules] **********
skipping: [localhost]

TASK [/stigforge/roles/ol9_stig : Declare found syscalls] **********************
skipping: [localhost]

TASK [/stigforge/roles/ol9_stig : Declare missing syscalls] ********************
skipping: [localhost]

TASK [/stigforge/roles/ol9_stig : Replace the audit rule in {{ audit_file }}] ***
skipping: [localhost]

TASK [/stigforge/roles/ol9_stig : Add the audit rule to {{ audit_file }}] ******
skipping: [localhost]

TASK [/stigforge/roles/ol9_stig : Declare list of syscalls] ********************
skipping: [localhost]

TASK [/stigforge/roles/ol9_stig : Check existence of open_by_handle_at in /etc/audit/rules.d/] ***
skipping: [localhost]

TASK [/stigforge/roles/ol9_stig : Reset syscalls found per file] ***************
skipping: [localhost]

TASK [/stigforge/roles/ol9_stig : Declare syscalls found per file] *************
skipping: [localhost]

TASK [/stigforge/roles/ol9_stig : Declare files where syscalls were found] *****
skipping: [localhost]

TASK [/stigforge/roles/ol9_stig : Count occurrences of syscalls in paths] ******
skipping: [localhost]

TASK [/stigforge/roles/ol9_stig : Get path with most syscalls] *****************
skipping: [localhost]

TASK [/stigforge/roles/ol9_stig : No file with syscall found, set path to /etc/audit/rules.d/access.rules] ***
skipping: [localhost]

TASK [/stigforge/roles/ol9_stig : Declare found syscalls] **********************
skipping: [localhost]

TASK [/stigforge/roles/ol9_stig : Declare missing syscalls] ********************
skipping: [localhost]

TASK [/stigforge/roles/ol9_stig : Replace the audit rule in {{ audit_file }}] ***
skipping: [localhost]

TASK [/stigforge/roles/ol9_stig : Add the audit rule to {{ audit_file }}] ******
skipping: [localhost]

TASK [/stigforge/roles/ol9_stig : Declare list of syscalls] ********************
skipping: [localhost]

TASK [/stigforge/roles/ol9_stig : Check existence of open_by_handle_at in /etc/audit/audit.rules] ***
skipping: [localhost]

TASK [/stigforge/roles/ol9_stig : Set path to /etc/audit/audit.rules] **********
skipping: [localhost]

TASK [/stigforge/roles/ol9_stig : Declare found syscalls] **********************
skipping: [localhost]

TASK [/stigforge/roles/ol9_stig : Declare missing syscalls] ********************
skipping: [localhost]

TASK [/stigforge/roles/ol9_stig : Replace the audit rule in {{ audit_file }}] ***
skipping: [localhost]

TASK [/stigforge/roles/ol9_stig : Add the audit rule to {{ audit_file }}] ******
skipping: [localhost]

TASK [/stigforge/roles/ol9_stig : Set architecture for audit openat tasks] *****
skipping: [localhost]

TASK [/stigforge/roles/ol9_stig : Declare list of syscalls] ********************
skipping: [localhost]

TASK [/stigforge/roles/ol9_stig : Check existence of openat in /etc/audit/rules.d/] ***
skipping: [localhost]

TASK [/stigforge/roles/ol9_stig : Reset syscalls found per file] ***************
skipping: [localhost]

TASK [/stigforge/roles/ol9_stig : Declare syscalls found per file] *************
skipping: [localhost]

TASK [/stigforge/roles/ol9_stig : Declare files where syscalls were found] *****
skipping: [localhost]

TASK [/stigforge/roles/ol9_stig : Count occurrences of syscalls in paths] ******
skipping: [localhost]

TASK [/stigforge/roles/ol9_stig : Get path with most syscalls] *****************
skipping: [localhost]

TASK [/stigforge/roles/ol9_stig : No file with syscall found, set path to /etc/audit/rules.d/access.rules] ***
skipping: [localhost]

TASK [/stigforge/roles/ol9_stig : Declare found syscalls] **********************
skipping: [localhost]

TASK [/stigforge/roles/ol9_stig : Declare missing syscalls] ********************
skipping: [localhost]

TASK [/stigforge/roles/ol9_stig : Replace the audit rule in {{ audit_file }}] ***
skipping: [localhost]

TASK [/stigforge/roles/ol9_stig : Add the audit rule to {{ audit_file }}] ******
skipping: [localhost]

TASK [/stigforge/roles/ol9_stig : Declare list of syscalls] ********************
skipping: [localhost]

TASK [/stigforge/roles/ol9_stig : Check existence of openat in /etc/audit/audit.rules] ***
skipping: [localhost]

TASK [/stigforge/roles/ol9_stig : Set path to /etc/audit/audit.rules] **********
skipping: [localhost]

TASK [/stigforge/roles/ol9_stig : Declare found syscalls] **********************
skipping: [localhost]

TASK [/stigforge/roles/ol9_stig : Declare missing syscalls] ********************
skipping: [localhost]

TASK [/stigforge/roles/ol9_stig : Replace the audit rule in {{ audit_file }}] ***
skipping: [localhost]

TASK [/stigforge/roles/ol9_stig : Add the audit rule to {{ audit_file }}] ******
skipping: [localhost]

TASK [/stigforge/roles/ol9_stig : Declare list of syscalls] ********************
skipping: [localhost]

TASK [/stigforge/roles/ol9_stig : Check existence of openat in /etc/audit/rules.d/] ***
skipping: [localhost]

TASK [/stigforge/roles/ol9_stig : Reset syscalls found per file] ***************
skipping: [localhost]

TASK [/stigforge/roles/ol9_stig : Declare syscalls found per file] *************
skipping: [localhost]

TASK [/stigforge/roles/ol9_stig : Declare files where syscalls were found] *****
skipping: [localhost]

TASK [/stigforge/roles/ol9_stig : Count occurrences of syscalls in paths] ******
skipping: [localhost]

TASK [/stigforge/roles/ol9_stig : Get path with most syscalls] *****************
skipping: [localhost]

TASK [/stigforge/roles/ol9_stig : No file with syscall found, set path to /etc/audit/rules.d/access.rules] ***
skipping: [localhost]

TASK [/stigforge/roles/ol9_stig : Declare found syscalls] **********************
skipping: [localhost]

TASK [/stigforge/roles/ol9_stig : Declare missing syscalls] ********************
skipping: [localhost]

TASK [/stigforge/roles/ol9_stig : Replace the audit rule in {{ audit_file }}] ***
skipping: [localhost]

TASK [/stigforge/roles/ol9_stig : Add the audit rule to {{ audit_file }}] ******
skipping: [localhost]

TASK [/stigforge/roles/ol9_stig : Declare list of syscalls] ********************
skipping: [localhost]

TASK [/stigforge/roles/ol9_stig : Check existence of openat in /etc/audit/audit.rules] ***
skipping: [localhost]

TASK [/stigforge/roles/ol9_stig : Set path to /etc/audit/audit.rules] **********
skipping: [localhost]

TASK [/stigforge/roles/ol9_stig : Declare found syscalls] **********************
skipping: [localhost]

TASK [/stigforge/roles/ol9_stig : Declare missing syscalls] ********************
skipping: [localhost]

TASK [/stigforge/roles/ol9_stig : Replace the audit rule in {{ audit_file }}] ***
skipping: [localhost]

TASK [/stigforge/roles/ol9_stig : Add the audit rule to {{ audit_file }}] ******
skipping: [localhost]

TASK [/stigforge/roles/ol9_stig : Declare list of syscalls] ********************
skipping: [localhost]

TASK [/stigforge/roles/ol9_stig : Check existence of openat in /etc/audit/rules.d/] ***
skipping: [localhost]

TASK [/stigforge/roles/ol9_stig : Reset syscalls found per file] ***************
skipping: [localhost]

TASK [/stigforge/roles/ol9_stig : Declare syscalls found per file] *************
skipping: [localhost]

TASK [/stigforge/roles/ol9_stig : Declare files where syscalls were found] *****
skipping: [localhost]

TASK [/stigforge/roles/ol9_stig : Count occurrences of syscalls in paths] ******
skipping: [localhost]

TASK [/stigforge/roles/ol9_stig : Get path with most syscalls] *****************
skipping: [localhost]

TASK [/stigforge/roles/ol9_stig : No file with syscall found, set path to /etc/audit/rules.d/access.rules] ***
skipping: [localhost]

TASK [/stigforge/roles/ol9_stig : Declare found syscalls] **********************
skipping: [localhost]

TASK [/stigforge/roles/ol9_stig : Declare missing syscalls] ********************
skipping: [localhost]

TASK [/stigforge/roles/ol9_stig : Replace the audit rule in {{ audit_file }}] ***
skipping: [localhost]

TASK [/stigforge/roles/ol9_stig : Add the audit rule to {{ audit_file }}] ******
skipping: [localhost]

TASK [/stigforge/roles/ol9_stig : Declare list of syscalls] ********************
skipping: [localhost]

TASK [/stigforge/roles/ol9_stig : Check existence of openat in /etc/audit/audit.rules] ***
skipping: [localhost]

TASK [/stigforge/roles/ol9_stig : Set path to /etc/audit/audit.rules] **********
skipping: [localhost]

TASK [/stigforge/roles/ol9_stig : Declare found syscalls] **********************
skipping: [localhost]

TASK [/stigforge/roles/ol9_stig : Declare missing syscalls] ********************
skipping: [localhost]

TASK [/stigforge/roles/ol9_stig : Replace the audit rule in {{ audit_file }}] ***
skipping: [localhost]

TASK [/stigforge/roles/ol9_stig : Add the audit rule to {{ audit_file }}] ******
skipping: [localhost]

TASK [/stigforge/roles/ol9_stig : Declare list of syscalls] ********************
skipping: [localhost]

TASK [/stigforge/roles/ol9_stig : Check existence of openat in /etc/audit/rules.d/] ***
skipping: [localhost]

TASK [/stigforge/roles/ol9_stig : Reset syscalls found per file] ***************
skipping: [localhost]

TASK [/stigforge/roles/ol9_stig : Declare syscalls found per file] *************
skipping: [localhost]

TASK [/stigforge/roles/ol9_stig : Declare files where syscalls were found] *****
skipping: [localhost]

TASK [/stigforge/roles/ol9_stig : Count occurrences of syscalls in paths] ******
skipping: [localhost]

TASK [/stigforge/roles/ol9_stig : Get path with most syscalls] *****************
skipping: [localhost]

TASK [/stigforge/roles/ol9_stig : No file with syscall found, set path to /etc/audit/rules.d/access.rules] ***
skipping: [localhost]

TASK [/stigforge/roles/ol9_stig : Declare found syscalls] **********************
skipping: [localhost]

TASK [/stigforge/roles/ol9_stig : Declare missing syscalls] ********************
skipping: [localhost]

TASK [/stigforge/roles/ol9_stig : Replace the audit rule in {{ audit_file }}] ***
skipping: [localhost]

TASK [/stigforge/roles/ol9_stig : Add the audit rule to {{ audit_file }}] ******
skipping: [localhost]

TASK [/stigforge/roles/ol9_stig : Declare list of syscalls] ********************
skipping: [localhost]

TASK [/stigforge/roles/ol9_stig : Check existence of openat in /etc/audit/audit.rules] ***
skipping: [localhost]

TASK [/stigforge/roles/ol9_stig : Set path to /etc/audit/audit.rules] **********
skipping: [localhost]

TASK [/stigforge/roles/ol9_stig : Declare found syscalls] **********************
skipping: [localhost]

TASK [/stigforge/roles/ol9_stig : Declare missing syscalls] ********************
skipping: [localhost]

TASK [/stigforge/roles/ol9_stig : Replace the audit rule in {{ audit_file }}] ***
skipping: [localhost]

TASK [/stigforge/roles/ol9_stig : Add the audit rule to {{ audit_file }}] ******
skipping: [localhost]

TASK [/stigforge/roles/ol9_stig : Set architecture for audit truncate tasks] ***
skipping: [localhost]

TASK [/stigforge/roles/ol9_stig : Declare list of syscalls] ********************
skipping: [localhost]

TASK [/stigforge/roles/ol9_stig : Check existence of truncate in /etc/audit/rules.d/] ***
skipping: [localhost]

TASK [/stigforge/roles/ol9_stig : Reset syscalls found per file] ***************
skipping: [localhost]

TASK [/stigforge/roles/ol9_stig : Declare syscalls found per file] *************
skipping: [localhost]

TASK [/stigforge/roles/ol9_stig : Declare files where syscalls were found] *****
skipping: [localhost]

TASK [/stigforge/roles/ol9_stig : Count occurrences of syscalls in paths] ******
skipping: [localhost]

TASK [/stigforge/roles/ol9_stig : Get path with most syscalls] *****************
skipping: [localhost]

TASK [/stigforge/roles/ol9_stig : No file with syscall found, set path to /etc/audit/rules.d/access.rules] ***
skipping: [localhost]

TASK [/stigforge/roles/ol9_stig : Declare found syscalls] **********************
skipping: [localhost]

TASK [/stigforge/roles/ol9_stig : Declare missing syscalls] ********************
skipping: [localhost]

TASK [/stigforge/roles/ol9_stig : Replace the audit rule in {{ audit_file }}] ***
skipping: [localhost]

TASK [/stigforge/roles/ol9_stig : Add the audit rule to {{ audit_file }}] ******
skipping: [localhost]

TASK [/stigforge/roles/ol9_stig : Declare list of syscalls] ********************
skipping: [localhost]

TASK [/stigforge/roles/ol9_stig : Check existence of truncate in /etc/audit/audit.rules] ***
skipping: [localhost]

TASK [/stigforge/roles/ol9_stig : Set path to /etc/audit/audit.rules] **********
skipping: [localhost]

TASK [/stigforge/roles/ol9_stig : Declare found syscalls] **********************
skipping: [localhost]

TASK [/stigforge/roles/ol9_stig : Declare missing syscalls] ********************
skipping: [localhost]

TASK [/stigforge/roles/ol9_stig : Replace the audit rule in {{ audit_file }}] ***
skipping: [localhost]

TASK [/stigforge/roles/ol9_stig : Add the audit rule to {{ audit_file }}] ******
skipping: [localhost]

TASK [/stigforge/roles/ol9_stig : Declare list of syscalls] ********************
skipping: [localhost]

TASK [/stigforge/roles/ol9_stig : Check existence of truncate in /etc/audit/rules.d/] ***
skipping: [localhost]

TASK [/stigforge/roles/ol9_stig : Reset syscalls found per file] ***************
skipping: [localhost]

TASK [/stigforge/roles/ol9_stig : Declare syscalls found per file] *************
skipping: [localhost]

TASK [/stigforge/roles/ol9_stig : Declare files where syscalls were found] *****
skipping: [localhost]

TASK [/stigforge/roles/ol9_stig : Count occurrences of syscalls in paths] ******
skipping: [localhost]

TASK [/stigforge/roles/ol9_stig : Get path with most syscalls] *****************
skipping: [localhost]

TASK [/stigforge/roles/ol9_stig : No file with syscall found, set path to /etc/audit/rules.d/access.rules] ***
skipping: [localhost]

TASK [/stigforge/roles/ol9_stig : Declare found syscalls] **********************
skipping: [localhost]

TASK [/stigforge/roles/ol9_stig : Declare missing syscalls] ********************
skipping: [localhost]

TASK [/stigforge/roles/ol9_stig : Replace the audit rule in {{ audit_file }}] ***
skipping: [localhost]

TASK [/stigforge/roles/ol9_stig : Add the audit rule to {{ audit_file }}] ******
skipping: [localhost]

TASK [/stigforge/roles/ol9_stig : Declare list of syscalls] ********************
skipping: [localhost]

TASK [/stigforge/roles/ol9_stig : Check existence of truncate in /etc/audit/audit.rules] ***
skipping: [localhost]

TASK [/stigforge/roles/ol9_stig : Set path to /etc/audit/audit.rules] **********
skipping: [localhost]

TASK [/stigforge/roles/ol9_stig : Declare found syscalls] **********************
skipping: [localhost]

TASK [/stigforge/roles/ol9_stig : Declare missing syscalls] ********************
skipping: [localhost]

TASK [/stigforge/roles/ol9_stig : Replace the audit rule in {{ audit_file }}] ***
skipping: [localhost]

TASK [/stigforge/roles/ol9_stig : Add the audit rule to {{ audit_file }}] ******
skipping: [localhost]

TASK [/stigforge/roles/ol9_stig : Declare list of syscalls] ********************
skipping: [localhost]

TASK [/stigforge/roles/ol9_stig : Check existence of truncate in /etc/audit/rules.d/] ***
skipping: [localhost]

TASK [/stigforge/roles/ol9_stig : Reset syscalls found per file] ***************
skipping: [localhost]

TASK [/stigforge/roles/ol9_stig : Declare syscalls found per file] *************
skipping: [localhost]

TASK [/stigforge/roles/ol9_stig : Declare files where syscalls were found] *****
skipping: [localhost]

TASK [/stigforge/roles/ol9_stig : Count occurrences of syscalls in paths] ******
skipping: [localhost]

TASK [/stigforge/roles/ol9_stig : Get path with most syscalls] *****************
skipping: [localhost]

TASK [/stigforge/roles/ol9_stig : No file with syscall found, set path to /etc/audit/rules.d/access.rules] ***
skipping: [localhost]

TASK [/stigforge/roles/ol9_stig : Declare found syscalls] **********************
skipping: [localhost]

TASK [/stigforge/roles/ol9_stig : Declare missing syscalls] ********************
skipping: [localhost]

TASK [/stigforge/roles/ol9_stig : Replace the audit rule in {{ audit_file }}] ***
skipping: [localhost]

TASK [/stigforge/roles/ol9_stig : Add the audit rule to {{ audit_file }}] ******
skipping: [localhost]

TASK [/stigforge/roles/ol9_stig : Declare list of syscalls] ********************
skipping: [localhost]

TASK [/stigforge/roles/ol9_stig : Check existence of truncate in /etc/audit/audit.rules] ***
skipping: [localhost]

TASK [/stigforge/roles/ol9_stig : Set path to /etc/audit/audit.rules] **********
skipping: [localhost]

TASK [/stigforge/roles/ol9_stig : Declare found syscalls] **********************
skipping: [localhost]

TASK [/stigforge/roles/ol9_stig : Declare missing syscalls] ********************
skipping: [localhost]

TASK [/stigforge/roles/ol9_stig : Replace the audit rule in {{ audit_file }}] ***
skipping: [localhost]

TASK [/stigforge/roles/ol9_stig : Add the audit rule to {{ audit_file }}] ******
skipping: [localhost]

TASK [/stigforge/roles/ol9_stig : Declare list of syscalls] ********************
skipping: [localhost]

TASK [/stigforge/roles/ol9_stig : Check existence of truncate in /etc/audit/rules.d/] ***
skipping: [localhost]

TASK [/stigforge/roles/ol9_stig : Reset syscalls found per file] ***************
skipping: [localhost]

TASK [/stigforge/roles/ol9_stig : Declare syscalls found per file] *************
skipping: [localhost]

TASK [/stigforge/roles/ol9_stig : Declare files where syscalls were found] *****
skipping: [localhost]

TASK [/stigforge/roles/ol9_stig : Count occurrences of syscalls in paths] ******
skipping: [localhost]

TASK [/stigforge/roles/ol9_stig : Get path with most syscalls] *****************
skipping: [localhost]

TASK [/stigforge/roles/ol9_stig : No file with syscall found, set path to /etc/audit/rules.d/access.rules] ***
skipping: [localhost]

TASK [/stigforge/roles/ol9_stig : Declare found syscalls] **********************
skipping: [localhost]

TASK [/stigforge/roles/ol9_stig : Declare missing syscalls] ********************
skipping: [localhost]

TASK [/stigforge/roles/ol9_stig : Replace the audit rule in {{ audit_file }}] ***
skipping: [localhost]

TASK [/stigforge/roles/ol9_stig : Add the audit rule to {{ audit_file }}] ******
skipping: [localhost]

TASK [/stigforge/roles/ol9_stig : Declare list of syscalls] ********************
skipping: [localhost]

TASK [/stigforge/roles/ol9_stig : Check existence of truncate in /etc/audit/audit.rules] ***
skipping: [localhost]

TASK [/stigforge/roles/ol9_stig : Set path to /etc/audit/audit.rules] **********
skipping: [localhost]

TASK [/stigforge/roles/ol9_stig : Declare found syscalls] **********************
skipping: [localhost]

TASK [/stigforge/roles/ol9_stig : Declare missing syscalls] ********************
skipping: [localhost]

TASK [/stigforge/roles/ol9_stig : Replace the audit rule in {{ audit_file }}] ***
skipping: [localhost]

TASK [/stigforge/roles/ol9_stig : Add the audit rule to {{ audit_file }}] ******
skipping: [localhost]

TASK [/stigforge/roles/ol9_stig : Set architecture for audit delete_module tasks] ***
skipping: [localhost]

TASK [/stigforge/roles/ol9_stig : Declare list of syscalls] ********************
skipping: [localhost]

TASK [/stigforge/roles/ol9_stig : Check existence of delete_module in /etc/audit/rules.d/] ***
skipping: [localhost]

TASK [/stigforge/roles/ol9_stig : Reset syscalls found per file] ***************
skipping: [localhost]

TASK [/stigforge/roles/ol9_stig : Declare syscalls found per file] *************
skipping: [localhost]

TASK [/stigforge/roles/ol9_stig : Declare files where syscalls were found] *****
skipping: [localhost]

TASK [/stigforge/roles/ol9_stig : Count occurrences of syscalls in paths] ******
skipping: [localhost]

TASK [/stigforge/roles/ol9_stig : Get path with most syscalls] *****************
skipping: [localhost]

TASK [/stigforge/roles/ol9_stig : No file with syscall found, set path to /etc/audit/rules.d/module-change.rules] ***
skipping: [localhost]

TASK [/stigforge/roles/ol9_stig : Declare found syscalls] **********************
skipping: [localhost]

TASK [/stigforge/roles/ol9_stig : Declare missing syscalls] ********************
skipping: [localhost]

TASK [/stigforge/roles/ol9_stig : Replace the audit rule in {{ audit_file }}] ***
skipping: [localhost]

TASK [/stigforge/roles/ol9_stig : Add the audit rule to {{ audit_file }}] ******
skipping: [localhost]

TASK [/stigforge/roles/ol9_stig : Declare list of syscalls] ********************
skipping: [localhost]

TASK [/stigforge/roles/ol9_stig : Check existence of delete_module in /etc/audit/audit.rules] ***
skipping: [localhost]

TASK [/stigforge/roles/ol9_stig : Set path to /etc/audit/audit.rules] **********
skipping: [localhost]

TASK [/stigforge/roles/ol9_stig : Declare found syscalls] **********************
skipping: [localhost]

TASK [/stigforge/roles/ol9_stig : Declare missing syscalls] ********************
skipping: [localhost]

TASK [/stigforge/roles/ol9_stig : Replace the audit rule in {{ audit_file }}] ***
skipping: [localhost]

TASK [/stigforge/roles/ol9_stig : Add the audit rule to {{ audit_file }}] ******
skipping: [localhost]

TASK [/stigforge/roles/ol9_stig : Declare list of syscalls] ********************
skipping: [localhost]

TASK [/stigforge/roles/ol9_stig : Check existence of delete_module in /etc/audit/rules.d/] ***
skipping: [localhost]

TASK [/stigforge/roles/ol9_stig : Reset syscalls found per file] ***************
skipping: [localhost]

TASK [/stigforge/roles/ol9_stig : Declare syscalls found per file] *************
skipping: [localhost]

TASK [/stigforge/roles/ol9_stig : Declare files where syscalls were found] *****
skipping: [localhost]

TASK [/stigforge/roles/ol9_stig : Count occurrences of syscalls in paths] ******
skipping: [localhost]

TASK [/stigforge/roles/ol9_stig : Get path with most syscalls] *****************
skipping: [localhost]

TASK [/stigforge/roles/ol9_stig : No file with syscall found, set path to /etc/audit/rules.d/module-change.rules] ***
skipping: [localhost]

TASK [/stigforge/roles/ol9_stig : Declare found syscalls] **********************
skipping: [localhost]

TASK [/stigforge/roles/ol9_stig : Declare missing syscalls] ********************
skipping: [localhost]

TASK [/stigforge/roles/ol9_stig : Replace the audit rule in {{ audit_file }}] ***
skipping: [localhost]

TASK [/stigforge/roles/ol9_stig : Add the audit rule to {{ audit_file }}] ******
skipping: [localhost]

TASK [/stigforge/roles/ol9_stig : Declare list of syscalls] ********************
skipping: [localhost]

TASK [/stigforge/roles/ol9_stig : Check existence of delete_module in /etc/audit/audit.rules] ***
skipping: [localhost]

TASK [/stigforge/roles/ol9_stig : Set path to /etc/audit/audit.rules] **********
skipping: [localhost]

TASK [/stigforge/roles/ol9_stig : Declare found syscalls] **********************
skipping: [localhost]

TASK [/stigforge/roles/ol9_stig : Declare missing syscalls] ********************
skipping: [localhost]

TASK [/stigforge/roles/ol9_stig : Replace the audit rule in {{ audit_file }}] ***
skipping: [localhost]

TASK [/stigforge/roles/ol9_stig : Add the audit rule to {{ audit_file }}] ******
skipping: [localhost]

TASK [/stigforge/roles/ol9_stig : Set architecture for audit finit_module tasks] ***
skipping: [localhost]

TASK [/stigforge/roles/ol9_stig : Declare list of syscalls] ********************
skipping: [localhost]

TASK [/stigforge/roles/ol9_stig : Check existence of finit_module in /etc/audit/rules.d/] ***
skipping: [localhost]

TASK [/stigforge/roles/ol9_stig : Reset syscalls found per file] ***************
skipping: [localhost]

TASK [/stigforge/roles/ol9_stig : Declare syscalls found per file] *************
skipping: [localhost]

TASK [/stigforge/roles/ol9_stig : Declare files where syscalls were found] *****
skipping: [localhost]

TASK [/stigforge/roles/ol9_stig : Count occurrences of syscalls in paths] ******
skipping: [localhost]

TASK [/stigforge/roles/ol9_stig : Get path with most syscalls] *****************
skipping: [localhost]

TASK [/stigforge/roles/ol9_stig : No file with syscall found, set path to /etc/audit/rules.d/module-change.rules] ***
skipping: [localhost]

TASK [/stigforge/roles/ol9_stig : Declare found syscalls] **********************
skipping: [localhost]

TASK [/stigforge/roles/ol9_stig : Declare missing syscalls] ********************
skipping: [localhost]

TASK [/stigforge/roles/ol9_stig : Replace the audit rule in {{ audit_file }}] ***
skipping: [localhost]

TASK [/stigforge/roles/ol9_stig : Add the audit rule to {{ audit_file }}] ******
skipping: [localhost]

TASK [/stigforge/roles/ol9_stig : Declare list of syscalls] ********************
skipping: [localhost]

TASK [/stigforge/roles/ol9_stig : Check existence of finit_module in /etc/audit/audit.rules] ***
skipping: [localhost]

TASK [/stigforge/roles/ol9_stig : Set path to /etc/audit/audit.rules] **********
skipping: [localhost]

TASK [/stigforge/roles/ol9_stig : Declare found syscalls] **********************
skipping: [localhost]

TASK [/stigforge/roles/ol9_stig : Declare missing syscalls] ********************
skipping: [localhost]

TASK [/stigforge/roles/ol9_stig : Replace the audit rule in {{ audit_file }}] ***
skipping: [localhost]

TASK [/stigforge/roles/ol9_stig : Add the audit rule to {{ audit_file }}] ******
skipping: [localhost]

TASK [/stigforge/roles/ol9_stig : Declare list of syscalls] ********************
skipping: [localhost]

TASK [/stigforge/roles/ol9_stig : Check existence of finit_module in /etc/audit/rules.d/] ***
skipping: [localhost]

TASK [/stigforge/roles/ol9_stig : Reset syscalls found per file] ***************
skipping: [localhost]

TASK [/stigforge/roles/ol9_stig : Declare syscalls found per file] *************
skipping: [localhost]

TASK [/stigforge/roles/ol9_stig : Declare files where syscalls were found] *****
skipping: [localhost]

TASK [/stigforge/roles/ol9_stig : Count occurrences of syscalls in paths] ******
skipping: [localhost]

TASK [/stigforge/roles/ol9_stig : Get path with most syscalls] *****************
skipping: [localhost]

TASK [/stigforge/roles/ol9_stig : No file with syscall found, set path to /etc/audit/rules.d/module-change.rules] ***
skipping: [localhost]

TASK [/stigforge/roles/ol9_stig : Declare found syscalls] **********************
skipping: [localhost]

TASK [/stigforge/roles/ol9_stig : Declare missing syscalls] ********************
skipping: [localhost]

TASK [/stigforge/roles/ol9_stig : Replace the audit rule in {{ audit_file }}] ***
skipping: [localhost]

TASK [/stigforge/roles/ol9_stig : Add the audit rule to {{ audit_file }}] ******
skipping: [localhost]

TASK [/stigforge/roles/ol9_stig : Declare list of syscalls] ********************
skipping: [localhost]

TASK [/stigforge/roles/ol9_stig : Check existence of finit_module in /etc/audit/audit.rules] ***
skipping: [localhost]

TASK [/stigforge/roles/ol9_stig : Set path to /etc/audit/audit.rules] **********
skipping: [localhost]

TASK [/stigforge/roles/ol9_stig : Declare found syscalls] **********************
skipping: [localhost]

TASK [/stigforge/roles/ol9_stig : Declare missing syscalls] ********************
skipping: [localhost]

TASK [/stigforge/roles/ol9_stig : Replace the audit rule in {{ audit_file }}] ***
skipping: [localhost]

TASK [/stigforge/roles/ol9_stig : Add the audit rule to {{ audit_file }}] ******
skipping: [localhost]

TASK [/stigforge/roles/ol9_stig : Set architecture for audit init_module tasks] ***
skipping: [localhost]

TASK [/stigforge/roles/ol9_stig : Declare list of syscalls] ********************
skipping: [localhost]

TASK [/stigforge/roles/ol9_stig : Check existence of init_module in /etc/audit/rules.d/] ***
skipping: [localhost]

TASK [/stigforge/roles/ol9_stig : Reset syscalls found per file] ***************
skipping: [localhost]

TASK [/stigforge/roles/ol9_stig : Declare syscalls found per file] *************
skipping: [localhost]

TASK [/stigforge/roles/ol9_stig : Declare files where syscalls were found] *****
skipping: [localhost]

TASK [/stigforge/roles/ol9_stig : Count occurrences of syscalls in paths] ******
skipping: [localhost]

TASK [/stigforge/roles/ol9_stig : Get path with most syscalls] *****************
skipping: [localhost]

TASK [/stigforge/roles/ol9_stig : No file with syscall found, set path to /etc/audit/rules.d/module-change.rules] ***
skipping: [localhost]

TASK [/stigforge/roles/ol9_stig : Declare found syscalls] **********************
skipping: [localhost]

TASK [/stigforge/roles/ol9_stig : Declare missing syscalls] ********************
skipping: [localhost]

TASK [/stigforge/roles/ol9_stig : Replace the audit rule in {{ audit_file }}] ***
skipping: [localhost]

TASK [/stigforge/roles/ol9_stig : Add the audit rule to {{ audit_file }}] ******
skipping: [localhost]

TASK [/stigforge/roles/ol9_stig : Declare list of syscalls] ********************
skipping: [localhost]

TASK [/stigforge/roles/ol9_stig : Check existence of init_module in /etc/audit/audit.rules] ***
skipping: [localhost]

TASK [/stigforge/roles/ol9_stig : Set path to /etc/audit/audit.rules] **********
skipping: [localhost]

TASK [/stigforge/roles/ol9_stig : Declare found syscalls] **********************
skipping: [localhost]

TASK [/stigforge/roles/ol9_stig : Declare missing syscalls] ********************
skipping: [localhost]

TASK [/stigforge/roles/ol9_stig : Replace the audit rule in {{ audit_file }}] ***
skipping: [localhost]

TASK [/stigforge/roles/ol9_stig : Add the audit rule to {{ audit_file }}] ******
skipping: [localhost]

TASK [/stigforge/roles/ol9_stig : Declare list of syscalls] ********************
skipping: [localhost]

TASK [/stigforge/roles/ol9_stig : Check existence of init_module in /etc/audit/rules.d/] ***
skipping: [localhost]

TASK [/stigforge/roles/ol9_stig : Reset syscalls found per file] ***************
skipping: [localhost]

TASK [/stigforge/roles/ol9_stig : Declare syscalls found per file] *************
skipping: [localhost]

TASK [/stigforge/roles/ol9_stig : Declare files where syscalls were found] *****
skipping: [localhost]

TASK [/stigforge/roles/ol9_stig : Count occurrences of syscalls in paths] ******
skipping: [localhost]

TASK [/stigforge/roles/ol9_stig : Get path with most syscalls] *****************
skipping: [localhost]

TASK [/stigforge/roles/ol9_stig : No file with syscall found, set path to /etc/audit/rules.d/module-change.rules] ***
skipping: [localhost]

TASK [/stigforge/roles/ol9_stig : Declare found syscalls] **********************
skipping: [localhost]

TASK [/stigforge/roles/ol9_stig : Declare missing syscalls] ********************
skipping: [localhost]

TASK [/stigforge/roles/ol9_stig : Replace the audit rule in {{ audit_file }}] ***
skipping: [localhost]

TASK [/stigforge/roles/ol9_stig : Add the audit rule to {{ audit_file }}] ******
skipping: [localhost]

TASK [/stigforge/roles/ol9_stig : Declare list of syscalls] ********************
skipping: [localhost]

TASK [/stigforge/roles/ol9_stig : Check existence of init_module in /etc/audit/audit.rules] ***
skipping: [localhost]

TASK [/stigforge/roles/ol9_stig : Set path to /etc/audit/audit.rules] **********
skipping: [localhost]

TASK [/stigforge/roles/ol9_stig : Declare found syscalls] **********************
skipping: [localhost]

TASK [/stigforge/roles/ol9_stig : Declare missing syscalls] ********************
skipping: [localhost]

TASK [/stigforge/roles/ol9_stig : Replace the audit rule in {{ audit_file }}] ***
skipping: [localhost]

TASK [/stigforge/roles/ol9_stig : Add the audit rule to {{ audit_file }}] ******
skipping: [localhost]

TASK [/stigforge/roles/ol9_stig : Record Attempts to Alter Logon and Logout Events - faillock - Check if watch rule for /var/log/faillock already exists in /etc/audit/rules.d/] ***
skipping: [localhost]

TASK [/stigforge/roles/ol9_stig : Record Attempts to Alter Logon and Logout Events - faillock - Search /etc/audit/rules.d for other rules with specified key logins] ***
skipping: [localhost]

TASK [/stigforge/roles/ol9_stig : Record Attempts to Alter Logon and Logout Events - faillock - Use /etc/audit/rules.d/logins.rules as the recipient for the rule] ***
skipping: [localhost]

TASK [/stigforge/roles/ol9_stig : Record Attempts to Alter Logon and Logout Events - faillock - Use matched file as the recipient for the rule] ***
skipping: [localhost]

TASK [/stigforge/roles/ol9_stig : Record Attempts to Alter Logon and Logout Events - faillock - Add watch rule for /var/log/faillock in /etc/audit/rules.d/] ***
skipping: [localhost]

TASK [/stigforge/roles/ol9_stig : Record Attempts to Alter Logon and Logout Events - faillock - Check if watch rule for /var/log/faillock already exists in /etc/audit/audit.rules] ***
skipping: [localhost]

TASK [/stigforge/roles/ol9_stig : Record Attempts to Alter Logon and Logout Events - faillock - Add watch rule for /var/log/faillock in /etc/audit/audit.rules] ***
skipping: [localhost]

TASK [/stigforge/roles/ol9_stig : Record Attempts to Alter Logon and Logout Events - lastlog - Check if watch rule for /var/log/lastlog already exists in /etc/audit/rules.d/] ***
skipping: [localhost]

TASK [/stigforge/roles/ol9_stig : Record Attempts to Alter Logon and Logout Events - lastlog - Search /etc/audit/rules.d for other rules with specified key logins] ***
skipping: [localhost]

TASK [/stigforge/roles/ol9_stig : Record Attempts to Alter Logon and Logout Events - lastlog - Use /etc/audit/rules.d/logins.rules as the recipient for the rule] ***
skipping: [localhost]

TASK [/stigforge/roles/ol9_stig : Record Attempts to Alter Logon and Logout Events - lastlog - Use matched file as the recipient for the rule] ***
skipping: [localhost]

TASK [/stigforge/roles/ol9_stig : Record Attempts to Alter Logon and Logout Events - lastlog - Add watch rule for /var/log/lastlog in /etc/audit/rules.d/] ***
skipping: [localhost]

TASK [/stigforge/roles/ol9_stig : Record Attempts to Alter Logon and Logout Events - lastlog - Check if watch rule for /var/log/lastlog already exists in /etc/audit/audit.rules] ***
skipping: [localhost]

TASK [/stigforge/roles/ol9_stig : Record Attempts to Alter Logon and Logout Events - lastlog - Add watch rule for /var/log/lastlog in /etc/audit/audit.rules] ***
skipping: [localhost]

TASK [/stigforge/roles/ol9_stig : Record Attempts to Alter Logon and Logout Events - tallylog - Check if watch rule for /var/log/tallylog already exists in /etc/audit/rules.d/] ***
skipping: [localhost]

TASK [/stigforge/roles/ol9_stig : Record Attempts to Alter Logon and Logout Events - tallylog - Search /etc/audit/rules.d for other rules with specified key logins] ***
skipping: [localhost]

TASK [/stigforge/roles/ol9_stig : Record Attempts to Alter Logon and Logout Events - tallylog - Use /etc/audit/rules.d/logins.rules as the recipient for the rule] ***
skipping: [localhost]

TASK [/stigforge/roles/ol9_stig : Record Attempts to Alter Logon and Logout Events - tallylog - Use matched file as the recipient for the rule] ***
skipping: [localhost]

TASK [/stigforge/roles/ol9_stig : Record Attempts to Alter Logon and Logout Events - tallylog - Add watch rule for /var/log/tallylog in /etc/audit/rules.d/] ***
skipping: [localhost]

TASK [/stigforge/roles/ol9_stig : Record Attempts to Alter Logon and Logout Events - tallylog - Check if watch rule for /var/log/tallylog already exists in /etc/audit/audit.rules] ***
skipping: [localhost]

TASK [/stigforge/roles/ol9_stig : Record Attempts to Alter Logon and Logout Events - tallylog - Add watch rule for /var/log/tallylog in /etc/audit/audit.rules] ***
skipping: [localhost]

TASK [/stigforge/roles/ol9_stig : Declare list of syscalls] ********************
skipping: [localhost]

TASK [/stigforge/roles/ol9_stig : Check existence of  in /etc/audit/rules.d/] ***
skipping: [localhost]

TASK [/stigforge/roles/ol9_stig : Reset syscalls found per file] ***************
skipping: [localhost]

TASK [/stigforge/roles/ol9_stig : Declare syscalls found per file] *************
skipping: [localhost]

TASK [/stigforge/roles/ol9_stig : Declare files where syscalls were found] *****
skipping: [localhost]

TASK [/stigforge/roles/ol9_stig : Count occurrences of syscalls in paths] ******
skipping: [localhost]

TASK [/stigforge/roles/ol9_stig : Get path with most syscalls] *****************
skipping: [localhost]

TASK [/stigforge/roles/ol9_stig : No file with syscall found, set path to /etc/audit/rules.d/privileged.rules] ***
skipping: [localhost]

TASK [/stigforge/roles/ol9_stig : Declare found syscalls] **********************
skipping: [localhost]

TASK [/stigforge/roles/ol9_stig : Declare missing syscalls] ********************
skipping: [localhost]

TASK [/stigforge/roles/ol9_stig : Replace the audit rule in {{ audit_file }}] ***
skipping: [localhost]

TASK [/stigforge/roles/ol9_stig : Add the audit rule to {{ audit_file }}] ******
skipping: [localhost]

TASK [/stigforge/roles/ol9_stig : Declare list of syscalls] ********************
skipping: [localhost]

TASK [/stigforge/roles/ol9_stig : Check existence of  in /etc/audit/audit.rules] ***
skipping: [localhost]

TASK [/stigforge/roles/ol9_stig : Set path to /etc/audit/audit.rules] **********
skipping: [localhost]

TASK [/stigforge/roles/ol9_stig : Declare found syscalls] **********************
skipping: [localhost]

TASK [/stigforge/roles/ol9_stig : Declare missing syscalls] ********************
skipping: [localhost]

TASK [/stigforge/roles/ol9_stig : Replace the audit rule in {{ audit_file }}] ***
skipping: [localhost]

TASK [/stigforge/roles/ol9_stig : Add the audit rule to {{ audit_file }}] ******
skipping: [localhost]

TASK [/stigforge/roles/ol9_stig : Declare list of syscalls] ********************
skipping: [localhost]

TASK [/stigforge/roles/ol9_stig : Check existence of  in /etc/audit/rules.d/] ***
skipping: [localhost]

TASK [/stigforge/roles/ol9_stig : Reset syscalls found per file] ***************
skipping: [localhost]

TASK [/stigforge/roles/ol9_stig : Declare syscalls found per file] *************
skipping: [localhost]

TASK [/stigforge/roles/ol9_stig : Declare files where syscalls were found] *****
skipping: [localhost]

TASK [/stigforge/roles/ol9_stig : Count occurrences of syscalls in paths] ******
skipping: [localhost]

TASK [/stigforge/roles/ol9_stig : Get path with most syscalls] *****************
skipping: [localhost]

TASK [/stigforge/roles/ol9_stig : No file with syscall found, set path to /etc/audit/rules.d/privileged.rules] ***
skipping: [localhost]

TASK [/stigforge/roles/ol9_stig : Declare found syscalls] **********************
skipping: [localhost]

TASK [/stigforge/roles/ol9_stig : Declare missing syscalls] ********************
skipping: [localhost]

TASK [/stigforge/roles/ol9_stig : Replace the audit rule in {{ audit_file }}] ***
skipping: [localhost]

TASK [/stigforge/roles/ol9_stig : Add the audit rule to {{ audit_file }}] ******
skipping: [localhost]

TASK [/stigforge/roles/ol9_stig : Declare list of syscalls] ********************
skipping: [localhost]

TASK [/stigforge/roles/ol9_stig : Check existence of  in /etc/audit/audit.rules] ***
skipping: [localhost]

TASK [/stigforge/roles/ol9_stig : Set path to /etc/audit/audit.rules] **********
skipping: [localhost]

TASK [/stigforge/roles/ol9_stig : Declare found syscalls] **********************
skipping: [localhost]

TASK [/stigforge/roles/ol9_stig : Declare missing syscalls] ********************
skipping: [localhost]

TASK [/stigforge/roles/ol9_stig : Replace the audit rule in {{ audit_file }}] ***
skipping: [localhost]

TASK [/stigforge/roles/ol9_stig : Add the audit rule to {{ audit_file }}] ******
skipping: [localhost]

TASK [/stigforge/roles/ol9_stig : Declare list of syscalls] ********************
skipping: [localhost]

TASK [/stigforge/roles/ol9_stig : Check existence of  in /etc/audit/rules.d/] ***
skipping: [localhost]

TASK [/stigforge/roles/ol9_stig : Reset syscalls found per file] ***************
skipping: [localhost]

TASK [/stigforge/roles/ol9_stig : Declare syscalls found per file] *************
skipping: [localhost]

TASK [/stigforge/roles/ol9_stig : Declare files where syscalls were found] *****
skipping: [localhost]

TASK [/stigforge/roles/ol9_stig : Count occurrences of syscalls in paths] ******
skipping: [localhost]

TASK [/stigforge/roles/ol9_stig : Get path with most syscalls] *****************
skipping: [localhost]

TASK [/stigforge/roles/ol9_stig : No file with syscall found, set path to /etc/audit/rules.d/privileged.rules] ***
skipping: [localhost]

TASK [/stigforge/roles/ol9_stig : Declare found syscalls] **********************
skipping: [localhost]

TASK [/stigforge/roles/ol9_stig : Declare missing syscalls] ********************
skipping: [localhost]

TASK [/stigforge/roles/ol9_stig : Replace the audit rule in {{ audit_file }}] ***
skipping: [localhost]

TASK [/stigforge/roles/ol9_stig : Add the audit rule to {{ audit_file }}] ******
skipping: [localhost]

TASK [/stigforge/roles/ol9_stig : Declare list of syscalls] ********************
skipping: [localhost]

TASK [/stigforge/roles/ol9_stig : Check existence of  in /etc/audit/audit.rules] ***
skipping: [localhost]

TASK [/stigforge/roles/ol9_stig : Set path to /etc/audit/audit.rules] **********
skipping: [localhost]

TASK [/stigforge/roles/ol9_stig : Declare found syscalls] **********************
skipping: [localhost]

TASK [/stigforge/roles/ol9_stig : Declare missing syscalls] ********************
skipping: [localhost]

TASK [/stigforge/roles/ol9_stig : Replace the audit rule in {{ audit_file }}] ***
skipping: [localhost]

TASK [/stigforge/roles/ol9_stig : Add the audit rule to {{ audit_file }}] ******
skipping: [localhost]

TASK [/stigforge/roles/ol9_stig : Declare list of syscalls] ********************
skipping: [localhost]

TASK [/stigforge/roles/ol9_stig : Check existence of  in /etc/audit/rules.d/] ***
skipping: [localhost]

TASK [/stigforge/roles/ol9_stig : Reset syscalls found per file] ***************
skipping: [localhost]

TASK [/stigforge/roles/ol9_stig : Declare syscalls found per file] *************
skipping: [localhost]

TASK [/stigforge/roles/ol9_stig : Declare files where syscalls were found] *****
skipping: [localhost]

TASK [/stigforge/roles/ol9_stig : Count occurrences of syscalls in paths] ******
skipping: [localhost]

TASK [/stigforge/roles/ol9_stig : Get path with most syscalls] *****************
skipping: [localhost]

TASK [/stigforge/roles/ol9_stig : No file with syscall found, set path to /etc/audit/rules.d/privileged.rules] ***
skipping: [localhost]

TASK [/stigforge/roles/ol9_stig : Declare found syscalls] **********************
skipping: [localhost]

TASK [/stigforge/roles/ol9_stig : Declare missing syscalls] ********************
skipping: [localhost]

TASK [/stigforge/roles/ol9_stig : Replace the audit rule in {{ audit_file }}] ***
skipping: [localhost]

TASK [/stigforge/roles/ol9_stig : Add the audit rule to {{ audit_file }}] ******
skipping: [localhost]

TASK [/stigforge/roles/ol9_stig : Declare list of syscalls] ********************
skipping: [localhost]

TASK [/stigforge/roles/ol9_stig : Check existence of  in /etc/audit/audit.rules] ***
skipping: [localhost]

TASK [/stigforge/roles/ol9_stig : Set path to /etc/audit/audit.rules] **********
skipping: [localhost]

TASK [/stigforge/roles/ol9_stig : Declare found syscalls] **********************
skipping: [localhost]

TASK [/stigforge/roles/ol9_stig : Declare missing syscalls] ********************
skipping: [localhost]

TASK [/stigforge/roles/ol9_stig : Replace the audit rule in {{ audit_file }}] ***
skipping: [localhost]

TASK [/stigforge/roles/ol9_stig : Add the audit rule to {{ audit_file }}] ******
skipping: [localhost]

TASK [/stigforge/roles/ol9_stig : Declare list of syscalls] ********************
skipping: [localhost]

TASK [/stigforge/roles/ol9_stig : Check existence of  in /etc/audit/rules.d/] ***
skipping: [localhost]

TASK [/stigforge/roles/ol9_stig : Reset syscalls found per file] ***************
skipping: [localhost]

TASK [/stigforge/roles/ol9_stig : Declare syscalls found per file] *************
skipping: [localhost]

TASK [/stigforge/roles/ol9_stig : Declare files where syscalls were found] *****
skipping: [localhost]

TASK [/stigforge/roles/ol9_stig : Count occurrences of syscalls in paths] ******
skipping: [localhost]

TASK [/stigforge/roles/ol9_stig : Get path with most syscalls] *****************
skipping: [localhost]

TASK [/stigforge/roles/ol9_stig : No file with syscall found, set path to /etc/audit/rules.d/privileged.rules] ***
skipping: [localhost]

TASK [/stigforge/roles/ol9_stig : Declare found syscalls] **********************
skipping: [localhost]

TASK [/stigforge/roles/ol9_stig : Declare missing syscalls] ********************
skipping: [localhost]

TASK [/stigforge/roles/ol9_stig : Replace the audit rule in {{ audit_file }}] ***
skipping: [localhost]

TASK [/stigforge/roles/ol9_stig : Add the audit rule to {{ audit_file }}] ******
skipping: [localhost]

TASK [/stigforge/roles/ol9_stig : Declare list of syscalls] ********************
skipping: [localhost]

TASK [/stigforge/roles/ol9_stig : Check existence of  in /etc/audit/audit.rules] ***
skipping: [localhost]

TASK [/stigforge/roles/ol9_stig : Set path to /etc/audit/audit.rules] **********
skipping: [localhost]

TASK [/stigforge/roles/ol9_stig : Declare found syscalls] **********************
skipping: [localhost]

TASK [/stigforge/roles/ol9_stig : Declare missing syscalls] ********************
skipping: [localhost]

TASK [/stigforge/roles/ol9_stig : Replace the audit rule in {{ audit_file }}] ***
skipping: [localhost]

TASK [/stigforge/roles/ol9_stig : Add the audit rule to {{ audit_file }}] ******
skipping: [localhost]

TASK [/stigforge/roles/ol9_stig : Declare list of syscalls] ********************
skipping: [localhost]

TASK [/stigforge/roles/ol9_stig : Check existence of  in /etc/audit/rules.d/] ***
skipping: [localhost]

TASK [/stigforge/roles/ol9_stig : Reset syscalls found per file] ***************
skipping: [localhost]

TASK [/stigforge/roles/ol9_stig : Declare syscalls found per file] *************
skipping: [localhost]

TASK [/stigforge/roles/ol9_stig : Declare files where syscalls were found] *****
skipping: [localhost]

TASK [/stigforge/roles/ol9_stig : Count occurrences of syscalls in paths] ******
skipping: [localhost]

TASK [/stigforge/roles/ol9_stig : Get path with most syscalls] *****************
skipping: [localhost]

TASK [/stigforge/roles/ol9_stig : No file with syscall found, set path to /etc/audit/rules.d/privileged.rules] ***
skipping: [localhost]

TASK [/stigforge/roles/ol9_stig : Declare found syscalls] **********************
skipping: [localhost]

TASK [/stigforge/roles/ol9_stig : Declare missing syscalls] ********************
skipping: [localhost]

TASK [/stigforge/roles/ol9_stig : Replace the audit rule in {{ audit_file }}] ***
skipping: [localhost]

TASK [/stigforge/roles/ol9_stig : Add the audit rule to {{ audit_file }}] ******
skipping: [localhost]

TASK [/stigforge/roles/ol9_stig : Declare list of syscalls] ********************
skipping: [localhost]

TASK [/stigforge/roles/ol9_stig : Check existence of  in /etc/audit/audit.rules] ***
skipping: [localhost]

TASK [/stigforge/roles/ol9_stig : Set path to /etc/audit/audit.rules] **********
skipping: [localhost]

TASK [/stigforge/roles/ol9_stig : Declare found syscalls] **********************
skipping: [localhost]

TASK [/stigforge/roles/ol9_stig : Declare missing syscalls] ********************
skipping: [localhost]

TASK [/stigforge/roles/ol9_stig : Replace the audit rule in {{ audit_file }}] ***
skipping: [localhost]

TASK [/stigforge/roles/ol9_stig : Add the audit rule to {{ audit_file }}] ******
skipping: [localhost]

TASK [/stigforge/roles/ol9_stig : Declare list of syscalls] ********************
skipping: [localhost]

TASK [/stigforge/roles/ol9_stig : Check existence of  in /etc/audit/rules.d/] ***
skipping: [localhost]

TASK [/stigforge/roles/ol9_stig : Reset syscalls found per file] ***************
skipping: [localhost]

TASK [/stigforge/roles/ol9_stig : Declare syscalls found per file] *************
skipping: [localhost]

TASK [/stigforge/roles/ol9_stig : Declare files where syscalls were found] *****
skipping: [localhost]

TASK [/stigforge/roles/ol9_stig : Count occurrences of syscalls in paths] ******
skipping: [localhost]

TASK [/stigforge/roles/ol9_stig : Get path with most syscalls] *****************
skipping: [localhost]

TASK [/stigforge/roles/ol9_stig : No file with syscall found, set path to /etc/audit/rules.d/privileged.rules] ***
skipping: [localhost]

TASK [/stigforge/roles/ol9_stig : Declare found syscalls] **********************
skipping: [localhost]

TASK [/stigforge/roles/ol9_stig : Declare missing syscalls] ********************
skipping: [localhost]

TASK [/stigforge/roles/ol9_stig : Replace the audit rule in {{ audit_file }}] ***
skipping: [localhost]

TASK [/stigforge/roles/ol9_stig : Add the audit rule to {{ audit_file }}] ******
skipping: [localhost]

TASK [/stigforge/roles/ol9_stig : Declare list of syscalls] ********************
skipping: [localhost]

TASK [/stigforge/roles/ol9_stig : Check existence of  in /etc/audit/audit.rules] ***
skipping: [localhost]

TASK [/stigforge/roles/ol9_stig : Set path to /etc/audit/audit.rules] **********
skipping: [localhost]

TASK [/stigforge/roles/ol9_stig : Declare found syscalls] **********************
skipping: [localhost]

TASK [/stigforge/roles/ol9_stig : Declare missing syscalls] ********************
skipping: [localhost]

TASK [/stigforge/roles/ol9_stig : Replace the audit rule in {{ audit_file }}] ***
skipping: [localhost]

TASK [/stigforge/roles/ol9_stig : Add the audit rule to {{ audit_file }}] ******
skipping: [localhost]

TASK [/stigforge/roles/ol9_stig : Declare list of syscalls] ********************
skipping: [localhost]

TASK [/stigforge/roles/ol9_stig : Check existence of  in /etc/audit/rules.d/] ***
skipping: [localhost]

TASK [/stigforge/roles/ol9_stig : Reset syscalls found per file] ***************
skipping: [localhost]

TASK [/stigforge/roles/ol9_stig : Declare syscalls found per file] *************
skipping: [localhost]

TASK [/stigforge/roles/ol9_stig : Declare files where syscalls were found] *****
skipping: [localhost]

TASK [/stigforge/roles/ol9_stig : Count occurrences of syscalls in paths] ******
skipping: [localhost]

TASK [/stigforge/roles/ol9_stig : Get path with most syscalls] *****************
skipping: [localhost]

TASK [/stigforge/roles/ol9_stig : No file with syscall found, set path to /etc/audit/rules.d/privileged.rules] ***
skipping: [localhost]

TASK [/stigforge/roles/ol9_stig : Declare found syscalls] **********************
skipping: [localhost]

TASK [/stigforge/roles/ol9_stig : Declare missing syscalls] ********************
skipping: [localhost]

TASK [/stigforge/roles/ol9_stig : Replace the audit rule in {{ audit_file }}] ***
skipping: [localhost]

TASK [/stigforge/roles/ol9_stig : Add the audit rule to {{ audit_file }}] ******
skipping: [localhost]

TASK [/stigforge/roles/ol9_stig : Declare list of syscalls] ********************
skipping: [localhost]

TASK [/stigforge/roles/ol9_stig : Check existence of  in /etc/audit/audit.rules] ***
skipping: [localhost]

TASK [/stigforge/roles/ol9_stig : Set path to /etc/audit/audit.rules] **********
skipping: [localhost]

TASK [/stigforge/roles/ol9_stig : Declare found syscalls] **********************
skipping: [localhost]

TASK [/stigforge/roles/ol9_stig : Declare missing syscalls] ********************
skipping: [localhost]

TASK [/stigforge/roles/ol9_stig : Replace the audit rule in {{ audit_file }}] ***
skipping: [localhost]

TASK [/stigforge/roles/ol9_stig : Add the audit rule to {{ audit_file }}] ******
skipping: [localhost]

TASK [/stigforge/roles/ol9_stig : Declare list of syscalls] ********************
skipping: [localhost]

TASK [/stigforge/roles/ol9_stig : Check existence of  in /etc/audit/rules.d/] ***
skipping: [localhost]

TASK [/stigforge/roles/ol9_stig : Reset syscalls found per file] ***************
skipping: [localhost]

TASK [/stigforge/roles/ol9_stig : Declare syscalls found per file] *************
skipping: [localhost]

TASK [/stigforge/roles/ol9_stig : Declare files where syscalls were found] *****
skipping: [localhost]

TASK [/stigforge/roles/ol9_stig : Count occurrences of syscalls in paths] ******
skipping: [localhost]

TASK [/stigforge/roles/ol9_stig : Get path with most syscalls] *****************
skipping: [localhost]

TASK [/stigforge/roles/ol9_stig : No file with syscall found, set path to /etc/audit/rules.d/privileged.rules] ***
skipping: [localhost]

TASK [/stigforge/roles/ol9_stig : Declare found syscalls] **********************
skipping: [localhost]

TASK [/stigforge/roles/ol9_stig : Declare missing syscalls] ********************
skipping: [localhost]

TASK [/stigforge/roles/ol9_stig : Replace the audit rule in {{ audit_file }}] ***
skipping: [localhost]

TASK [/stigforge/roles/ol9_stig : Add the audit rule to {{ audit_file }}] ******
skipping: [localhost]

TASK [/stigforge/roles/ol9_stig : Declare list of syscalls] ********************
skipping: [localhost]

TASK [/stigforge/roles/ol9_stig : Check existence of  in /etc/audit/audit.rules] ***
skipping: [localhost]

TASK [/stigforge/roles/ol9_stig : Set path to /etc/audit/audit.rules] **********
skipping: [localhost]

TASK [/stigforge/roles/ol9_stig : Declare found syscalls] **********************
skipping: [localhost]

TASK [/stigforge/roles/ol9_stig : Declare missing syscalls] ********************
skipping: [localhost]

TASK [/stigforge/roles/ol9_stig : Replace the audit rule in {{ audit_file }}] ***
skipping: [localhost]

TASK [/stigforge/roles/ol9_stig : Add the audit rule to {{ audit_file }}] ******
skipping: [localhost]

TASK [/stigforge/roles/ol9_stig : Declare list of syscalls] ********************
skipping: [localhost]

TASK [/stigforge/roles/ol9_stig : Check existence of  in /etc/audit/rules.d/] ***
skipping: [localhost]

TASK [/stigforge/roles/ol9_stig : Reset syscalls found per file] ***************
skipping: [localhost]

TASK [/stigforge/roles/ol9_stig : Declare syscalls found per file] *************
skipping: [localhost]

TASK [/stigforge/roles/ol9_stig : Declare files where syscalls were found] *****
skipping: [localhost]

TASK [/stigforge/roles/ol9_stig : Count occurrences of syscalls in paths] ******
skipping: [localhost]

TASK [/stigforge/roles/ol9_stig : Get path with most syscalls] *****************
skipping: [localhost]

TASK [/stigforge/roles/ol9_stig : No file with syscall found, set path to /etc/audit/rules.d/privileged.rules] ***
skipping: [localhost]

TASK [/stigforge/roles/ol9_stig : Declare found syscalls] **********************
skipping: [localhost]

TASK [/stigforge/roles/ol9_stig : Declare missing syscalls] ********************
skipping: [localhost]

TASK [/stigforge/roles/ol9_stig : Replace the audit rule in {{ audit_file }}] ***
skipping: [localhost]

TASK [/stigforge/roles/ol9_stig : Add the audit rule to {{ audit_file }}] ******
skipping: [localhost]

TASK [/stigforge/roles/ol9_stig : Declare list of syscalls] ********************
skipping: [localhost]

TASK [/stigforge/roles/ol9_stig : Check existence of  in /etc/audit/audit.rules] ***
skipping: [localhost]

TASK [/stigforge/roles/ol9_stig : Set path to /etc/audit/audit.rules] **********
skipping: [localhost]

TASK [/stigforge/roles/ol9_stig : Declare found syscalls] **********************
skipping: [localhost]

TASK [/stigforge/roles/ol9_stig : Declare missing syscalls] ********************
skipping: [localhost]

TASK [/stigforge/roles/ol9_stig : Replace the audit rule in {{ audit_file }}] ***
skipping: [localhost]

TASK [/stigforge/roles/ol9_stig : Add the audit rule to {{ audit_file }}] ******
skipping: [localhost]

TASK [/stigforge/roles/ol9_stig : Declare list of syscalls] ********************
skipping: [localhost]

TASK [/stigforge/roles/ol9_stig : Check existence of  in /etc/audit/rules.d/] ***
skipping: [localhost]

TASK [/stigforge/roles/ol9_stig : Reset syscalls found per file] ***************
skipping: [localhost]

TASK [/stigforge/roles/ol9_stig : Declare syscalls found per file] *************
skipping: [localhost]

TASK [/stigforge/roles/ol9_stig : Declare files where syscalls were found] *****
skipping: [localhost]

TASK [/stigforge/roles/ol9_stig : Count occurrences of syscalls in paths] ******
skipping: [localhost]

TASK [/stigforge/roles/ol9_stig : Get path with most syscalls] *****************
skipping: [localhost]

TASK [/stigforge/roles/ol9_stig : No file with syscall found, set path to /etc/audit/rules.d/privileged.rules] ***
skipping: [localhost]

TASK [/stigforge/roles/ol9_stig : Declare found syscalls] **********************
skipping: [localhost]

TASK [/stigforge/roles/ol9_stig : Declare missing syscalls] ********************
skipping: [localhost]

TASK [/stigforge/roles/ol9_stig : Replace the audit rule in {{ audit_file }}] ***
skipping: [localhost]

TASK [/stigforge/roles/ol9_stig : Add the audit rule to {{ audit_file }}] ******
skipping: [localhost]

TASK [/stigforge/roles/ol9_stig : Declare list of syscalls] ********************
skipping: [localhost]

TASK [/stigforge/roles/ol9_stig : Check existence of  in /etc/audit/audit.rules] ***
skipping: [localhost]

TASK [/stigforge/roles/ol9_stig : Set path to /etc/audit/audit.rules] **********
skipping: [localhost]

TASK [/stigforge/roles/ol9_stig : Declare found syscalls] **********************
skipping: [localhost]

TASK [/stigforge/roles/ol9_stig : Declare missing syscalls] ********************
skipping: [localhost]

TASK [/stigforge/roles/ol9_stig : Replace the audit rule in {{ audit_file }}] ***
skipping: [localhost]

TASK [/stigforge/roles/ol9_stig : Add the audit rule to {{ audit_file }}] ******
skipping: [localhost]

TASK [/stigforge/roles/ol9_stig : Declare list of syscalls] ********************
skipping: [localhost]

TASK [/stigforge/roles/ol9_stig : Check existence of  in /etc/audit/rules.d/] ***
skipping: [localhost]

TASK [/stigforge/roles/ol9_stig : Reset syscalls found per file] ***************
skipping: [localhost]

TASK [/stigforge/roles/ol9_stig : Declare syscalls found per file] *************
skipping: [localhost]

TASK [/stigforge/roles/ol9_stig : Declare files where syscalls were found] *****
skipping: [localhost]

TASK [/stigforge/roles/ol9_stig : Count occurrences of syscalls in paths] ******
skipping: [localhost]

TASK [/stigforge/roles/ol9_stig : Get path with most syscalls] *****************
skipping: [localhost]

TASK [/stigforge/roles/ol9_stig : No file with syscall found, set path to /etc/audit/rules.d/privileged.rules] ***
skipping: [localhost]

TASK [/stigforge/roles/ol9_stig : Declare found syscalls] **********************
skipping: [localhost]

TASK [/stigforge/roles/ol9_stig : Declare missing syscalls] ********************
skipping: [localhost]

TASK [/stigforge/roles/ol9_stig : Replace the audit rule in {{ audit_file }}] ***
skipping: [localhost]

TASK [/stigforge/roles/ol9_stig : Add the audit rule to {{ audit_file }}] ******
skipping: [localhost]

TASK [/stigforge/roles/ol9_stig : Declare list of syscalls] ********************
skipping: [localhost]

TASK [/stigforge/roles/ol9_stig : Check existence of  in /etc/audit/audit.rules] ***
skipping: [localhost]

TASK [/stigforge/roles/ol9_stig : Set path to /etc/audit/audit.rules] **********
skipping: [localhost]

TASK [/stigforge/roles/ol9_stig : Declare found syscalls] **********************
skipping: [localhost]

TASK [/stigforge/roles/ol9_stig : Declare missing syscalls] ********************
skipping: [localhost]

TASK [/stigforge/roles/ol9_stig : Replace the audit rule in {{ audit_file }}] ***
skipping: [localhost]

TASK [/stigforge/roles/ol9_stig : Add the audit rule to {{ audit_file }}] ******
skipping: [localhost]

TASK [/stigforge/roles/ol9_stig : Declare list of syscalls] ********************
skipping: [localhost]

TASK [/stigforge/roles/ol9_stig : Check existence of  in /etc/audit/rules.d/] ***
skipping: [localhost]

TASK [/stigforge/roles/ol9_stig : Reset syscalls found per file] ***************
skipping: [localhost]

TASK [/stigforge/roles/ol9_stig : Declare syscalls found per file] *************
skipping: [localhost]

TASK [/stigforge/roles/ol9_stig : Declare files where syscalls were found] *****
skipping: [localhost]

TASK [/stigforge/roles/ol9_stig : Count occurrences of syscalls in paths] ******
skipping: [localhost]

TASK [/stigforge/roles/ol9_stig : Get path with most syscalls] *****************
skipping: [localhost]

TASK [/stigforge/roles/ol9_stig : No file with syscall found, set path to /etc/audit/rules.d/privileged.rules] ***
skipping: [localhost]

TASK [/stigforge/roles/ol9_stig : Declare found syscalls] **********************
skipping: [localhost]

TASK [/stigforge/roles/ol9_stig : Declare missing syscalls] ********************
skipping: [localhost]

TASK [/stigforge/roles/ol9_stig : Replace the audit rule in {{ audit_file }}] ***
skipping: [localhost]

TASK [/stigforge/roles/ol9_stig : Add the audit rule to {{ audit_file }}] ******
skipping: [localhost]

TASK [/stigforge/roles/ol9_stig : Declare list of syscalls] ********************
skipping: [localhost]

TASK [/stigforge/roles/ol9_stig : Check existence of  in /etc/audit/audit.rules] ***
skipping: [localhost]

TASK [/stigforge/roles/ol9_stig : Set path to /etc/audit/audit.rules] **********
skipping: [localhost]

TASK [/stigforge/roles/ol9_stig : Declare found syscalls] **********************
skipping: [localhost]

TASK [/stigforge/roles/ol9_stig : Declare missing syscalls] ********************
skipping: [localhost]

TASK [/stigforge/roles/ol9_stig : Replace the audit rule in {{ audit_file }}] ***
skipping: [localhost]

TASK [/stigforge/roles/ol9_stig : Add the audit rule to {{ audit_file }}] ******
skipping: [localhost]

TASK [/stigforge/roles/ol9_stig : Declare list of syscalls] ********************
skipping: [localhost]

TASK [/stigforge/roles/ol9_stig : Check existence of  in /etc/audit/rules.d/] ***
skipping: [localhost]

TASK [/stigforge/roles/ol9_stig : Reset syscalls found per file] ***************
skipping: [localhost]

TASK [/stigforge/roles/ol9_stig : Declare syscalls found per file] *************
skipping: [localhost]

TASK [/stigforge/roles/ol9_stig : Declare files where syscalls were found] *****
skipping: [localhost]

TASK [/stigforge/roles/ol9_stig : Count occurrences of syscalls in paths] ******
skipping: [localhost]

TASK [/stigforge/roles/ol9_stig : Get path with most syscalls] *****************
skipping: [localhost]

TASK [/stigforge/roles/ol9_stig : No file with syscall found, set path to /etc/audit/rules.d/privileged.rules] ***
skipping: [localhost]

TASK [/stigforge/roles/ol9_stig : Declare found syscalls] **********************
skipping: [localhost]

TASK [/stigforge/roles/ol9_stig : Declare missing syscalls] ********************
skipping: [localhost]

TASK [/stigforge/roles/ol9_stig : Replace the audit rule in {{ audit_file }}] ***
skipping: [localhost]

TASK [/stigforge/roles/ol9_stig : Add the audit rule to {{ audit_file }}] ******
skipping: [localhost]

TASK [/stigforge/roles/ol9_stig : Declare list of syscalls] ********************
skipping: [localhost]

TASK [/stigforge/roles/ol9_stig : Check existence of  in /etc/audit/audit.rules] ***
skipping: [localhost]

TASK [/stigforge/roles/ol9_stig : Set path to /etc/audit/audit.rules] **********
skipping: [localhost]

TASK [/stigforge/roles/ol9_stig : Declare found syscalls] **********************
skipping: [localhost]

TASK [/stigforge/roles/ol9_stig : Declare missing syscalls] ********************
skipping: [localhost]

TASK [/stigforge/roles/ol9_stig : Replace the audit rule in {{ audit_file }}] ***
skipping: [localhost]

TASK [/stigforge/roles/ol9_stig : Add the audit rule to {{ audit_file }}] ******
skipping: [localhost]

TASK [/stigforge/roles/ol9_stig : Declare list of syscalls] ********************
skipping: [localhost]

TASK [/stigforge/roles/ol9_stig : Check existence of  in /etc/audit/rules.d/] ***
skipping: [localhost]

TASK [/stigforge/roles/ol9_stig : Reset syscalls found per file] ***************
skipping: [localhost]

TASK [/stigforge/roles/ol9_stig : Declare syscalls found per file] *************
skipping: [localhost]

TASK [/stigforge/roles/ol9_stig : Declare files where syscalls were found] *****
skipping: [localhost]

TASK [/stigforge/roles/ol9_stig : Count occurrences of syscalls in paths] ******
skipping: [localhost]

TASK [/stigforge/roles/ol9_stig : Get path with most syscalls] *****************
skipping: [localhost]

TASK [/stigforge/roles/ol9_stig : No file with syscall found, set path to /etc/audit/rules.d/privileged.rules] ***
skipping: [localhost]

TASK [/stigforge/roles/ol9_stig : Declare found syscalls] **********************
skipping: [localhost]

TASK [/stigforge/roles/ol9_stig : Declare missing syscalls] ********************
skipping: [localhost]

TASK [/stigforge/roles/ol9_stig : Replace the audit rule in {{ audit_file }}] ***
skipping: [localhost]

TASK [/stigforge/roles/ol9_stig : Add the audit rule to {{ audit_file }}] ******
skipping: [localhost]

TASK [/stigforge/roles/ol9_stig : Declare list of syscalls] ********************
skipping: [localhost]

TASK [/stigforge/roles/ol9_stig : Check existence of  in /etc/audit/audit.rules] ***
skipping: [localhost]

TASK [/stigforge/roles/ol9_stig : Set path to /etc/audit/audit.rules] **********
skipping: [localhost]

TASK [/stigforge/roles/ol9_stig : Declare found syscalls] **********************
skipping: [localhost]

TASK [/stigforge/roles/ol9_stig : Declare missing syscalls] ********************
skipping: [localhost]

TASK [/stigforge/roles/ol9_stig : Replace the audit rule in {{ audit_file }}] ***
skipping: [localhost]

TASK [/stigforge/roles/ol9_stig : Add the audit rule to {{ audit_file }}] ******
skipping: [localhost]

TASK [/stigforge/roles/ol9_stig : Declare list of syscalls] ********************
skipping: [localhost]

TASK [/stigforge/roles/ol9_stig : Check existence of  in /etc/audit/rules.d/] ***
skipping: [localhost]

TASK [/stigforge/roles/ol9_stig : Reset syscalls found per file] ***************
skipping: [localhost]

TASK [/stigforge/roles/ol9_stig : Declare syscalls found per file] *************
skipping: [localhost]

TASK [/stigforge/roles/ol9_stig : Declare files where syscalls were found] *****
skipping: [localhost]

TASK [/stigforge/roles/ol9_stig : Count occurrences of syscalls in paths] ******
skipping: [localhost]

TASK [/stigforge/roles/ol9_stig : Get path with most syscalls] *****************
skipping: [localhost]

TASK [/stigforge/roles/ol9_stig : No file with syscall found, set path to /etc/audit/rules.d/privileged.rules] ***
skipping: [localhost]

TASK [/stigforge/roles/ol9_stig : Declare found syscalls] **********************
skipping: [localhost]

TASK [/stigforge/roles/ol9_stig : Declare missing syscalls] ********************
skipping: [localhost]

TASK [/stigforge/roles/ol9_stig : Replace the audit rule in {{ audit_file }}] ***
skipping: [localhost]

TASK [/stigforge/roles/ol9_stig : Add the audit rule to {{ audit_file }}] ******
skipping: [localhost]

TASK [/stigforge/roles/ol9_stig : Declare list of syscalls] ********************
skipping: [localhost]

TASK [/stigforge/roles/ol9_stig : Check existence of  in /etc/audit/audit.rules] ***
skipping: [localhost]

TASK [/stigforge/roles/ol9_stig : Set path to /etc/audit/audit.rules] **********
skipping: [localhost]

TASK [/stigforge/roles/ol9_stig : Declare found syscalls] **********************
skipping: [localhost]

TASK [/stigforge/roles/ol9_stig : Declare missing syscalls] ********************
skipping: [localhost]

TASK [/stigforge/roles/ol9_stig : Replace the audit rule in {{ audit_file }}] ***
skipping: [localhost]

TASK [/stigforge/roles/ol9_stig : Add the audit rule to {{ audit_file }}] ******
skipping: [localhost]

TASK [/stigforge/roles/ol9_stig : Declare list of syscalls] ********************
skipping: [localhost]

TASK [/stigforge/roles/ol9_stig : Check existence of  in /etc/audit/rules.d/] ***
skipping: [localhost]

TASK [/stigforge/roles/ol9_stig : Reset syscalls found per file] ***************
skipping: [localhost]

TASK [/stigforge/roles/ol9_stig : Declare syscalls found per file] *************
skipping: [localhost]

TASK [/stigforge/roles/ol9_stig : Declare files where syscalls were found] *****
skipping: [localhost]

TASK [/stigforge/roles/ol9_stig : Count occurrences of syscalls in paths] ******
skipping: [localhost]

TASK [/stigforge/roles/ol9_stig : Get path with most syscalls] *****************
skipping: [localhost]

TASK [/stigforge/roles/ol9_stig : No file with syscall found, set path to /etc/audit/rules.d/privileged.rules] ***
skipping: [localhost]

TASK [/stigforge/roles/ol9_stig : Declare found syscalls] **********************
skipping: [localhost]

TASK [/stigforge/roles/ol9_stig : Declare missing syscalls] ********************
skipping: [localhost]

TASK [/stigforge/roles/ol9_stig : Replace the audit rule in {{ audit_file }}] ***
skipping: [localhost]

TASK [/stigforge/roles/ol9_stig : Add the audit rule to {{ audit_file }}] ******
skipping: [localhost]

TASK [/stigforge/roles/ol9_stig : Declare list of syscalls] ********************
skipping: [localhost]

TASK [/stigforge/roles/ol9_stig : Check existence of  in /etc/audit/audit.rules] ***
skipping: [localhost]

TASK [/stigforge/roles/ol9_stig : Set path to /etc/audit/audit.rules] **********
skipping: [localhost]

TASK [/stigforge/roles/ol9_stig : Declare found syscalls] **********************
skipping: [localhost]

TASK [/stigforge/roles/ol9_stig : Declare missing syscalls] ********************
skipping: [localhost]

TASK [/stigforge/roles/ol9_stig : Replace the audit rule in {{ audit_file }}] ***
skipping: [localhost]

TASK [/stigforge/roles/ol9_stig : Add the audit rule to {{ audit_file }}] ******
skipping: [localhost]

TASK [/stigforge/roles/ol9_stig : Declare list of syscalls] ********************
skipping: [localhost]

TASK [/stigforge/roles/ol9_stig : Check existence of  in /etc/audit/rules.d/] ***
skipping: [localhost]

TASK [/stigforge/roles/ol9_stig : Reset syscalls found per file] ***************
skipping: [localhost]

TASK [/stigforge/roles/ol9_stig : Declare syscalls found per file] *************
skipping: [localhost]

TASK [/stigforge/roles/ol9_stig : Declare files where syscalls were found] *****
skipping: [localhost]

TASK [/stigforge/roles/ol9_stig : Count occurrences of syscalls in paths] ******
skipping: [localhost]

TASK [/stigforge/roles/ol9_stig : Get path with most syscalls] *****************
skipping: [localhost]

TASK [/stigforge/roles/ol9_stig : No file with syscall found, set path to /etc/audit/rules.d/privileged.rules] ***
skipping: [localhost]

TASK [/stigforge/roles/ol9_stig : Declare found syscalls] **********************
skipping: [localhost]

TASK [/stigforge/roles/ol9_stig : Declare missing syscalls] ********************
skipping: [localhost]

TASK [/stigforge/roles/ol9_stig : Replace the audit rule in {{ audit_file }}] ***
skipping: [localhost]

TASK [/stigforge/roles/ol9_stig : Add the audit rule to {{ audit_file }}] ******
skipping: [localhost]

TASK [/stigforge/roles/ol9_stig : Declare list of syscalls] ********************
skipping: [localhost]

TASK [/stigforge/roles/ol9_stig : Check existence of  in /etc/audit/audit.rules] ***
skipping: [localhost]

TASK [/stigforge/roles/ol9_stig : Set path to /etc/audit/audit.rules] **********
skipping: [localhost]

TASK [/stigforge/roles/ol9_stig : Declare found syscalls] **********************
skipping: [localhost]

TASK [/stigforge/roles/ol9_stig : Declare missing syscalls] ********************
skipping: [localhost]

TASK [/stigforge/roles/ol9_stig : Replace the audit rule in {{ audit_file }}] ***
skipping: [localhost]

TASK [/stigforge/roles/ol9_stig : Add the audit rule to {{ audit_file }}] ******
skipping: [localhost]

TASK [/stigforge/roles/ol9_stig : Declare list of syscalls] ********************
skipping: [localhost]

TASK [/stigforge/roles/ol9_stig : Check existence of  in /etc/audit/rules.d/] ***
skipping: [localhost]

TASK [/stigforge/roles/ol9_stig : Reset syscalls found per file] ***************
skipping: [localhost]

TASK [/stigforge/roles/ol9_stig : Declare syscalls found per file] *************
skipping: [localhost]

TASK [/stigforge/roles/ol9_stig : Declare files where syscalls were found] *****
skipping: [localhost]

TASK [/stigforge/roles/ol9_stig : Count occurrences of syscalls in paths] ******
skipping: [localhost]

TASK [/stigforge/roles/ol9_stig : Get path with most syscalls] *****************
skipping: [localhost]

TASK [/stigforge/roles/ol9_stig : No file with syscall found, set path to /etc/audit/rules.d/privileged.rules] ***
skipping: [localhost]

TASK [/stigforge/roles/ol9_stig : Declare found syscalls] **********************
skipping: [localhost]

TASK [/stigforge/roles/ol9_stig : Declare missing syscalls] ********************
skipping: [localhost]

TASK [/stigforge/roles/ol9_stig : Replace the audit rule in {{ audit_file }}] ***
skipping: [localhost]

TASK [/stigforge/roles/ol9_stig : Add the audit rule to {{ audit_file }}] ******
skipping: [localhost]

TASK [/stigforge/roles/ol9_stig : Declare list of syscalls] ********************
skipping: [localhost]

TASK [/stigforge/roles/ol9_stig : Check existence of  in /etc/audit/audit.rules] ***
skipping: [localhost]

TASK [/stigforge/roles/ol9_stig : Set path to /etc/audit/audit.rules] **********
skipping: [localhost]

TASK [/stigforge/roles/ol9_stig : Declare found syscalls] **********************
skipping: [localhost]

TASK [/stigforge/roles/ol9_stig : Declare missing syscalls] ********************
skipping: [localhost]

TASK [/stigforge/roles/ol9_stig : Replace the audit rule in {{ audit_file }}] ***
skipping: [localhost]

TASK [/stigforge/roles/ol9_stig : Add the audit rule to {{ audit_file }}] ******
skipping: [localhost]

TASK [/stigforge/roles/ol9_stig : Declare list of syscalls] ********************
skipping: [localhost]

TASK [/stigforge/roles/ol9_stig : Check existence of  in /etc/audit/rules.d/] ***
skipping: [localhost]

TASK [/stigforge/roles/ol9_stig : Reset syscalls found per file] ***************
skipping: [localhost]

TASK [/stigforge/roles/ol9_stig : Declare syscalls found per file] *************
skipping: [localhost]

TASK [/stigforge/roles/ol9_stig : Declare files where syscalls were found] *****
skipping: [localhost]

TASK [/stigforge/roles/ol9_stig : Count occurrences of syscalls in paths] ******
skipping: [localhost]

TASK [/stigforge/roles/ol9_stig : Get path with most syscalls] *****************
skipping: [localhost]

TASK [/stigforge/roles/ol9_stig : No file with syscall found, set path to /etc/audit/rules.d/privileged.rules] ***
skipping: [localhost]

TASK [/stigforge/roles/ol9_stig : Declare found syscalls] **********************
skipping: [localhost]

TASK [/stigforge/roles/ol9_stig : Declare missing syscalls] ********************
skipping: [localhost]

TASK [/stigforge/roles/ol9_stig : Replace the audit rule in {{ audit_file }}] ***
skipping: [localhost]

TASK [/stigforge/roles/ol9_stig : Add the audit rule to {{ audit_file }}] ******
skipping: [localhost]

TASK [/stigforge/roles/ol9_stig : Declare list of syscalls] ********************
skipping: [localhost]

TASK [/stigforge/roles/ol9_stig : Check existence of  in /etc/audit/audit.rules] ***
skipping: [localhost]

TASK [/stigforge/roles/ol9_stig : Set path to /etc/audit/audit.rules] **********
skipping: [localhost]

TASK [/stigforge/roles/ol9_stig : Declare found syscalls] **********************
skipping: [localhost]

TASK [/stigforge/roles/ol9_stig : Declare missing syscalls] ********************
skipping: [localhost]

TASK [/stigforge/roles/ol9_stig : Replace the audit rule in {{ audit_file }}] ***
skipping: [localhost]

TASK [/stigforge/roles/ol9_stig : Add the audit rule to {{ audit_file }}] ******
skipping: [localhost]

TASK [/stigforge/roles/ol9_stig : Declare list of syscalls] ********************
skipping: [localhost]

TASK [/stigforge/roles/ol9_stig : Check existence of  in /etc/audit/rules.d/] ***
skipping: [localhost]

TASK [/stigforge/roles/ol9_stig : Reset syscalls found per file] ***************
skipping: [localhost]

TASK [/stigforge/roles/ol9_stig : Declare syscalls found per file] *************
skipping: [localhost]

TASK [/stigforge/roles/ol9_stig : Declare files where syscalls were found] *****
skipping: [localhost]

TASK [/stigforge/roles/ol9_stig : Count occurrences of syscalls in paths] ******
skipping: [localhost]

TASK [/stigforge/roles/ol9_stig : Get path with most syscalls] *****************
skipping: [localhost]

TASK [/stigforge/roles/ol9_stig : No file with syscall found, set path to /etc/audit/rules.d/privileged.rules] ***
skipping: [localhost]

TASK [/stigforge/roles/ol9_stig : Declare found syscalls] **********************
skipping: [localhost]

TASK [/stigforge/roles/ol9_stig : Declare missing syscalls] ********************
skipping: [localhost]

TASK [/stigforge/roles/ol9_stig : Replace the audit rule in {{ audit_file }}] ***
skipping: [localhost]

TASK [/stigforge/roles/ol9_stig : Add the audit rule to {{ audit_file }}] ******
skipping: [localhost]

TASK [/stigforge/roles/ol9_stig : Declare list of syscalls] ********************
skipping: [localhost]

TASK [/stigforge/roles/ol9_stig : Check existence of  in /etc/audit/audit.rules] ***
skipping: [localhost]

TASK [/stigforge/roles/ol9_stig : Set path to /etc/audit/audit.rules] **********
skipping: [localhost]

TASK [/stigforge/roles/ol9_stig : Declare found syscalls] **********************
skipping: [localhost]

TASK [/stigforge/roles/ol9_stig : Declare missing syscalls] ********************
skipping: [localhost]

TASK [/stigforge/roles/ol9_stig : Replace the audit rule in {{ audit_file }}] ***
skipping: [localhost]

TASK [/stigforge/roles/ol9_stig : Add the audit rule to {{ audit_file }}] ******
skipping: [localhost]

TASK [/stigforge/roles/ol9_stig : Declare list of syscalls] ********************
skipping: [localhost]

TASK [/stigforge/roles/ol9_stig : Check existence of  in /etc/audit/rules.d/] ***
skipping: [localhost]

TASK [/stigforge/roles/ol9_stig : Reset syscalls found per file] ***************
skipping: [localhost]

TASK [/stigforge/roles/ol9_stig : Declare syscalls found per file] *************
skipping: [localhost]

TASK [/stigforge/roles/ol9_stig : Declare files where syscalls were found] *****
skipping: [localhost]

TASK [/stigforge/roles/ol9_stig : Count occurrences of syscalls in paths] ******
skipping: [localhost]

TASK [/stigforge/roles/ol9_stig : Get path with most syscalls] *****************
skipping: [localhost]

TASK [/stigforge/roles/ol9_stig : No file with syscall found, set path to /etc/audit/rules.d/privileged.rules] ***
skipping: [localhost]

TASK [/stigforge/roles/ol9_stig : Declare found syscalls] **********************
skipping: [localhost]

TASK [/stigforge/roles/ol9_stig : Declare missing syscalls] ********************
skipping: [localhost]

TASK [/stigforge/roles/ol9_stig : Replace the audit rule in {{ audit_file }}] ***
skipping: [localhost]

TASK [/stigforge/roles/ol9_stig : Add the audit rule to {{ audit_file }}] ******
skipping: [localhost]

TASK [/stigforge/roles/ol9_stig : Declare list of syscalls] ********************
skipping: [localhost]

TASK [/stigforge/roles/ol9_stig : Check existence of  in /etc/audit/audit.rules] ***
skipping: [localhost]

TASK [/stigforge/roles/ol9_stig : Set path to /etc/audit/audit.rules] **********
skipping: [localhost]

TASK [/stigforge/roles/ol9_stig : Declare found syscalls] **********************
skipping: [localhost]

TASK [/stigforge/roles/ol9_stig : Declare missing syscalls] ********************
skipping: [localhost]

TASK [/stigforge/roles/ol9_stig : Replace the audit rule in {{ audit_file }}] ***
skipping: [localhost]

TASK [/stigforge/roles/ol9_stig : Add the audit rule to {{ audit_file }}] ******
skipping: [localhost]

TASK [/stigforge/roles/ol9_stig : Declare list of syscalls] ********************
skipping: [localhost]

TASK [/stigforge/roles/ol9_stig : Check existence of  in /etc/audit/rules.d/] ***
skipping: [localhost]

TASK [/stigforge/roles/ol9_stig : Reset syscalls found per file] ***************
skipping: [localhost]

TASK [/stigforge/roles/ol9_stig : Declare syscalls found per file] *************
skipping: [localhost]

TASK [/stigforge/roles/ol9_stig : Declare files where syscalls were found] *****
skipping: [localhost]

TASK [/stigforge/roles/ol9_stig : Count occurrences of syscalls in paths] ******
skipping: [localhost]

TASK [/stigforge/roles/ol9_stig : Get path with most syscalls] *****************
skipping: [localhost]

TASK [/stigforge/roles/ol9_stig : No file with syscall found, set path to /etc/audit/rules.d/privileged.rules] ***
skipping: [localhost]

TASK [/stigforge/roles/ol9_stig : Declare found syscalls] **********************
skipping: [localhost]

TASK [/stigforge/roles/ol9_stig : Declare missing syscalls] ********************
skipping: [localhost]

TASK [/stigforge/roles/ol9_stig : Replace the audit rule in {{ audit_file }}] ***
skipping: [localhost]

TASK [/stigforge/roles/ol9_stig : Add the audit rule to {{ audit_file }}] ******
skipping: [localhost]

TASK [/stigforge/roles/ol9_stig : Declare list of syscalls] ********************
skipping: [localhost]

TASK [/stigforge/roles/ol9_stig : Check existence of  in /etc/audit/audit.rules] ***
skipping: [localhost]

TASK [/stigforge/roles/ol9_stig : Set path to /etc/audit/audit.rules] **********
skipping: [localhost]

TASK [/stigforge/roles/ol9_stig : Declare found syscalls] **********************
skipping: [localhost]

TASK [/stigforge/roles/ol9_stig : Declare missing syscalls] ********************
skipping: [localhost]

TASK [/stigforge/roles/ol9_stig : Replace the audit rule in {{ audit_file }}] ***
skipping: [localhost]

TASK [/stigforge/roles/ol9_stig : Add the audit rule to {{ audit_file }}] ******
skipping: [localhost]

TASK [/stigforge/roles/ol9_stig : Declare list of syscalls] ********************
skipping: [localhost]

TASK [/stigforge/roles/ol9_stig : Check existence of  in /etc/audit/rules.d/] ***
skipping: [localhost]

TASK [/stigforge/roles/ol9_stig : Reset syscalls found per file] ***************
skipping: [localhost]

TASK [/stigforge/roles/ol9_stig : Declare syscalls found per file] *************
skipping: [localhost]

TASK [/stigforge/roles/ol9_stig : Declare files where syscalls were found] *****
skipping: [localhost]

TASK [/stigforge/roles/ol9_stig : Count occurrences of syscalls in paths] ******
skipping: [localhost]

TASK [/stigforge/roles/ol9_stig : Get path with most syscalls] *****************
skipping: [localhost]

TASK [/stigforge/roles/ol9_stig : No file with syscall found, set path to /etc/audit/rules.d/privileged.rules] ***
skipping: [localhost]

TASK [/stigforge/roles/ol9_stig : Declare found syscalls] **********************
skipping: [localhost]

TASK [/stigforge/roles/ol9_stig : Declare missing syscalls] ********************
skipping: [localhost]

TASK [/stigforge/roles/ol9_stig : Replace the audit rule in {{ audit_file }}] ***
skipping: [localhost]

TASK [/stigforge/roles/ol9_stig : Add the audit rule to {{ audit_file }}] ******
skipping: [localhost]

TASK [/stigforge/roles/ol9_stig : Declare list of syscalls] ********************
skipping: [localhost]

TASK [/stigforge/roles/ol9_stig : Check existence of  in /etc/audit/audit.rules] ***
skipping: [localhost]

TASK [/stigforge/roles/ol9_stig : Set path to /etc/audit/audit.rules] **********
skipping: [localhost]

TASK [/stigforge/roles/ol9_stig : Declare found syscalls] **********************
skipping: [localhost]

TASK [/stigforge/roles/ol9_stig : Declare missing syscalls] ********************
skipping: [localhost]

TASK [/stigforge/roles/ol9_stig : Replace the audit rule in {{ audit_file }}] ***
skipping: [localhost]

TASK [/stigforge/roles/ol9_stig : Add the audit rule to {{ audit_file }}] ******
skipping: [localhost]

TASK [/stigforge/roles/ol9_stig : Declare list of syscalls] ********************
skipping: [localhost]

TASK [/stigforge/roles/ol9_stig : Check existence of  in /etc/audit/rules.d/] ***
skipping: [localhost]

TASK [/stigforge/roles/ol9_stig : Reset syscalls found per file] ***************
skipping: [localhost]

TASK [/stigforge/roles/ol9_stig : Declare syscalls found per file] *************
skipping: [localhost]

TASK [/stigforge/roles/ol9_stig : Declare files where syscalls were found] *****
skipping: [localhost]

TASK [/stigforge/roles/ol9_stig : Count occurrences of syscalls in paths] ******
skipping: [localhost]

TASK [/stigforge/roles/ol9_stig : Get path with most syscalls] *****************
skipping: [localhost]

TASK [/stigforge/roles/ol9_stig : No file with syscall found, set path to /etc/audit/rules.d/privileged.rules] ***
skipping: [localhost]

TASK [/stigforge/roles/ol9_stig : Declare found syscalls] **********************
skipping: [localhost]

TASK [/stigforge/roles/ol9_stig : Declare missing syscalls] ********************
skipping: [localhost]

TASK [/stigforge/roles/ol9_stig : Replace the audit rule in {{ audit_file }}] ***
skipping: [localhost]

TASK [/stigforge/roles/ol9_stig : Add the audit rule to {{ audit_file }}] ******
skipping: [localhost]

TASK [/stigforge/roles/ol9_stig : Declare list of syscalls] ********************
skipping: [localhost]

TASK [/stigforge/roles/ol9_stig : Check existence of  in /etc/audit/audit.rules] ***
skipping: [localhost]

TASK [/stigforge/roles/ol9_stig : Set path to /etc/audit/audit.rules] **********
skipping: [localhost]

TASK [/stigforge/roles/ol9_stig : Declare found syscalls] **********************
skipping: [localhost]

TASK [/stigforge/roles/ol9_stig : Declare missing syscalls] ********************
skipping: [localhost]

TASK [/stigforge/roles/ol9_stig : Replace the audit rule in {{ audit_file }}] ***
skipping: [localhost]

TASK [/stigforge/roles/ol9_stig : Add the audit rule to {{ audit_file }}] ******
skipping: [localhost]

TASK [/stigforge/roles/ol9_stig : Enable syslog plugin] ************************
skipping: [localhost]

TASK [/stigforge/roles/ol9_stig : Configure auditd Disk Error Action on Disk Error] ***
skipping: [localhost]

TASK [/stigforge/roles/ol9_stig : Configure auditd Disk Full Action when Disk Space Is Full] ***
skipping: [localhost]

TASK [/stigforge/roles/ol9_stig : Configure auditd mail_acct Action on Low Disk Space - Configure auditd mail_acct Action on Low Disk Space] ***
skipping: [localhost]

TASK [/stigforge/roles/ol9_stig : Configure auditd admin_space_left Action on Low Disk Space] ***
skipping: [localhost]

TASK [/stigforge/roles/ol9_stig : Configure auditd admin_space_left on Low Disk Space] ***
skipping: [localhost]

TASK [/stigforge/roles/ol9_stig : Configure auditd max_log_file_action Upon Reaching Maximum Log Size] ***
skipping: [localhost]

TASK [/stigforge/roles/ol9_stig : Configure auditd space_left Action on Low Disk Space] ***
skipping: [localhost]

TASK [/stigforge/roles/ol9_stig : Configure auditd space_left on Low Disk Space] ***
skipping: [localhost]

TASK [/stigforge/roles/ol9_stig : Check for duplicate values] ******************
skipping: [localhost]

TASK [/stigforge/roles/ol9_stig : Deduplicate values from /etc/audit/auditd.conf] ***
skipping: [localhost]

TASK [/stigforge/roles/ol9_stig : Insert correct line to /etc/audit/auditd.conf] ***
skipping: [localhost]

TASK [/stigforge/roles/ol9_stig : Check for duplicate values] ******************
skipping: [localhost]

TASK [/stigforge/roles/ol9_stig : Deduplicate values from /etc/audit/auditd.conf] ***
skipping: [localhost]

TASK [/stigforge/roles/ol9_stig : Insert correct line to /etc/audit/auditd.conf] ***
skipping: [localhost]

TASK [/stigforge/roles/ol9_stig : Check for duplicate values] ******************
skipping: [localhost]

TASK [/stigforge/roles/ol9_stig : Deduplicate values from /etc/audit/auditd.conf] ***
skipping: [localhost]

TASK [/stigforge/roles/ol9_stig : Insert correct line to /etc/audit/auditd.conf] ***
skipping: [localhost]

TASK [/stigforge/roles/ol9_stig : Set type of computer node name logging in audit logs - Define Value to Be Used in the Remediation] ***
skipping: [localhost]

TASK [/stigforge/roles/ol9_stig : Check for duplicate values] ******************
skipping: [localhost]

TASK [/stigforge/roles/ol9_stig : Deduplicate values from /etc/audit/auditd.conf] ***
skipping: [localhost]

TASK [/stigforge/roles/ol9_stig : Insert correct line to /etc/audit/auditd.conf] ***
skipping: [localhost]

TASK [/stigforge/roles/ol9_stig : Check for duplicate values] ******************
skipping: [localhost]

TASK [/stigforge/roles/ol9_stig : Deduplicate values from /etc/audit/auditd.conf] ***
skipping: [localhost]

TASK [/stigforge/roles/ol9_stig : Insert correct line to /etc/audit/auditd.conf] ***
skipping: [localhost]

TASK [/stigforge/roles/ol9_stig : Check for duplicate values] ******************
skipping: [localhost]

TASK [/stigforge/roles/ol9_stig : Deduplicate values from /etc/audit/auditd.conf] ***
skipping: [localhost]

TASK [/stigforge/roles/ol9_stig : Insert correct line to /etc/audit/auditd.conf] ***
skipping: [localhost]

TASK [/stigforge/roles/ol9_stig : Test for existence /etc/audit/auditd.conf] ***
skipping: [localhost]

TASK [/stigforge/roles/ol9_stig : Ensure permission u-xs,g-xws,o-xwrt on /etc/audit/auditd.conf] ***
skipping: [localhost]

TASK [/stigforge/roles/ol9_stig : Find /etc/audit/rules.d/ file(s)] ************
skipping: [localhost]

TASK [/stigforge/roles/ol9_stig : Set permissions for /etc/audit/rules.d/ file(s)] ***
skipping: [localhost]

PLAY RECAP *********************************************************************
localhost                  : ok=424  changed=48   unreachable=0    failed=0    skipped=3175 rescued=33   ignored=0   

